"Project","ConfigType","Member","DataType","DefaultExpression","File","Line"
"plugin-core","TimedDungeonConfig","Open","bool","","plugin-source/v10-source-restoration/TimedDungeonService.cs","814"
"plugin-core","TimedDungeonConfig","Rules","List<TimedDungeonRule>","new List<TimedDungeonRule>()","plugin-source/v10-source-restoration/TimedDungeonService.cs","815"
"plugin-model","MainConfig","内置授权服务器地址编码","string","""aHR0cDovLzEyNC43MS4yMzYuNzE6NTE4MA==""","plugin-source/v10-source-restoration-lk/MainConfig.cs","5"
"plugin-model","MainConfig","私有授权地址","string","string.Empty","plugin-source/v10-source-restoration-lk/MainConfig.cs","22"
"plugin-model","MainConfig","卡密","string","string.Empty","plugin-source/v10-source-restoration-lk/MainConfig.cs","24"
"plugin-model","MainConfig","管理员账号","string","""admin""","plugin-source/v10-source-restoration-lk/MainConfig.cs","26"
"plugin-model","MainConfig","管理员密码","string","""123456""","plugin-source/v10-source-restoration-lk/MainConfig.cs","28"
"plugin-model","MainConfig","后台管理端口","ushort","43210","plugin-source/v10-source-restoration-lk/MainConfig.cs","30"
"plugin-model","MainConfig","插件IP","string","string.Empty","plugin-source/v10-source-restoration-lk/MainConfig.cs","32"
"plugin-model","MainConfig","游戏IP","string","string.Empty","plugin-source/v10-source-restoration-lk/MainConfig.cs","34"
"plugin-model","MainConfig","游戏密码","string","string.Empty","plugin-source/v10-source-restoration-lk/MainConfig.cs","36"
"plugin-model","MainConfig","Mysql账号","string","""root""","plugin-source/v10-source-restoration-lk/MainConfig.cs","38"
"plugin-model","MainConfig","Mysql端口","int","3306","plugin-source/v10-source-restoration-lk/MainConfig.cs","40"
"plugin-model","MainConfig","Mysql密码","string","string.Empty","plugin-source/v10-source-restoration-lk/MainConfig.cs","42"
"plugin-model","MainConfig","adb表","string","""dl_adb_all""","plugin-source/v10-source-restoration-lk/MainConfig.cs","44"
"plugin-model","MainConfig","ddb表","string","""dl_ddb_1""","plugin-source/v10-source-restoration-lk/MainConfig.cs","46"
"plugin-model","MainConfig","游戏端口","string","""8101,8160,8161,8162""","plugin-source/v10-source-restoration-lk/MainConfig.cs","48"
"plugin-model","MainConfig","插件端口","string","""18101,18160,18161,18162""","plugin-source/v10-source-restoration-lk/MainConfig.cs","50"
"plugin-model","MainConfig","点卡充值南极金额","int","10","plugin-source/v10-source-restoration-lk/MainConfig.cs","52"
"plugin-model","MainConfig","点卡充值类型","AllEnums.数值Type","AllEnums.数值Type.银元宝","plugin-source/v10-source-restoration-lk/MainConfig.cs","54"
"plugin-model","MainConfig","点卡充值比例","int","100000","plugin-source/v10-source-restoration-lk/MainConfig.cs","56"
"plugin-model","MainConfig","奇宝充值比例","int","1","plugin-source/v10-source-restoration-lk/MainConfig.cs","58"
"plugin-model","MainConfig","挂载GM账号","string","string.Empty","plugin-source/v10-source-restoration-lk/MainConfig.cs","60"
"plugin-model","MainConfig","禁止登录线路","string","string.Empty","plugin-source/v10-source-restoration-lk/MainConfig.cs","62"
"plugin-model","MainConfig","is上线牌面","bool","true","plugin-source/v10-source-restoration-lk/MainConfig.cs","64"
"plugin-model","MainConfig","上线牌面","AllEnums.上线牌面Type","AllEnums.上线牌面Type.流动广播","plugin-source/v10-source-restoration-lk/MainConfig.cs","66"
"plugin-model","MainConfig","上线牌面时间间隔","int","10","plugin-source/v10-source-restoration-lk/MainConfig.cs","68"
"plugin-model","MainConfig","累充金额","int","","plugin-source/v10-source-restoration-lk/MainConfig.cs","70"
"plugin-model","MainConfig","上线牌面内容","string","""#L欢迎大哥：#n#Y{0}#n#L进入游戏!#n""","plugin-source/v10-source-restoration-lk/MainConfig.cs","72"
"plugin-model","MainConfig","is首登赠送","bool","true","plugin-source/v10-source-restoration-lk/MainConfig.cs","74"
"plugin-model","MainConfig","首登赠送1","string","string.Empty","plugin-source/v10-source-restoration-lk/MainConfig.cs","76"
"plugin-model","MainConfig","首登赠送2","string","string.Empty","plugin-source/v10-source-restoration-lk/MainConfig.cs","78"
"plugin-model","MainConfig","首登赠送3","string","string.Empty","plugin-source/v10-source-restoration-lk/MainConfig.cs","80"
"plugin-model","MainConfig","首登赠送4","string","string.Empty","plugin-source/v10-source-restoration-lk/MainConfig.cs","82"
"plugin-model","MainConfig","is日首冲赠送","bool","","plugin-source/v10-source-restoration-lk/MainConfig.cs","84"
"plugin-model","MainConfig","日首冲金额","int","10","plugin-source/v10-source-restoration-lk/MainConfig.cs","86"
"plugin-model","MainConfig","日首冲赠送","string","string.Empty","plugin-source/v10-source-restoration-lk/MainConfig.cs","88"
"plugin-model","MainConfig","is悟道转换","bool","","plugin-source/v10-source-restoration-lk/MainConfig.cs","90"
"plugin-model","MainConfig","悟道转换消耗","int","10000000","plugin-source/v10-source-restoration-lk/MainConfig.cs","92"
"plugin-model","MainConfig","悟道转换消耗类型","AllEnums.数值Type","AllEnums.数值Type.金钱","plugin-source/v10-source-restoration-lk/MainConfig.cs","94"
"plugin-model","MainConfig","isNpc点击管控","bool","","plugin-source/v10-source-restoration-lk/MainConfig.cs","96"
"plugin-model","MainConfig","管控频率","int","200","plugin-source/v10-source-restoration-lk/MainConfig.cs","98"
"plugin-model","MainConfig","is道具管控","bool","","plugin-source/v10-source-restoration-lk/MainConfig.cs","100"
"plugin-model","MainConfig","道具频率","int","100","plugin-source/v10-source-restoration-lk/MainConfig.cs","102"
"plugin-model","MainConfig","is丢弃管控","bool","","plugin-source/v10-source-restoration-lk/MainConfig.cs","104"
"plugin-model","MainConfig","丢弃频率","int","100","plugin-source/v10-source-restoration-lk/MainConfig.cs","106"
"plugin-model","MainConfig","is通天塔管控","bool","","plugin-source/v10-source-restoration-lk/MainConfig.cs","108"
"plugin-model","MainConfig","通天塔次数","int","1","plugin-source/v10-source-restoration-lk/MainConfig.cs","110"
"plugin-model","MainConfig","is退出战斗","bool","","plugin-source/v10-source-restoration-lk/MainConfig.cs","112"
"plugin-model","MainConfig","退出战斗指令","string","""退出战斗""","plugin-source/v10-source-restoration-lk/MainConfig.cs","114"
"plugin-model","MainConfig","is内置辅助","bool","","plugin-source/v10-source-restoration-lk/MainConfig.cs","116"
"plugin-model","MainConfig","打开辅助指令","string","""辅助""","plugin-source/v10-source-restoration-lk/MainConfig.cs","118"
"plugin-model","MainConfig","is找回属性指令","bool","","plugin-source/v10-source-restoration-lk/MainConfig.cs","120"
"plugin-model","MainConfig","找回属性指令","string","""找回属性""","plugin-source/v10-source-restoration-lk/MainConfig.cs","122"
"plugin-model","MainConfig","is相性加点","bool","","plugin-source/v10-source-restoration-lk/MainConfig.cs","124"
"plugin-model","MainConfig","加点最低等级","int","139","plugin-source/v10-source-restoration-lk/MainConfig.cs","126"
"plugin-model","MainConfig","单相最高上限","int","42","plugin-source/v10-source-restoration-lk/MainConfig.cs","128"
"plugin-model","MainConfig","is禁止登陆","bool","","plugin-source/v10-source-restoration-lk/MainConfig.cs","130"
"plugin-model","MainConfig","is屏蔽垃圾","bool","","plugin-source/v10-source-restoration-lk/MainConfig.cs","132"
"plugin-model","MainConfig","is指定辅助","bool","","plugin-source/v10-source-restoration-lk/MainConfig.cs","134"
"plugin-model","MainConfig","is连击加速","bool","","plugin-source/v10-source-restoration-lk/MainConfig.cs","136"
"plugin-model","MainConfig","is随身货栈","bool","","plugin-source/v10-source-restoration-lk/MainConfig.cs","138"
"plugin-model","MainConfig","is防刷摆摊","bool","true","plugin-source/v10-source-restoration-lk/MainConfig.cs","140"
"plugin-model","MainConfig","is富豪榜","bool","","plugin-source/v10-source-restoration-lk/MainConfig.cs","142"
"plugin-model","MainConfig","is红毯雪景","bool","","plugin-source/v10-source-restoration-lk/MainConfig.cs","144"
"plugin-model","MainConfig","is道具cdk","bool","","plugin-source/v10-source-restoration-lk/MainConfig.cs","146"
"plugin-model","MainConfig","is点卡cdk","bool","","plugin-source/v10-source-restoration-lk/MainConfig.cs","148"
"plugin-model","MainConfig","is轮转玉","bool","","plugin-source/v10-source-restoration-lk/MainConfig.cs","150"
"plugin-model","MainConfig","is超级轮转玉","bool","","plugin-source/v10-source-restoration-lk/MainConfig.cs","152"
"plugin-model","MainConfig","is超级天星石","bool","","plugin-source/v10-source-restoration-lk/MainConfig.cs","154"
"plugin-model","MainConfig","is本月试道","bool","","plugin-source/v10-source-restoration-lk/MainConfig.cs","156"
"plugin-model","MainConfig","is乾坤袋","bool","","plugin-source/v10-source-restoration-lk/MainConfig.cs","158"
"plugin-model","MainConfig","is乾坤袋附加活动大使","bool","","plugin-source/v10-source-restoration-lk/MainConfig.cs","160"
"plugin-model","MainConfig","自动修复1009","bool","true","plugin-source/v10-source-restoration-lk/MainConfig.cs","162"
"plugin-model","MainConfig","异常封包日志开关","bool","","plugin-source/v10-source-restoration-lk/MainConfig.cs","164"
"plugin-model","MainConfig","数据库防护开关","bool","true","plugin-source/v10-source-restoration-lk/MainConfig.cs","166"
"plugin-model","MainConfig","防CC开关","bool","","plugin-source/v10-source-restoration-lk/MainConfig.cs","168"
"plugin-model","MainConfig","CDK不加累充点开关","bool","","plugin-source/v10-source-restoration-lk/MainConfig.cs","170"
"plugin-model","MainConfig","CDK不加南极点开关","bool","","plugin-source/v10-source-restoration-lk/MainConfig.cs","172"
"plugin-model","MainConfig","Is允许修法","bool","true","plugin-source/v10-source-restoration-lk/MainConfig.cs","174"
"plugin-model","MainConfig","Is完美力魄","bool","","plugin-source/v10-source-restoration-lk/MainConfig.cs","176"
"plugin-model","MainConfig","Is巅峰对决","bool","true","plugin-source/v10-source-restoration-lk/MainConfig.cs","178"
"plugin-model","MainConfig","Is道友挖宝","bool","true","plugin-source/v10-source-restoration-lk/MainConfig.cs","180"
"plugin-model","MainConfig","前缀长度","int","5","plugin-source/v10-source-restoration-lk/MainConfig.cs","182"
"plugin-model","MainConfig","背包叠加上限","int","99","plugin-source/v10-source-restoration-lk/MainConfig.cs","184"
"plugin-model","MainConfig","CDK网址","string","string.Empty","plugin-source/v10-source-restoration-lk/MainConfig.cs","186"
"plugin-model","MainConfig","购卡网址","string","string.Empty","plugin-source/v10-source-restoration-lk/MainConfig.cs","188"
"plugin-model","MainConfig","记录账号列表","string","string.Empty","plugin-source/v10-source-restoration-lk/MainConfig.cs","190"
"plugin-model","MainConfig","扩展BOSS名字","string","string.Empty","plugin-source/v10-source-restoration-lk/MainConfig.cs","192"
"plugin-model","MainConfig","点卡配置","点卡配置类","new 点卡配置类()","plugin-source/v10-source-restoration-lk/MainConfig.cs","194"
"plugin-model","MainConfig","Is绑定秒解","bool","","plugin-source/v10-source-restoration-lk/MainConfig.cs","196"
"plugin-model","MainConfig","Is死绑不解","bool","true","plugin-source/v10-source-restoration-lk/MainConfig.cs","198"
"plugin-model","MainConfig","解绑类型","AllEnums.数值Type","","plugin-source/v10-source-restoration-lk/MainConfig.cs","200"
"plugin-model","MainConfig","解绑消耗","int","","plugin-source/v10-source-restoration-lk/MainConfig.cs","202"
"plugin-model","PayConfig","Pid","string","string.Empty","plugin-source/v10-source-restoration-lk/PayConfig.cs","3"
"plugin-model","PayConfig","GatewayUrl","string","string.Empty","plugin-source/v10-source-restoration-lk/PayConfig.cs","5"
"plugin-model","PayConfig","Md5Key","string?","","plugin-source/v10-source-restoration-lk/PayConfig.cs","7"
"plugin-model","PayConfig","RsaPrivateKey","string?","","plugin-source/v10-source-restoration-lk/PayConfig.cs","9"
"plugin-model","PayConfig","RsaPublicKey","string?","","plugin-source/v10-source-restoration-lk/PayConfig.cs","11"
"plugin-model","PayConfig","SignType","string","""MD5""","plugin-source/v10-source-restoration-lk/PayConfig.cs","13"
"plugin-model","一键大飞配置类","功能开关","bool","","plugin-source/v10-source-restoration-lk/一键大飞配置类.cs","3"
"plugin-model","一键大飞配置类","大飞后技能是否精研","bool","true","plugin-source/v10-source-restoration-lk/一键大飞配置类.cs","5"
"plugin-model","一键大飞配置类","npc名字","string","""天机老人""","plugin-source/v10-source-restoration-lk/一键大飞配置类.cs","7"
"plugin-model","一键大飞配置类","消耗数值","int","10000","plugin-source/v10-source-restoration-lk/一键大飞配置类.cs","9"
"plugin-model","一键大飞配置类","消耗数值类型","AllEnums.数值Type","AllEnums.数值Type.银元宝","plugin-source/v10-source-restoration-lk/一键大飞配置类.cs","11"
"plugin-model","一键大飞配置类","飞升要求最低等级","int","70","plugin-source/v10-source-restoration-lk/一键大飞配置类.cs","13"
"plugin-model","一键大飞配置类","飞升到等级","int","139","plugin-source/v10-source-restoration-lk/一键大飞配置类.cs","15"
"plugin-model","元神境界配置类","当前境界","AllEnums.元神境界","","plugin-source/v10-source-restoration-lk/元神境界配置类.cs","5"
"plugin-model","元神境界配置类","突破境界","AllEnums.元神境界","AllEnums.元神境界.练气境","plugin-source/v10-source-restoration-lk/元神境界配置类.cs","7"
"plugin-model","元神境界配置类","突破灵气值","int","","plugin-source/v10-source-restoration-lk/元神境界配置类.cs","9"
"plugin-model","元神境界配置类","突破失败受伤程度","int","","plugin-source/v10-source-restoration-lk/元神境界配置类.cs","11"
"plugin-model","元神境界配置类","增加突破几率道具","ConcurrentDictionary<string, int>","new ConcurrentDictionary<string, int>()","plugin-source/v10-source-restoration-lk/元神境界配置类.cs","13"
"plugin-model","元神境界配置类","突破特殊需求","元神突破特殊需求类","new 元神突破特殊需求类()","plugin-source/v10-source-restoration-lk/元神境界配置类.cs","15"
"plugin-model","元神境界配置类","突破加成配置","元神境界加成类","new 元神境界加成类()","plugin-source/v10-source-restoration-lk/元神境界配置类.cs","17"
"plugin-model","元神境界配置类","境界特效","元神特效配置类","new 元神特效配置类()","plugin-source/v10-source-restoration-lk/元神境界配置类.cs","19"
"plugin-model","元神境界配置类","Is全服突破境界奖励","bool","","plugin-source/v10-source-restoration-lk/元神境界配置类.cs","21"
"plugin-model","元神境界配置类","全服横幅文字","string","string.Empty","plugin-source/v10-source-restoration-lk/元神境界配置类.cs","23"
"plugin-model","元神境界配置类","首次突破奖励","元神全服突破境界奖励类","new 元神全服突破境界奖励类()","plugin-source/v10-source-restoration-lk/元神境界配置类.cs","25"
"plugin-model","元神境界配置类","Is突破横幅","bool","true","plugin-source/v10-source-restoration-lk/元神境界配置类.cs","27"
"plugin-model","元神特效配置类","当前境界特效","int","","plugin-source/v10-source-restoration-lk/元神特效配置类.cs","3"
"plugin-model","元神特效配置类","当前雷劫特效","int","","plugin-source/v10-source-restoration-lk/元神特效配置类.cs","5"
"plugin-model","元神特效配置类","当前雷劫秒数","short","","plugin-source/v10-source-restoration-lk/元神特效配置类.cs","7"
"plugin-model","元神特效配置类","当前基础进度秒数","short","","plugin-source/v10-source-restoration-lk/元神特效配置类.cs","9"
"plugin-model","元神特效配置类","突破成功特效","int","","plugin-source/v10-source-restoration-lk/元神特效配置类.cs","11"
"plugin-model","元神特效配置类","突破成功特效秒数","short","","plugin-source/v10-source-restoration-lk/元神特效配置类.cs","13"
"plugin-model","元神特效配置类","突破失败特效","int","","plugin-source/v10-source-restoration-lk/元神特效配置类.cs","15"
"plugin-model","元神特效配置类","突破失败特效秒数","short","","plugin-source/v10-source-restoration-lk/元神特效配置类.cs","17"
"plugin-model","元神系统配置类","功能开关","bool","","plugin-source/v10-source-restoration-lk/元神系统配置类.cs","5"
"plugin-model","元神系统配置类","禁止灵气存储","bool","true","plugin-source/v10-source-restoration-lk/元神系统配置类.cs","7"
"plugin-model","元神系统配置类","初始赠送礼包","string","string.Empty","plugin-source/v10-source-restoration-lk/元神系统配置类.cs","9"
"plugin-model","元神系统配置类","渡劫地图","string","string.Empty","plugin-source/v10-source-restoration-lk/元神系统配置类.cs","11"
"plugin-model","元神系统配置类","地图坐标X","string","string.Empty","plugin-source/v10-source-restoration-lk/元神系统配置类.cs","13"
"plugin-model","元神系统配置类","地图坐标Y","string","string.Empty","plugin-source/v10-source-restoration-lk/元神系统配置类.cs","15"
"plugin-model","元神系统配置类","转化道具","string","string.Empty","plugin-source/v10-source-restoration-lk/元神系统配置类.cs","17"
"plugin-model","元神系统配置类","超过BOSS二层境界不获得任何奖励","bool","","plugin-source/v10-source-restoration-lk/元神系统配置类.cs","19"
"plugin-model","元神系统配置类","开启破境BOSS同境界挑战限制","bool","true","plugin-source/v10-source-restoration-lk/元神系统配置类.cs","21"
"plugin-model","元神系统配置类","当前境界上限","AllEnums.元神境界","AllEnums.元神境界.化神境","plugin-source/v10-source-restoration-lk/元神系统配置类.cs","23"
"plugin-model","元神系统配置类","境界列表","ConcurrentDictionary<AllEnums.元神境界, 元神境界配置类>","new ConcurrentDictionary<AllEnums.元神境界, 元神境界配置类>()","plugin-source/v10-source-restoration-lk/元神系统配置类.cs","25"
"plugin-model","元神系统配置类","装备升阶数据","装备升阶配置类","new 装备升阶配置类()","plugin-source/v10-source-restoration-lk/元神系统配置类.cs","27"
"plugin-model","元神系统配置类","本命法宝属性","ConcurrentDictionary<int, 本命法宝属性类>","new ConcurrentDictionary<int, 本命法宝属性类>()","plugin-source/v10-source-restoration-lk/元神系统配置类.cs","29"
"plugin-model","元神系统配置类","心法升级配置","心法升级配置类","new 心法升级配置类()","plugin-source/v10-source-restoration-lk/元神系统配置类.cs","31"
"plugin-model","元神系统配置类","灵幡附灵配置","灵幡附灵配置类","new 灵幡附灵配置类()","plugin-source/v10-source-restoration-lk/元神系统配置类.cs","33"
"plugin-model","元神系统配置类","限制使用特技地图","string","string.Empty","plugin-source/v10-source-restoration-lk/元神系统配置类.cs","35"
"plugin-model","元神系统配置类","限制使用特技名字","string","string.Empty","plugin-source/v10-source-restoration-lk/元神系统配置类.cs","37"
"plugin-model","元神系统配置类","战斗背景列表","ConcurrentDictionary<AllEnums.元神境界, int>","new ConcurrentDictionary<AllEnums.元神境界, int>()","plugin-source/v10-source-restoration-lk/元神系统配置类.cs","39"
"plugin-model","六道轮回配置类","功能开关","bool","","plugin-source/v10-source-restoration-lk/六道轮回配置类.cs","3"
"plugin-model","六道轮回配置类","定制功能开关","bool","","plugin-source/v10-source-restoration-lk/六道轮回配置类.cs","5"
"plugin-model","六道轮回配置类","特效道具","string","string.Empty","plugin-source/v10-source-restoration-lk/六道轮回配置类.cs","7"
"plugin-model","六道轮回配置类","npc名字","string","string.Empty","plugin-source/v10-source-restoration-lk/六道轮回配置类.cs","9"
"plugin-model","六道轮回配置类","npc形象","int","","plugin-source/v10-source-restoration-lk/六道轮回配置类.cs","11"
"plugin-model","六道轮回配置类","首级对话选项","string","string.Empty","plugin-source/v10-source-restoration-lk/六道轮回配置类.cs","13"
"plugin-model","六道轮回配置类","最低需求等级","int","1","plugin-source/v10-source-restoration-lk/六道轮回配置类.cs","15"
"plugin-model","六道轮回配置类","刷新价格","int","100000","plugin-source/v10-source-restoration-lk/六道轮回配置类.cs","17"
"plugin-model","六道轮回配置类","刷新类型","AllEnums.数值Type","AllEnums.数值Type.银元宝","plugin-source/v10-source-restoration-lk/六道轮回配置类.cs","19"
"plugin-model","六道轮回配置类","六道轮回列表","六道轮回列表类[]","new 六道轮回列表类[6]","plugin-source/v10-source-restoration-lk/六道轮回配置类.cs","21"
"plugin-model","内充支付配置类","功能开关","bool","","plugin-source/v10-source-restoration-lk/内充支付配置类.cs","6"
"plugin-model","内充支付配置类","支付宝支付","bool","","plugin-source/v10-source-restoration-lk/内充支付配置类.cs","8"
"plugin-model","内充支付配置类","微信支付","bool","","plugin-source/v10-source-restoration-lk/内充支付配置类.cs","10"
"plugin-model","内充支付配置类","QQ钱包支付","bool","","plugin-source/v10-source-restoration-lk/内充支付配置类.cs","12"
"plugin-model","内充支付配置类","Pid","string","string.Empty","plugin-source/v10-source-restoration-lk/内充支付配置类.cs","14"
"plugin-model","内充支付配置类","GatewayUrl","string","string.Empty","plugin-source/v10-source-restoration-lk/内充支付配置类.cs","16"
"plugin-model","内充支付配置类","Md5Key","string","string.Empty","plugin-source/v10-source-restoration-lk/内充支付配置类.cs","18"
"plugin-model","内充支付配置类","SignType","string","""MD5""","plugin-source/v10-source-restoration-lk/内充支付配置类.cs","20"
"plugin-model","内充支付配置类","开启抽奖模式","bool","","plugin-source/v10-source-restoration-lk/内充支付配置类.cs","22"
"plugin-model","内充支付配置类","单价","int","1","plugin-source/v10-source-restoration-lk/内充支付配置类.cs","24"
"plugin-model","内充支付配置类","总奖池","List<内充抽奖类>","new List<内充抽奖类>()","plugin-source/v10-source-restoration-lk/内充支付配置类.cs","26"
"plugin-model","内充支付配置类","剩余奖池","ConcurrentQueue<内充抽奖类>","new ConcurrentQueue<内充抽奖类>()","plugin-source/v10-source-restoration-lk/内充支付配置类.cs","28"
"plugin-model","分解详情配置类","校验文字","string","string.Empty","plugin-source/v10-source-restoration-lk/分解详情配置类.cs","3"
"plugin-model","分解详情配置类","分解灵气值区间","int[]","new int[2]","plugin-source/v10-source-restoration-lk/分解详情配置类.cs","5"
"plugin-model","分解详情配置类","分解道具名字","string","string.Empty","plugin-source/v10-source-restoration-lk/分解详情配置类.cs","7"
"plugin-model","分解详情配置类","分解道具区间","int[]","new int[3]","plugin-source/v10-source-restoration-lk/分解详情配置类.cs","9"
"plugin-model","分解详情配置类","Is道具谣言","bool","","plugin-source/v10-source-restoration-lk/分解详情配置类.cs","11"
"plugin-model","升级奖励配置类","功能开关","bool","","plugin-source/v10-source-restoration-lk/升级奖励配置类.cs","5"
"plugin-model","升级奖励配置类","升级列表","ConcurrentDictionary<int, 升级奖励列表类>","new ConcurrentDictionary<int, 升级奖励列表类>()","plugin-source/v10-source-restoration-lk/升级奖励配置类.cs","7"
"plugin-model","南极配置类","功能开关","bool","","plugin-source/v10-source-restoration-lk/南极配置类.cs","5"
"plugin-model","南极配置类","is开启大额","bool","","plugin-source/v10-source-restoration-lk/南极配置类.cs","7"
"plugin-model","南极配置类","到期时间","string","""2029-01-01 00:00:00""","plugin-source/v10-source-restoration-lk/南极配置类.cs","9"
"plugin-model","南极配置类","活动描述","string","string.Empty","plugin-source/v10-source-restoration-lk/南极配置类.cs","11"
"plugin-model","南极配置类","总累计出特等","int","","plugin-source/v10-source-restoration-lk/南极配置类.cs","13"
"plugin-model","南极配置类","奖池","List<南极抽奖物品类>","new List<南极抽奖物品类>()","plugin-source/v10-source-restoration-lk/南极配置类.cs","15"
"plugin-model","召唤精怪配置类","功能开关","bool","","plugin-source/v10-source-restoration-lk/召唤精怪配置类.cs","6"
"plugin-model","召唤精怪配置类","召唤列表","ConcurrentDictionary<AllEnums.召唤材料Type, List<召唤精怪列表类>>","new ConcurrentDictionary<AllEnums.召唤材料Type, List<召唤精怪列表类>>()","plugin-source/v10-source-restoration-lk/召唤精怪配置类.cs","8"
"plugin-model","合区记录配置表","列表","List<合区记录列表>","new List<合区记录列表>()","plugin-source/v10-source-restoration-lk/合区记录配置表.cs","5"
"plugin-model","同源类型配置类","同源成长","int","1","plugin-source/v10-source-restoration-lk/同源类型配置类.cs","3"
"plugin-model","同源类型配置类","转属次数","int","1","plugin-source/v10-source-restoration-lk/同源类型配置类.cs","5"
"plugin-model","同源类型配置类","激活成长","int","5","plugin-source/v10-source-restoration-lk/同源类型配置类.cs","7"
"plugin-model","同源类型配置类","转属价格","int","100000","plugin-source/v10-source-restoration-lk/同源类型配置类.cs","9"
"plugin-model","同源类型配置类","转属类型","AllEnums.数值Type","AllEnums.数值Type.银元宝","plugin-source/v10-source-restoration-lk/同源类型配置类.cs","11"
"plugin-model","同源类型配置类","激活价格","int","10000","plugin-source/v10-source-restoration-lk/同源类型配置类.cs","13"
"plugin-model","同源类型配置类","激活类型","AllEnums.数值Type","AllEnums.数值Type.银元宝","plugin-source/v10-source-restoration-lk/同源类型配置类.cs","15"
"plugin-model","商城限购配置类","功能开关","bool","","plugin-source/v10-source-restoration-lk/商城限购配置类.cs","5"
"plugin-model","商城限购配置类","限购数据列表","List<商城数据类>","new List<商城数据类>()","plugin-source/v10-source-restoration-lk/商城限购配置类.cs","7"
"plugin-model","喊话限制配置类","功能开关","bool","","plugin-source/v10-source-restoration-lk/喊话限制配置类.cs","5"
"plugin-model","喊话限制配置类","喇叭喊话最低等级","int","","plugin-source/v10-source-restoration-lk/喊话限制配置类.cs","7"
"plugin-model","喊话限制配置类","敏感词","List<string>","new List<string>()","plugin-source/v10-source-restoration-lk/喊话限制配置类.cs","9"
"plugin-model","喊话限制配置类","is触发掉线","bool","","plugin-source/v10-source-restoration-lk/喊话限制配置类.cs","11"
"plugin-model","喊话限制配置类","开始时间","string","""2025-01-01 00:00:00""","plugin-source/v10-source-restoration-lk/喊话限制配置类.cs","13"
"plugin-model","喊话限制配置类","结束时间","string","""2029-01-01 00:00:00""","plugin-source/v10-source-restoration-lk/喊话限制配置类.cs","15"
"plugin-model","喊话限制配置类","间隔时间","int","","plugin-source/v10-source-restoration-lk/喊话限制配置类.cs","17"
"plugin-model","喊话限制配置类","喊话频道","AllEnums.频道Type","AllEnums.频道Type.世界","plugin-source/v10-source-restoration-lk/喊话限制配置类.cs","19"
"plugin-model","喊话限制配置类","喊话内容","string","string.Empty","plugin-source/v10-source-restoration-lk/喊话限制配置类.cs","21"
"plugin-model","喊话限制配置类","Is开启","bool","","plugin-source/v10-source-restoration-lk/喊话限制配置类.cs","23"
"plugin-model","圣无双配置类","功能开关","bool","","plugin-source/v10-source-restoration-lk/圣无双配置类.cs","5"
"plugin-model","圣无双配置类","is匹配模式","bool","","plugin-source/v10-source-restoration-lk/圣无双配置类.cs","7"
"plugin-model","圣无双配置类","is同IP战斗","bool","true","plugin-source/v10-source-restoration-lk/圣无双配置类.cs","9"
"plugin-model","圣无双配置类","is同IP夺取","bool","true","plugin-source/v10-source-restoration-lk/圣无双配置类.cs","11"
"plugin-model","圣无双配置类","开始时间","string","string.Empty","plugin-source/v10-source-restoration-lk/圣无双配置类.cs","13"
"plugin-model","圣无双配置类","活动线路名字","string","""一线""","plugin-source/v10-source-restoration-lk/圣无双配置类.cs","15"
"plugin-model","圣无双配置类","地图名字","string","string.Empty","plugin-source/v10-source-restoration-lk/圣无双配置类.cs","17"
"plugin-model","圣无双配置类","门票类型","AllEnums.数值Type","AllEnums.数值Type.银元宝","plugin-source/v10-source-restoration-lk/圣无双配置类.cs","19"
"plugin-model","圣无双配置类","门票价格","int","100000","plugin-source/v10-source-restoration-lk/圣无双配置类.cs","21"
"plugin-model","圣无双配置类","最低人数","int","2","plugin-source/v10-source-restoration-lk/圣无双配置类.cs","23"
"plugin-model","圣无双配置类","初始积分","int","5","plugin-source/v10-source-restoration-lk/圣无双配置类.cs","25"
"plugin-model","圣无双配置类","夺取积分","int","1","plugin-source/v10-source-restoration-lk/圣无双配置类.cs","27"
"plugin-model","圣无双配置类","无双奖励","string","string.Empty","plugin-source/v10-source-restoration-lk/圣无双配置类.cs","29"
"plugin-model","圣无双配置类","兑换比例","int","100000","plugin-source/v10-source-restoration-lk/圣无双配置类.cs","31"
"plugin-model","圣无双配置类","兑换类型","AllEnums.数值Type","AllEnums.数值Type.银元宝","plugin-source/v10-source-restoration-lk/圣无双配置类.cs","33"
"plugin-model","圣无双配置类","开启前公告","string","""#Y【无双争夺战】#n活动还有#Y{0}#n分钟就要开始了，请要参加的道友计时报名，以免错过活动时间。#@点击报名|Open:ArenaEntryDlg#@""","plugin-source/v10-source-restoration-lk/圣无双配置类.cs","35"
"plugin-model","圣无双配置类","开启后公告","string","""#Y【无双争夺战】#n活动正在激烈进行中，当前参与的人数为#R{0}#n人，乾坤未定，诸位皆是黑马！""","plugin-source/v10-source-restoration-lk/圣无双配置类.cs","37"
"plugin-model","圣无双配置类","结束后公告","string","""#Y【无双争夺战】#n经过一番激烈展争夺战斗后，终于结束了，恭喜#Y{0}#n击败众多道友，战到最后，荣登圣位，成为新任的#Y无双大圣#n，与天同齐，特此在九州大陆#Z天墉城#Z设立雕像，供世人膜拜，享人间香火，聚九州信仰！""","plugin-source/v10-source-restoration-lk/圣无双配置类.cs","39"
"plugin-model","圣无双配置类","参拜雕像次数","int","10","plugin-source/v10-source-restoration-lk/圣无双配置类.cs","41"
"plugin-model","圣无双配置类","每次参拜雕像增幅","int","1","plugin-source/v10-source-restoration-lk/圣无双配置类.cs","43"
"plugin-model","圣无双配置类","参拜消耗类型","AllEnums.数值Type","AllEnums.数值Type.银元宝","plugin-source/v10-source-restoration-lk/圣无双配置类.cs","45"
"plugin-model","圣无双配置类","参拜雕像消耗","int","100000","plugin-source/v10-source-restoration-lk/圣无双配置类.cs","47"
"plugin-model","圣无双配置类","参拜雕像奖励","string","string.Empty","plugin-source/v10-source-restoration-lk/圣无双配置类.cs","49"
"plugin-model","圣无双配置类","无双圣榜前十奖励","string[]","new string[10]","plugin-source/v10-source-restoration-lk/圣无双配置类.cs","51"
"plugin-model","圣无双配置类","累胜奖励列表","ConcurrentDictionary<int, 发送物品数据类>","new ConcurrentDictionary<int, 发送物品数据类>()","plugin-source/v10-source-restoration-lk/圣无双配置类.cs","53"
"plugin-model","圣无双配置类","连胜奖励列表","ConcurrentDictionary<int, 发送物品数据类>","new ConcurrentDictionary<int, 发送物品数据类>()","plugin-source/v10-source-restoration-lk/圣无双配置类.cs","55"
"plugin-model","在线奖池配置类","类型","AllEnums.数值Type","","plugin-source/v10-source-restoration-lk/在线奖池配置类.cs","5"
"plugin-model","在线奖池配置类","是否为保底奖励","bool","","plugin-source/v10-source-restoration-lk/在线奖池配置类.cs","7"
"plugin-model","在线奖池配置类","是否出谣言","bool","","plugin-source/v10-source-restoration-lk/在线奖池配置类.cs","9"
"plugin-model","在线奖池配置类","奖励名字","string","string.Empty","plugin-source/v10-source-restoration-lk/在线奖池配置类.cs","11"
"plugin-model","在线奖池配置类","获得几率","int","","plugin-source/v10-source-restoration-lk/在线奖池配置类.cs","13"
"plugin-model","在线奖池配置类","获得数量","int","1","plugin-source/v10-source-restoration-lk/在线奖池配置类.cs","15"
"plugin-model","在线奖池配置类","是否限制数量","bool","","plugin-source/v10-source-restoration-lk/在线奖池配置类.cs","17"
"plugin-model","在线奖池配置类","已抽出数量","int","","plugin-source/v10-source-restoration-lk/在线奖池配置类.cs","19"
"plugin-model","在线奖池配置类","可抽出数量","int","","plugin-source/v10-source-restoration-lk/在线奖池配置类.cs","21"
"plugin-model","在线抽奖配置类","功能开关","bool","","plugin-source/v10-source-restoration-lk/在线抽奖配置类.cs","5"
"plugin-model","在线抽奖配置类","触发指令","string","""抽奖""","plugin-source/v10-source-restoration-lk/在线抽奖配置类.cs","7"
"plugin-model","在线抽奖配置类","消耗类型","AllEnums.数值Type","","plugin-source/v10-source-restoration-lk/在线抽奖配置类.cs","9"
"plugin-model","在线抽奖配置类","消耗数值","int","","plugin-source/v10-source-restoration-lk/在线抽奖配置类.cs","11"
"plugin-model","在线抽奖配置类","累计出保底次数","int","","plugin-source/v10-source-restoration-lk/在线抽奖配置类.cs","13"
"plugin-model","在线抽奖配置类","奖池列表","List<在线奖池配置类>","new List<在线奖池配置类>()","plugin-source/v10-source-restoration-lk/在线抽奖配置类.cs","15"
"plugin-model","在线泡点配置类","泡点开关","bool","","plugin-source/v10-source-restoration-lk/在线泡点配置类.cs","3"
"plugin-model","在线泡点配置类","双倍开关","bool","","plugin-source/v10-source-restoration-lk/在线泡点配置类.cs","5"
"plugin-model","在线泡点配置类","泡点道具","string","string.Empty","plugin-source/v10-source-restoration-lk/在线泡点配置类.cs","7"
"plugin-model","在线泡点配置类","泡点地图","string","string.Empty","plugin-source/v10-source-restoration-lk/在线泡点配置类.cs","9"
"plugin-model","在线泡点配置类","泡点间隔分钟","int","10","plugin-source/v10-source-restoration-lk/在线泡点配置类.cs","11"
"plugin-model","在线泡点配置类","泡点奖励金元宝","int","","plugin-source/v10-source-restoration-lk/在线泡点配置类.cs","13"
"plugin-model","在线泡点配置类","泡点奖励银元宝","int","","plugin-source/v10-source-restoration-lk/在线泡点配置类.cs","15"
"plugin-model","在线泡点配置类","泡点奖励累充点","int","","plugin-source/v10-source-restoration-lk/在线泡点配置类.cs","17"
"plugin-model","在线泡点配置类","泡点奖励南极点","int","","plugin-source/v10-source-restoration-lk/在线泡点配置类.cs","19"
"plugin-model","在线泡点配置类","泡点奖励道具","string","string.Empty","plugin-source/v10-source-restoration-lk/在线泡点配置类.cs","21"
"plugin-model","在线泡点配置类","泡点奖励灵气值","int","","plugin-source/v10-source-restoration-lk/在线泡点配置类.cs","23"
"plugin-model","在线泡点配置类","泡点奖励道具数量","int","","plugin-source/v10-source-restoration-lk/在线泡点配置类.cs","25"
"plugin-model","在线泡点配置类","离线奖励时间","int","24","plugin-source/v10-source-restoration-lk/在线泡点配置类.cs","27"
"plugin-model","地府商城配置类","功能开关","bool","","plugin-source/v10-source-restoration-lk/地府商城配置类.cs","5"
"plugin-model","地府商城配置类","图标开关","bool","","plugin-source/v10-source-restoration-lk/地府商城配置类.cs","7"
"plugin-model","地府商城配置类","消耗材料名字","string","string.Empty","plugin-source/v10-source-restoration-lk/地府商城配置类.cs","9"
"plugin-model","地府商城配置类","消耗数值类型","AllEnums.数值Type","AllEnums.数值Type.灵气值","plugin-source/v10-source-restoration-lk/地府商城配置类.cs","11"
"plugin-model","地府商城配置类","道行下限文本","string","string.Empty","plugin-source/v10-source-restoration-lk/地府商城配置类.cs","13"
"plugin-model","地府商城配置类","物品列表","List<地府商城物品类>","new List<地府商城物品类>()","plugin-source/v10-source-restoration-lk/地府商城配置类.cs","15"
"plugin-model","天机神算配置类","功能开关","bool","","plugin-source/v10-source-restoration-lk/天机神算配置类.cs","5"
"plugin-model","天机神算配置类","自动刷新开关","bool","","plugin-source/v10-source-restoration-lk/天机神算配置类.cs","7"
"plugin-model","天机神算配置类","支付开关","bool","","plugin-source/v10-source-restoration-lk/天机神算配置类.cs","9"
"plugin-model","天机神算配置类","抽1次开关","bool","true","plugin-source/v10-source-restoration-lk/天机神算配置类.cs","11"
"plugin-model","天机神算配置类","抽10次开关","bool","true","plugin-source/v10-source-restoration-lk/天机神算配置类.cs","13"
"plugin-model","天机神算配置类","抽20次开关","bool","true","plugin-source/v10-source-restoration-lk/天机神算配置类.cs","15"
"plugin-model","天机神算配置类","抽50次开关","bool","true","plugin-source/v10-source-restoration-lk/天机神算配置类.cs","17"
"plugin-model","天机神算配置类","抽100次开关","bool","true","plugin-source/v10-source-restoration-lk/天机神算配置类.cs","19"
"plugin-model","天机神算配置类","抽200次开关","bool","true","plugin-source/v10-source-restoration-lk/天机神算配置类.cs","21"
"plugin-model","天机神算配置类","NPC数据","NPC数据类","new NPC数据类(111, ""天机神算子"", """", new 坐标类(241, 197), 7, 6001, ""暂未写"")","plugin-source/v10-source-restoration-lk/天机神算配置类.cs","23"
"plugin-model","天机神算配置类","抽取消耗类型","AllEnums.数值Type","","plugin-source/v10-source-restoration-lk/天机神算配置类.cs","25"
"plugin-model","天机神算配置类","抽取消耗数量","int","","plugin-source/v10-source-restoration-lk/天机神算配置类.cs","27"
"plugin-model","天机神算配置类","支付价格","int","","plugin-source/v10-source-restoration-lk/天机神算配置类.cs","29"
"plugin-model","天机神算配置类","每日刷新时间","string","""00:00""","plugin-source/v10-source-restoration-lk/天机神算配置类.cs","31"
"plugin-model","天机神算配置类","列表","List<神算物品列表类>","new List<神算物品列表类>()","plugin-source/v10-source-restoration-lk/天机神算配置类.cs","33"
"plugin-model","奇宝斋配置类","功能开关","bool","","plugin-source/v10-source-restoration-lk/奇宝斋配置类.cs","5"
"plugin-model","奇宝斋配置类","玩家上架开关","bool","","plugin-source/v10-source-restoration-lk/奇宝斋配置类.cs","7"
"plugin-model","奇宝斋配置类","充值网址","string","string.Empty","plugin-source/v10-source-restoration-lk/奇宝斋配置类.cs","9"
"plugin-model","奇宝斋配置类","卖出手续费","int","","plugin-source/v10-source-restoration-lk/奇宝斋配置类.cs","11"
"plugin-model","奇宝斋配置类","上架押金","int","10","plugin-source/v10-source-restoration-lk/奇宝斋配置类.cs","13"
"plugin-model","奇宝斋配置类","奇宝点比例","int","100","plugin-source/v10-source-restoration-lk/奇宝斋配置类.cs","15"
"plugin-model","奇宝斋配置类","可上架商品","string","string.Empty","plugin-source/v10-source-restoration-lk/奇宝斋配置类.cs","17"
"plugin-model","奇宝斋配置类","物品列表","ConcurrentDictionary<string, 奇宝斋数据类>","new ConcurrentDictionary<string, 奇宝斋数据类>()","plugin-source/v10-source-restoration-lk/奇宝斋配置类.cs","19"
"plugin-model","妖族化形配置类","化形开关","bool","","plugin-source/v10-source-restoration-lk/妖族化形配置类.cs","3"
"plugin-model","妖族化形配置类","变身开关","bool","","plugin-source/v10-source-restoration-lk/妖族化形配置类.cs","5"
"plugin-model","妖族化形配置类","竹熊化形增幅","short","50","plugin-source/v10-source-restoration-lk/妖族化形配置类.cs","7"
"plugin-model","妖族化形配置类","灵蛇化形增幅","short","99","plugin-source/v10-source-restoration-lk/妖族化形配置类.cs","9"
"plugin-model","妖族化形配置类","孔雀化形增幅","short","50","plugin-source/v10-source-restoration-lk/妖族化形配置类.cs","11"
"plugin-model","妖族化形配置类","玉兔化形增幅","short","50","plugin-source/v10-source-restoration-lk/妖族化形配置类.cs","13"
"plugin-model","娃娃配置类","功能开关","bool","","plugin-source/v10-source-restoration-lk/娃娃配置类.cs","5"
"plugin-model","娃娃配置类","一键喂养","bool","true","plugin-source/v10-source-restoration-lk/娃娃配置类.cs","7"
"plugin-model","娃娃配置类","亲密道具","string","string.Empty","plugin-source/v10-source-restoration-lk/娃娃配置类.cs","9"
"plugin-model","娃娃配置类","增加亲密","int","100000","plugin-source/v10-source-restoration-lk/娃娃配置类.cs","11"
"plugin-model","娃娃配置类","亲密上限","int","100000","plugin-source/v10-source-restoration-lk/娃娃配置类.cs","13"
"plugin-model","娃娃配置类","门派上限","int","5","plugin-source/v10-source-restoration-lk/娃娃配置类.cs","15"
"plugin-model","娃娃配置类","技能最大等级跟随娃娃等级","bool","","plugin-source/v10-source-restoration-lk/娃娃配置类.cs","17"
"plugin-model","娃娃配置类","随机遗忘","bool","","plugin-source/v10-source-restoration-lk/娃娃配置类.cs","19"
"plugin-model","娃娃配置类","遗忘道具","string","string.Empty","plugin-source/v10-source-restoration-lk/娃娃配置类.cs","21"
"plugin-model","娃娃配置类","随机拜师","bool","","plugin-source/v10-source-restoration-lk/娃娃配置类.cs","23"
"plugin-model","娃娃配置类","门派道具","string","string.Empty","plugin-source/v10-source-restoration-lk/娃娃配置类.cs","25"
"plugin-model","娃娃配置类","五系娃娃速成道具","string","string.Empty","plugin-source/v10-source-restoration-lk/娃娃配置类.cs","27"
"plugin-model","娃娃配置类","技能列表","ConcurrentDictionary<string, 娃娃技能列表类>","new ConcurrentDictionary<string, 娃娃技能列表类>()","plugin-source/v10-source-restoration-lk/娃娃配置类.cs","29"
"plugin-model","守护配置类","功能开关","bool","true","plugin-source/v10-source-restoration-lk/守护配置类.cs","3"
"plugin-model","守护配置类","Is旧门派","bool","true","plugin-source/v10-source-restoration-lk/守护配置类.cs","5"
"plugin-model","守护配置类","相性","int","","plugin-source/v10-source-restoration-lk/守护配置类.cs","7"
"plugin-model","守护配置类","消耗类型","AllEnums.数值Type","","plugin-source/v10-source-restoration-lk/守护配置类.cs","9"
"plugin-model","守护配置类","消耗数量","int","","plugin-source/v10-source-restoration-lk/守护配置类.cs","11"
"plugin-model","守护配置类","NPC名字","string","""守护天神""","plugin-source/v10-source-restoration-lk/守护配置类.cs","13"
"plugin-model","守护配置类","领取数量","int","4","plugin-source/v10-source-restoration-lk/守护配置类.cs","15"
"plugin-model","守护配置类","守护名称","string","""定制强力守护""","plugin-source/v10-source-restoration-lk/守护配置类.cs","17"
"plugin-model","守护配置类","守护亲密度","int","1000000","plugin-source/v10-source-restoration-lk/守护配置类.cs","19"
"plugin-model","守护配置类","守护元气值","int","10000","plugin-source/v10-source-restoration-lk/守护配置类.cs","21"
"plugin-model","守护配置类","武力成长","int","2000","plugin-source/v10-source-restoration-lk/守护配置类.cs","23"
"plugin-model","守护配置类","仙术成长","int","2000","plugin-source/v10-source-restoration-lk/守护配置类.cs","25"
"plugin-model","守护配置类","身法成长","int","2000","plugin-source/v10-source-restoration-lk/守护配置类.cs","27"
"plugin-model","守护配置类","防护成长","int","2000","plugin-source/v10-source-restoration-lk/守护配置类.cs","29"
"plugin-model","宠物召唤配置类","功能开关","bool","","plugin-source/v10-source-restoration-lk/宠物召唤配置类.cs","3"
"plugin-model","宠物召唤配置类","is变异召唤","bool","","plugin-source/v10-source-restoration-lk/宠物召唤配置类.cs","5"
"plugin-model","宠物召唤配置类","is神兽召唤","bool","","plugin-source/v10-source-restoration-lk/宠物召唤配置类.cs","7"
"plugin-model","宠物召唤配置类","is元灵召唤","bool","","plugin-source/v10-source-restoration-lk/宠物召唤配置类.cs","9"
"plugin-model","宠物召唤配置类","is仙元召唤","bool","","plugin-source/v10-source-restoration-lk/宠物召唤配置类.cs","11"
"plugin-model","宠物召唤配置类","is御灵召唤","bool","","plugin-source/v10-source-restoration-lk/宠物召唤配置类.cs","13"
"plugin-model","宠物召唤配置类","NPC数据","NPC数据类","new NPC数据类(102, ""宠物尊者"", ""宠物召唤同源回收点我"", new 坐标类(100, 100), 7, 6001)","plugin-source/v10-source-restoration-lk/宠物召唤配置类.cs","15"
"plugin-model","宠物召唤配置类","变异材料","string","string.Empty","plugin-source/v10-source-restoration-lk/宠物召唤配置类.cs","17"
"plugin-model","宠物召唤配置类","变异最低","int","","plugin-source/v10-source-restoration-lk/宠物召唤配置类.cs","19"
"plugin-model","宠物召唤配置类","变异最高","int","","plugin-source/v10-source-restoration-lk/宠物召唤配置类.cs","21"
"plugin-model","宠物召唤配置类","变异奖励","string","string.Empty","plugin-source/v10-source-restoration-lk/宠物召唤配置类.cs","23"
"plugin-model","宠物召唤配置类","变异对话","string","string.Empty","plugin-source/v10-source-restoration-lk/宠物召唤配置类.cs","25"
"plugin-model","宠物召唤配置类","神兽材料","string","string.Empty","plugin-source/v10-source-restoration-lk/宠物召唤配置类.cs","27"
"plugin-model","宠物召唤配置类","神兽最低","int","","plugin-source/v10-source-restoration-lk/宠物召唤配置类.cs","29"
"plugin-model","宠物召唤配置类","神兽最高","int","","plugin-source/v10-source-restoration-lk/宠物召唤配置类.cs","31"
"plugin-model","宠物召唤配置类","神兽奖励","string","string.Empty","plugin-source/v10-source-restoration-lk/宠物召唤配置类.cs","33"
"plugin-model","宠物召唤配置类","神兽对话","string","string.Empty","plugin-source/v10-source-restoration-lk/宠物召唤配置类.cs","35"
"plugin-model","宠物召唤配置类","元灵材料","string","string.Empty","plugin-source/v10-source-restoration-lk/宠物召唤配置类.cs","37"
"plugin-model","宠物召唤配置类","元灵最低","int","","plugin-source/v10-source-restoration-lk/宠物召唤配置类.cs","39"
"plugin-model","宠物召唤配置类","元灵最高","int","","plugin-source/v10-source-restoration-lk/宠物召唤配置类.cs","41"
"plugin-model","宠物召唤配置类","元灵奖励","string","string.Empty","plugin-source/v10-source-restoration-lk/宠物召唤配置类.cs","43"
"plugin-model","宠物召唤配置类","元灵对话","string","string.Empty","plugin-source/v10-source-restoration-lk/宠物召唤配置类.cs","45"
"plugin-model","宠物召唤配置类","仙元材料","string","string.Empty","plugin-source/v10-source-restoration-lk/宠物召唤配置类.cs","47"
"plugin-model","宠物召唤配置类","仙元最低","int","","plugin-source/v10-source-restoration-lk/宠物召唤配置类.cs","49"
"plugin-model","宠物召唤配置类","仙元最高","int","","plugin-source/v10-source-restoration-lk/宠物召唤配置类.cs","51"
"plugin-model","宠物召唤配置类","仙元奖励","string","string.Empty","plugin-source/v10-source-restoration-lk/宠物召唤配置类.cs","53"
"plugin-model","宠物召唤配置类","仙元对话","string","string.Empty","plugin-source/v10-source-restoration-lk/宠物召唤配置类.cs","55"
"plugin-model","宠物召唤配置类","御灵材料","string","string.Empty","plugin-source/v10-source-restoration-lk/宠物召唤配置类.cs","57"
"plugin-model","宠物召唤配置类","御灵最低","int","","plugin-source/v10-source-restoration-lk/宠物召唤配置类.cs","59"
"plugin-model","宠物召唤配置类","御灵最高","int","","plugin-source/v10-source-restoration-lk/宠物召唤配置类.cs","61"
"plugin-model","宠物召唤配置类","御灵奖励","string","string.Empty","plugin-source/v10-source-restoration-lk/宠物召唤配置类.cs","63"
"plugin-model","宠物召唤配置类","御灵对话","string","string.Empty","plugin-source/v10-source-restoration-lk/宠物召唤配置类.cs","65"
"plugin-model","宠物同源配置类","功能开关","bool","","plugin-source/v10-source-restoration-lk/宠物同源配置类.cs","3"
"plugin-model","宠物同源配置类","托号成长类型一致","bool","","plugin-source/v10-source-restoration-lk/宠物同源配置类.cs","5"
"plugin-model","宠物同源配置类","托号同源成长百分比","int","80","plugin-source/v10-source-restoration-lk/宠物同源配置类.cs","7"
"plugin-model","宠物同源配置类","托号角色","string","string.Empty","plugin-source/v10-source-restoration-lk/宠物同源配置类.cs","9"
"plugin-model","宠物同源配置类","is普通同源","bool","","plugin-source/v10-source-restoration-lk/宠物同源配置类.cs","11"
"plugin-model","宠物同源配置类","普通同源成长","int","1","plugin-source/v10-source-restoration-lk/宠物同源配置类.cs","13"
"plugin-model","宠物同源配置类","普通转属次数","int","5","plugin-source/v10-source-restoration-lk/宠物同源配置类.cs","15"
"plugin-model","宠物同源配置类","普通激活成长","int","5","plugin-source/v10-source-restoration-lk/宠物同源配置类.cs","17"
"plugin-model","宠物同源配置类","普通转属价格","int","100000","plugin-source/v10-source-restoration-lk/宠物同源配置类.cs","19"
"plugin-model","宠物同源配置类","普通转属类型","AllEnums.数值Type","AllEnums.数值Type.银元宝","plugin-source/v10-source-restoration-lk/宠物同源配置类.cs","21"
"plugin-model","宠物同源配置类","普通激活价格","int","10000","plugin-source/v10-source-restoration-lk/宠物同源配置类.cs","23"
"plugin-model","宠物同源配置类","普通激活类型","AllEnums.数值Type","AllEnums.数值Type.银元宝","plugin-source/v10-source-restoration-lk/宠物同源配置类.cs","25"
"plugin-model","宠物同源配置类","is变异同源","bool","","plugin-source/v10-source-restoration-lk/宠物同源配置类.cs","27"
"plugin-model","宠物同源配置类","变异同源成长","int","1","plugin-source/v10-source-restoration-lk/宠物同源配置类.cs","29"
"plugin-model","宠物同源配置类","变异转属次数","int","1","plugin-source/v10-source-restoration-lk/宠物同源配置类.cs","31"
"plugin-model","宠物同源配置类","变异激活成长","int","5","plugin-source/v10-source-restoration-lk/宠物同源配置类.cs","33"
"plugin-model","宠物同源配置类","变异转属价格","int","100000","plugin-source/v10-source-restoration-lk/宠物同源配置类.cs","35"
"plugin-model","宠物同源配置类","变异转属类型","AllEnums.数值Type","AllEnums.数值Type.银元宝","plugin-source/v10-source-restoration-lk/宠物同源配置类.cs","37"
"plugin-model","宠物同源配置类","变异激活价格","int","10000","plugin-source/v10-source-restoration-lk/宠物同源配置类.cs","39"
"plugin-model","宠物同源配置类","变异激活类型","AllEnums.数值Type","AllEnums.数值Type.银元宝","plugin-source/v10-source-restoration-lk/宠物同源配置类.cs","41"
"plugin-model","宠物同源配置类","is神兽同源","bool","","plugin-source/v10-source-restoration-lk/宠物同源配置类.cs","43"
"plugin-model","宠物同源配置类","神兽同源成长","int","1","plugin-source/v10-source-restoration-lk/宠物同源配置类.cs","45"
"plugin-model","宠物同源配置类","神兽转属次数","int","1","plugin-source/v10-source-restoration-lk/宠物同源配置类.cs","47"
"plugin-model","宠物同源配置类","神兽激活成长","int","5","plugin-source/v10-source-restoration-lk/宠物同源配置类.cs","49"
"plugin-model","宠物同源配置类","神兽转属价格","int","100000","plugin-source/v10-source-restoration-lk/宠物同源配置类.cs","51"
"plugin-model","宠物同源配置类","神兽转属类型","AllEnums.数值Type","AllEnums.数值Type.银元宝","plugin-source/v10-source-restoration-lk/宠物同源配置类.cs","53"
"plugin-model","宠物同源配置类","神兽激活价格","int","10000","plugin-source/v10-source-restoration-lk/宠物同源配置类.cs","55"
"plugin-model","宠物同源配置类","神兽激活类型","AllEnums.数值Type","AllEnums.数值Type.银元宝","plugin-source/v10-source-restoration-lk/宠物同源配置类.cs","57"
"plugin-model","宠物同源配置类","is元灵同源","bool","","plugin-source/v10-source-restoration-lk/宠物同源配置类.cs","59"
"plugin-model","宠物同源配置类","元灵同源成长","int","1","plugin-source/v10-source-restoration-lk/宠物同源配置类.cs","61"
"plugin-model","宠物同源配置类","元灵转属次数","int","1","plugin-source/v10-source-restoration-lk/宠物同源配置类.cs","63"
"plugin-model","宠物同源配置类","元灵激活成长","int","5","plugin-source/v10-source-restoration-lk/宠物同源配置类.cs","65"
"plugin-model","宠物同源配置类","元灵转属价格","int","100000","plugin-source/v10-source-restoration-lk/宠物同源配置类.cs","67"
"plugin-model","宠物同源配置类","元灵转属类型","AllEnums.数值Type","AllEnums.数值Type.银元宝","plugin-source/v10-source-restoration-lk/宠物同源配置类.cs","69"
"plugin-model","宠物同源配置类","元灵激活价格","int","10000","plugin-source/v10-source-restoration-lk/宠物同源配置类.cs","71"
"plugin-model","宠物同源配置类","元灵激活类型","AllEnums.数值Type","AllEnums.数值Type.银元宝","plugin-source/v10-source-restoration-lk/宠物同源配置类.cs","73"
"plugin-model","宠物同源配置类","is仙元同源","bool","","plugin-source/v10-source-restoration-lk/宠物同源配置类.cs","75"
"plugin-model","宠物同源配置类","仙元同源成长","int","1","plugin-source/v10-source-restoration-lk/宠物同源配置类.cs","77"
"plugin-model","宠物同源配置类","仙元转属次数","int","1","plugin-source/v10-source-restoration-lk/宠物同源配置类.cs","79"
"plugin-model","宠物同源配置类","仙元激活成长","int","5","plugin-source/v10-source-restoration-lk/宠物同源配置类.cs","81"
"plugin-model","宠物同源配置类","仙元转属价格","int","100000","plugin-source/v10-source-restoration-lk/宠物同源配置类.cs","83"
"plugin-model","宠物同源配置类","仙元转属类型","AllEnums.数值Type","AllEnums.数值Type.银元宝","plugin-source/v10-source-restoration-lk/宠物同源配置类.cs","85"
"plugin-model","宠物同源配置类","仙元激活价格","int","10000","plugin-source/v10-source-restoration-lk/宠物同源配置类.cs","87"
"plugin-model","宠物同源配置类","仙元激活类型","AllEnums.数值Type","AllEnums.数值Type.银元宝","plugin-source/v10-source-restoration-lk/宠物同源配置类.cs","89"
"plugin-model","宠物突破配置类","忠诚储备道具","string","string.Empty","plugin-source/v10-source-restoration-lk/宠物突破配置类.cs","5"
"plugin-model","宠物突破配置类","忠诚储备数量","int","","plugin-source/v10-source-restoration-lk/宠物突破配置类.cs","7"
"plugin-model","宠物突破配置类","忠诚储备上限","int","","plugin-source/v10-source-restoration-lk/宠物突破配置类.cs","9"
"plugin-model","宠物突破配置类","武学突破道具","string","""武学破障丹""","plugin-source/v10-source-restoration-lk/宠物突破配置类.cs","11"
"plugin-model","宠物突破配置类","增加武学数值","int","10000","plugin-source/v10-source-restoration-lk/宠物突破配置类.cs","13"
"plugin-model","宠物突破配置类","使用武学上限","int","100000000","plugin-source/v10-source-restoration-lk/宠物突破配置类.cs","15"
"plugin-model","宠物突破配置类","飞升突破道具","string","""宠物飞升丹""","plugin-source/v10-source-restoration-lk/宠物突破配置类.cs","17"
"plugin-model","宠物突破配置类","最低使用等级","int","1","plugin-source/v10-source-restoration-lk/宠物突破配置类.cs","19"
"plugin-model","宠物突破配置类","最高使用等级","int","999","plugin-source/v10-source-restoration-lk/宠物突破配置类.cs","21"
"plugin-model","宠物突破配置类","强化最低上限","int","","plugin-source/v10-source-restoration-lk/宠物突破配置类.cs","23"
"plugin-model","宠物突破配置类","强化最高上限","int","12","plugin-source/v10-source-restoration-lk/宠物突破配置类.cs","25"
"plugin-model","宠物突破配置类","法攻强化道具","string","""法攻强化丹""","plugin-source/v10-source-restoration-lk/宠物突破配置类.cs","27"
"plugin-model","宠物突破配置类","物攻强化道具","string","""物攻强化丹""","plugin-source/v10-source-restoration-lk/宠物突破配置类.cs","29"
"plugin-model","宠物突破配置类","Is禁止普通强化","bool","true","plugin-source/v10-source-restoration-lk/宠物突破配置类.cs","31"
"plugin-model","宠物突破配置类","Is禁止变异强化","bool","true","plugin-source/v10-source-restoration-lk/宠物突破配置类.cs","33"
"plugin-model","宠物突破配置类","Is禁止神兽强化","bool","true","plugin-source/v10-source-restoration-lk/宠物突破配置类.cs","35"
"plugin-model","宠物突破配置类","Is禁止元灵强化","bool","true","plugin-source/v10-source-restoration-lk/宠物突破配置类.cs","37"
"plugin-model","宠物突破配置类","Is禁止仙元强化","bool","true","plugin-source/v10-source-restoration-lk/宠物突破配置类.cs","39"
"plugin-model","宠物突破配置类","强化进度组","List<int>","new List<int>()","plugin-source/v10-source-restoration-lk/宠物突破配置类.cs","41"
"plugin-model","宠物突破配置类","变异强化进度倍数","int","1","plugin-source/v10-source-restoration-lk/宠物突破配置类.cs","43"
"plugin-model","宠物突破配置类","神兽强化进度倍数","int","1","plugin-source/v10-source-restoration-lk/宠物突破配置类.cs","45"
"plugin-model","宠物突破配置类","元灵强化进度倍数","int","1","plugin-source/v10-source-restoration-lk/宠物突破配置类.cs","47"
"plugin-model","宠物突破配置类","仙元强化进度倍数","int","1","plugin-source/v10-source-restoration-lk/宠物突破配置类.cs","49"
"plugin-model","宠物突破配置类","幻化最低上限","int","","plugin-source/v10-source-restoration-lk/宠物突破配置类.cs","51"
"plugin-model","宠物突破配置类","幻化最高上限","int","12","plugin-source/v10-source-restoration-lk/宠物突破配置类.cs","53"
"plugin-model","宠物突破配置类","血量幻化道具","string","""血量幻化丹""","plugin-source/v10-source-restoration-lk/宠物突破配置类.cs","55"
"plugin-model","宠物突破配置类","法力幻化道具","string","""法力幻化丹""","plugin-source/v10-source-restoration-lk/宠物突破配置类.cs","57"
"plugin-model","宠物突破配置类","速度幻化道具","string","""速度幻化丹""","plugin-source/v10-source-restoration-lk/宠物突破配置类.cs","59"
"plugin-model","宠物突破配置类","物攻幻化道具","string","""物攻幻化丹""","plugin-source/v10-source-restoration-lk/宠物突破配置类.cs","61"
"plugin-model","宠物突破配置类","法攻幻化道具","string","""法攻幻化丹""","plugin-source/v10-source-restoration-lk/宠物突破配置类.cs","63"
"plugin-model","宠物绑定配置类","功能开关","bool","","plugin-source/v10-source-restoration-lk/宠物绑定配置类.cs","5"
"plugin-model","宠物绑定配置类","is死绑开关","bool","","plugin-source/v10-source-restoration-lk/宠物绑定配置类.cs","7"
"plugin-model","宠物绑定配置类","道具宠物绑定列表","ConcurrentDictionary<string, string>","new ConcurrentDictionary<string, string>()","plugin-source/v10-source-restoration-lk/宠物绑定配置类.cs","9"
"plugin-model","宠物绑定配置类","宠物自动绑定列表","string","string.Empty","plugin-source/v10-source-restoration-lk/宠物绑定配置类.cs","11"
"plugin-model","宠物转生配置类","功能开关","bool","","plugin-source/v10-source-restoration-lk/宠物转生配置类.cs","5"
"plugin-model","宠物转生配置类","NPC数据","NPC数据类","new NPC数据类(110, ""转生天尊"", ""宠物、人物转生点我"", new 坐标类(241, 197), 7, 6001, ""天上白玉京，十二楼五城。仙人抚我顶，结发授长生。误逐世间乐，颇穷理乱情。九十六圣君，浮云挂空名。"")","plugin-source/v10-source-restoration-lk/宠物转生配置类.cs","7"
"plugin-model","宠物转生配置类","宠物最大转生次数","int","9","plugin-source/v10-source-restoration-lk/宠物转生配置类.cs","9"
"plugin-model","宠物转生配置类","转生洗髓道具","string","""转生洗髓丹""","plugin-source/v10-source-restoration-lk/宠物转生配置类.cs","11"
"plugin-model","宠物转生配置类","转生洗髓几率","int","1","plugin-source/v10-source-restoration-lk/宠物转生配置类.cs","13"
"plugin-model","宠物转生配置类","转生阶段","List<宠物转生列表类>","new List<宠物转生列表类>()","plugin-source/v10-source-restoration-lk/宠物转生配置类.cs","15"
"plugin-model","属性洗炼配置类","功能开关","bool","","plugin-source/v10-source-restoration-lk/属性洗炼配置类.cs","5"
"plugin-model","属性洗炼配置类","背包开关","bool","","plugin-source/v10-source-restoration-lk/属性洗炼配置类.cs","7"
"plugin-model","属性洗炼配置类","自动停止比例","int","80","plugin-source/v10-source-restoration-lk/属性洗炼配置类.cs","9"
"plugin-model","属性洗炼配置类","NPC数据","NPC数据类","new NPC数据类(106, ""洗炼大师"", ""装备洗炼功能指引"", new 坐标类(254, 189), 7, 6001)","plugin-source/v10-source-restoration-lk/属性洗炼配置类.cs","11"
"plugin-model","属性洗炼配置类","时装配置","洗炼装备配置类","new 洗炼装备配置类()","plugin-source/v10-source-restoration-lk/属性洗炼配置类.cs","13"
"plugin-model","属性洗炼配置类","法宝配置","洗炼装备配置类","new 洗炼装备配置类()","plugin-source/v10-source-restoration-lk/属性洗炼配置类.cs","15"
"plugin-model","属性洗炼配置类","梭子配置","洗炼装备配置类","new 洗炼装备配置类()","plugin-source/v10-source-restoration-lk/属性洗炼配置类.cs","17"
"plugin-model","属性洗炼配置类","铭牌配置","洗炼装备配置类","new 洗炼装备配置类()","plugin-source/v10-source-restoration-lk/属性洗炼配置类.cs","19"
"plugin-model","属性洗炼配置类","仙器配置","洗炼装备配置类","new 洗炼装备配置类()","plugin-source/v10-source-restoration-lk/属性洗炼配置类.cs","21"
"plugin-model","属性洗炼配置类","灵幡配置","洗炼装备配置类","new 洗炼装备配置类()","plugin-source/v10-source-restoration-lk/属性洗炼配置类.cs","23"
"plugin-model","属性洗炼配置类","洗炼属性列表","List<洗炼属性数据类>","new List<洗炼属性数据类>()","plugin-source/v10-source-restoration-lk/属性洗炼配置类.cs","25"
"plugin-model","异兽录配置类","功能开关","bool","","plugin-source/v10-source-restoration-lk/异兽录配置类.cs","5"
"plugin-model","异兽录配置类","定制功能开关","bool","","plugin-source/v10-source-restoration-lk/异兽录配置类.cs","7"
"plugin-model","异兽录配置类","推荐开关","bool","","plugin-source/v10-source-restoration-lk/异兽录配置类.cs","9"
"plugin-model","异兽录配置类","特效道具","string","string.Empty","plugin-source/v10-source-restoration-lk/异兽录配置类.cs","11"
"plugin-model","异兽录配置类","NPC数据","NPC数据类","new NPC数据类(105, ""异兽尊者"", ""异兽录指引"", new 坐标类(237, 217), 5, 20174)","plugin-source/v10-source-restoration-lk/异兽录配置类.cs","13"
"plugin-model","异兽录配置类","图鉴列表","ConcurrentDictionary<string, 异兽录图鉴列表类>","new ConcurrentDictionary<string, 异兽录图鉴列表类>()","plugin-source/v10-source-restoration-lk/异兽录配置类.cs","15"
"plugin-model","异兽录配置类","变异圆满附加属性","AllEnums.属性Type","","plugin-source/v10-source-restoration-lk/异兽录配置类.cs","17"
"plugin-model","异兽录配置类","定制变异圆满附加属性","AllEnums.属性名字Type","","plugin-source/v10-source-restoration-lk/异兽录配置类.cs","19"
"plugin-model","异兽录配置类","变异圆满附加数值","int","","plugin-source/v10-source-restoration-lk/异兽录配置类.cs","21"
"plugin-model","异兽录配置类","变异别称","string","""变异""","plugin-source/v10-source-restoration-lk/异兽录配置类.cs","23"
"plugin-model","异兽录配置类","神兽圆满附加属性","AllEnums.属性Type","","plugin-source/v10-source-restoration-lk/异兽录配置类.cs","25"
"plugin-model","异兽录配置类","定制神兽圆满附加属性","AllEnums.属性名字Type","","plugin-source/v10-source-restoration-lk/异兽录配置类.cs","27"
"plugin-model","异兽录配置类","神兽圆满附加数值","int","","plugin-source/v10-source-restoration-lk/异兽录配置类.cs","29"
"plugin-model","异兽录配置类","神兽别称","string","""神兽""","plugin-source/v10-source-restoration-lk/异兽录配置类.cs","31"
"plugin-model","异兽录配置类","元灵圆满附加属性","AllEnums.属性Type","","plugin-source/v10-source-restoration-lk/异兽录配置类.cs","33"
"plugin-model","异兽录配置类","定制元灵圆满附加属性","AllEnums.属性名字Type","","plugin-source/v10-source-restoration-lk/异兽录配置类.cs","35"
"plugin-model","异兽录配置类","元灵圆满附加数值","int","","plugin-source/v10-source-restoration-lk/异兽录配置类.cs","37"
"plugin-model","异兽录配置类","元灵别称","string","""元灵""","plugin-source/v10-source-restoration-lk/异兽录配置类.cs","39"
"plugin-model","异兽录配置类","仙元圆满附加属性","AllEnums.属性Type","","plugin-source/v10-source-restoration-lk/异兽录配置类.cs","41"
"plugin-model","异兽录配置类","定制仙元圆满附加属性","AllEnums.属性名字Type","","plugin-source/v10-source-restoration-lk/异兽录配置类.cs","43"
"plugin-model","异兽录配置类","仙元圆满附加数值","int","","plugin-source/v10-source-restoration-lk/异兽录配置类.cs","45"
"plugin-model","异兽录配置类","仙元别称","string","""仙元""","plugin-source/v10-source-restoration-lk/异兽录配置类.cs","47"
"plugin-model","异兽录配置类","御灵圆满附加属性","AllEnums.属性Type","","plugin-source/v10-source-restoration-lk/异兽录配置类.cs","49"
"plugin-model","异兽录配置类","定制御灵圆满附加属性","AllEnums.属性名字Type","","plugin-source/v10-source-restoration-lk/异兽录配置类.cs","51"
"plugin-model","异兽录配置类","御灵圆满附加数值","int","","plugin-source/v10-source-restoration-lk/异兽录配置类.cs","53"
"plugin-model","异兽录配置类","御灵别称","string","""坐骑""","plugin-source/v10-source-restoration-lk/异兽录配置类.cs","55"
"plugin-model","心法升级配置类","功能开关","bool","","plugin-source/v10-source-restoration-lk/心法升级配置类.cs","3"
"plugin-model","心法升级配置类","Is等级要求","bool","","plugin-source/v10-source-restoration-lk/心法升级配置类.cs","5"
"plugin-model","心法升级配置类","最低等级","int","","plugin-source/v10-source-restoration-lk/心法升级配置类.cs","7"
"plugin-model","心法升级配置类","Is武学要求","bool","","plugin-source/v10-source-restoration-lk/心法升级配置类.cs","9"
"plugin-model","心法升级配置类","最低武学","int","","plugin-source/v10-source-restoration-lk/心法升级配置类.cs","11"
"plugin-model","心法升级配置类","心法最低等级要求","int","1","plugin-source/v10-source-restoration-lk/心法升级配置类.cs","13"
"plugin-model","心法升级配置类","心法最高升级等级","int","100","plugin-source/v10-source-restoration-lk/心法升级配置类.cs","15"
"plugin-model","心法升级配置类","最低消耗数量","int","1","plugin-source/v10-source-restoration-lk/心法升级配置类.cs","17"
"plugin-model","心法升级配置类","递增消耗倍数","int","1","plugin-source/v10-source-restoration-lk/心法升级配置类.cs","19"
"plugin-model","心法升级配置类","气血升级道具","string","string.Empty","plugin-source/v10-source-restoration-lk/心法升级配置类.cs","21"
"plugin-model","心法升级配置类","速度升级道具","string","string.Empty","plugin-source/v10-source-restoration-lk/心法升级配置类.cs","23"
"plugin-model","心法升级配置类","攻击升级道具","string","string.Empty","plugin-source/v10-source-restoration-lk/心法升级配置类.cs","25"
"plugin-model","心法升级配置类","防御升级道具","string","string.Empty","plugin-source/v10-source-restoration-lk/心法升级配置类.cs","27"
"plugin-model","心法升级配置类","随机升级道具","string","string.Empty","plugin-source/v10-source-restoration-lk/心法升级配置类.cs","29"
"plugin-model","怀旧专区配置类","功能开关","bool","true","plugin-source/v10-source-restoration-lk/怀旧专区配置类.cs","3"
"plugin-model","怀旧专区配置类","任务_梦入封神","bool","true","plugin-source/v10-source-restoration-lk/怀旧专区配置类.cs","5"
"plugin-model","怀旧专区配置类","任务_宠物大逃亡","bool","true","plugin-source/v10-source-restoration-lk/怀旧专区配置类.cs","7"
"plugin-model","怀旧专区配置类","任务_夜游百鬼地","bool","true","plugin-source/v10-source-restoration-lk/怀旧专区配置类.cs","9"
"plugin-model","怀旧专区配置类","任务_九重天","bool","true","plugin-source/v10-source-restoration-lk/怀旧专区配置类.cs","11"
"plugin-model","怀旧专区配置类","任务_中洲异客","bool","true","plugin-source/v10-source-restoration-lk/怀旧专区配置类.cs","13"
"plugin-model","怀旧专区配置类","任务_法宝共生","bool","true","plugin-source/v10-source-restoration-lk/怀旧专区配置类.cs","15"
"plugin-model","怀旧专区配置类","任务_地藏王传","bool","true","plugin-source/v10-source-restoration-lk/怀旧专区配置类.cs","17"
"plugin-model","怀旧专区配置类","任务_天劫","bool","true","plugin-source/v10-source-restoration-lk/怀旧专区配置类.cs","19"
"plugin-model","怀旧专区配置类","任务_竞技场","bool","true","plugin-source/v10-source-restoration-lk/怀旧专区配置类.cs","21"
"plugin-model","怀旧专区配置类","任务_缤纷好礼","bool","true","plugin-source/v10-source-restoration-lk/怀旧专区配置类.cs","23"
"plugin-model","怀旧专区配置类","任务_新手指引","bool","true","plugin-source/v10-source-restoration-lk/怀旧专区配置类.cs","25"
"plugin-model","怀旧专区配置类","任务_法宝三合一指引","bool","true","plugin-source/v10-source-restoration-lk/怀旧专区配置类.cs","27"
"plugin-model","怀旧专区配置类","任务_天降神石指引","bool","true","plugin-source/v10-source-restoration-lk/怀旧专区配置类.cs","29"
"plugin-model","怀旧专区配置类","任务_悟道系统指引","bool","true","plugin-source/v10-source-restoration-lk/怀旧专区配置类.cs","31"
"plugin-model","怀旧专区配置类","任务_合击指引","bool","true","plugin-source/v10-source-restoration-lk/怀旧专区配置类.cs","33"
"plugin-model","怀旧专区配置类","任务_安全设置指引","bool","true","plugin-source/v10-source-restoration-lk/怀旧专区配置类.cs","35"
"plugin-model","怀旧专区配置类","任务_地府指引","bool","true","plugin-source/v10-source-restoration-lk/怀旧专区配置类.cs","37"
"plugin-model","怀旧专区配置类","任务_中洲争霸指引","bool","true","plugin-source/v10-source-restoration-lk/怀旧专区配置类.cs","39"
"plugin-model","怀旧专区配置类","任务_宠物心法指引","bool","true","plugin-source/v10-source-restoration-lk/怀旧专区配置类.cs","41"
"plugin-model","怀旧专区配置类","任务_奇宝斋指引","bool","true","plugin-source/v10-source-restoration-lk/怀旧专区配置类.cs","43"
"plugin-model","怀旧专区配置类","任务_拜师","bool","true","plugin-source/v10-source-restoration-lk/怀旧专区配置类.cs","45"
"plugin-model","怀旧专区配置类","任务_采购","bool","true","plugin-source/v10-source-restoration-lk/怀旧专区配置类.cs","47"
"plugin-model","怀旧专区配置类","任务_除暴","bool","true","plugin-source/v10-source-restoration-lk/怀旧专区配置类.cs","49"
"plugin-model","怀旧专区配置类","任务_答题","bool","true","plugin-source/v10-source-restoration-lk/怀旧专区配置类.cs","51"
"plugin-model","怀旧专区配置类","任务_钱庄","bool","true","plugin-source/v10-source-restoration-lk/怀旧专区配置类.cs","53"
"plugin-model","怀旧专区配置类","任务_妖魔道","bool","true","plugin-source/v10-source-restoration-lk/怀旧专区配置类.cs","55"
"plugin-model","怀旧专区配置类","任务_捉宠","bool","true","plugin-source/v10-source-restoration-lk/怀旧专区配置类.cs","57"
"plugin-model","怀旧专区配置类","任务_第二门派","bool","true","plugin-source/v10-source-restoration-lk/怀旧专区配置类.cs","59"
"plugin-model","怀旧专区配置类","选项_初识新貌","bool","true","plugin-source/v10-source-restoration-lk/怀旧专区配置类.cs","61"
"plugin-model","怀旧专区配置类","选项_万象宇化","bool","true","plugin-source/v10-source-restoration-lk/怀旧专区配置类.cs","63"
"plugin-model","怀旧专区配置类","选项_宠物顿悟","bool","true","plugin-source/v10-source-restoration-lk/怀旧专区配置类.cs","65"
"plugin-model","怀旧专区配置类","选项_宠物进阶","bool","true","plugin-source/v10-source-restoration-lk/怀旧专区配置类.cs","67"
"plugin-model","怀旧专区配置类","选项_坐骑炼魄","bool","true","plugin-source/v10-source-restoration-lk/怀旧专区配置类.cs","69"
"plugin-model","怀旧专区配置类","选项_坐骑助阵","bool","true","plugin-source/v10-source-restoration-lk/怀旧专区配置类.cs","71"
"plugin-model","怀旧专区配置类","选项_全部镶嵌","bool","true","plugin-source/v10-source-restoration-lk/怀旧专区配置类.cs","73"
"plugin-model","怀旧专区配置类","选项_元宝商人","bool","true","plugin-source/v10-source-restoration-lk/怀旧专区配置类.cs","75"
"plugin-model","怀旧专区配置类","选项_董老头","bool","true","plugin-source/v10-source-restoration-lk/怀旧专区配置类.cs","77"
"plugin-model","怀旧专区配置类","选项_法宝转世","bool","true","plugin-source/v10-source-restoration-lk/怀旧专区配置类.cs","79"
"plugin-model","怀旧专区配置类","选项_问道活动大使","bool","true","plugin-source/v10-source-restoration-lk/怀旧专区配置类.cs","81"
"plugin-model","怀旧专区配置类","选项_守护天神","bool","true","plugin-source/v10-source-restoration-lk/怀旧专区配置类.cs","83"
"plugin-model","怀旧专区配置类","鬼斧_粉材炼化","bool","true","plugin-source/v10-source-restoration-lk/怀旧专区配置类.cs","85"
"plugin-model","怀旧专区配置类","鬼斧_批量鉴定","bool","true","plugin-source/v10-source-restoration-lk/怀旧专区配置类.cs","87"
"plugin-model","怀旧专区配置类","鬼斧_装备封印","bool","true","plugin-source/v10-source-restoration-lk/怀旧专区配置类.cs","89"
"plugin-model","怀旧专区配置类","鬼斧_装备共鸣","bool","true","plugin-source/v10-source-restoration-lk/怀旧专区配置类.cs","91"
"plugin-model","怀旧专区配置类","鬼斧_装备镶嵌","bool","true","plugin-source/v10-source-restoration-lk/怀旧专区配置类.cs","93"
"plugin-model","怀旧专区配置类","鬼斧_宝石拆分","bool","true","plugin-source/v10-source-restoration-lk/怀旧专区配置类.cs","95"
"plugin-model","怀旧专区配置类","鬼斧_骑宠融合","bool","true","plugin-source/v10-source-restoration-lk/怀旧专区配置类.cs","97"
"plugin-model","怀旧专区配置类","鬼斧_猎取魂兽","bool","true","plugin-source/v10-source-restoration-lk/怀旧专区配置类.cs","99"
"plugin-model","怀旧专区配置类","鬼斧_升级魂兽","bool","true","plugin-source/v10-source-restoration-lk/怀旧专区配置类.cs","101"
"plugin-model","怀旧专区配置类","鬼斧_宠物顿悟","bool","true","plugin-source/v10-source-restoration-lk/怀旧专区配置类.cs","103"
"plugin-model","怀旧专区配置类","鬼斧_宠物心法","bool","true","plugin-source/v10-source-restoration-lk/怀旧专区配置类.cs","105"
"plugin-model","怀旧专区配置类","鬼斧_天书强化","bool","true","plugin-source/v10-source-restoration-lk/怀旧专区配置类.cs","107"
"plugin-model","怀旧专区配置类","鬼斧_天书转属","bool","true","plugin-source/v10-source-restoration-lk/怀旧专区配置类.cs","109"
"plugin-model","怀旧专区配置类","鬼斧_天书继承","bool","true","plugin-source/v10-source-restoration-lk/怀旧专区配置类.cs","111"
"plugin-model","怀旧专区配置类","鬼斧_法宝转换","bool","true","plugin-source/v10-source-restoration-lk/怀旧专区配置类.cs","113"
"plugin-model","怀旧专区配置类","悟道_悟道按钮","bool","true","plugin-source/v10-source-restoration-lk/怀旧专区配置类.cs","115"
"plugin-model","怀旧专区配置类","悟道_购买按钮","bool","true","plugin-source/v10-source-restoration-lk/怀旧专区配置类.cs","117"
"plugin-model","怀旧专区配置类","悟道_领悟按钮","bool","true","plugin-source/v10-source-restoration-lk/怀旧专区配置类.cs","119"
"plugin-model","怀旧专区配置类","悟道_加号按钮","bool","true","plugin-source/v10-source-restoration-lk/怀旧专区配置类.cs","121"
"plugin-model","怀旧专区配置类","宠物_助阵按钮","bool","true","plugin-source/v10-source-restoration-lk/怀旧专区配置类.cs","123"
"plugin-model","怀旧专区配置类","宠物_抗性按钮","bool","true","plugin-source/v10-source-restoration-lk/怀旧专区配置类.cs","125"
"plugin-model","指定会员配置类","功能开关","bool","","plugin-source/v10-source-restoration-lk/指定会员配置类.cs","3"
"plugin-model","指定会员配置类","NPC数据","NPC数据类","new NPC数据类(105, ""妙妙仙子"", ""坐姿染色指引"", new 坐标类(237, 217), 5, 20174)","plugin-source/v10-source-restoration-lk/指定会员配置类.cs","5"
"plugin-model","指定会员配置类","指定道具","string","string.Empty","plugin-source/v10-source-restoration-lk/指定会员配置类.cs","7"
"plugin-model","指定会员配置类","指定称号","string","string.Empty","plugin-source/v10-source-restoration-lk/指定会员配置类.cs","9"
"plugin-model","指定会员配置类","每日领取","string","string.Empty","plugin-source/v10-source-restoration-lk/指定会员配置类.cs","11"
"plugin-model","指定会员配置类","指定地图","string","string.Empty","plugin-source/v10-source-restoration-lk/指定会员配置类.cs","13"
"plugin-model","指定会员配置类","每周最低分红","int","","plugin-source/v10-source-restoration-lk/指定会员配置类.cs","15"
"plugin-model","指定会员配置类","分红比例","int","","plugin-source/v10-source-restoration-lk/指定会员配置类.cs","17"
"plugin-model","挑战BOSS配置类","功能开关","bool","","plugin-source/v10-source-restoration-lk/挑战BOSS配置类.cs","5"
"plugin-model","挑战BOSS配置类","is指定会员双倍","bool","","plugin-source/v10-source-restoration-lk/挑战BOSS配置类.cs","7"
"plugin-model","挑战BOSS配置类","挑战boss列表","ConcurrentDictionary<string, 挑战BOSS列表类>","new ConcurrentDictionary<string, 挑战BOSS列表类>()","plugin-source/v10-source-restoration-lk/挑战BOSS配置类.cs","9"
"plugin-model","推荐拉人配置类","功能开关","bool","","plugin-source/v10-source-restoration-lk/推荐拉人配置类.cs","3"
"plugin-model","推荐拉人配置类","is推荐自己无效","bool","","plugin-source/v10-source-restoration-lk/推荐拉人配置类.cs","5"
"plugin-model","推荐拉人配置类","is同IP推荐无效","bool","","plugin-source/v10-source-restoration-lk/推荐拉人配置类.cs","7"
"plugin-model","推荐拉人配置类","is同机器码推荐无效","bool","","plugin-source/v10-source-restoration-lk/推荐拉人配置类.cs","9"
"plugin-model","推荐拉人配置类","is同QQ推荐无效","bool","","plugin-source/v10-source-restoration-lk/推荐拉人配置类.cs","11"
"plugin-model","推荐拉人配置类","推荐人奖励","string","string.Empty","plugin-source/v10-source-restoration-lk/推荐拉人配置类.cs","13"
"plugin-model","推荐拉人配置类","推荐人奖励类型","AllEnums.数值Type","","plugin-source/v10-source-restoration-lk/推荐拉人配置类.cs","15"
"plugin-model","推荐拉人配置类","被推荐人填写奖励","string","string.Empty","plugin-source/v10-source-restoration-lk/推荐拉人配置类.cs","17"
"plugin-model","推荐拉人配置类","被推荐人填写奖励类型","AllEnums.数值Type","","plugin-source/v10-source-restoration-lk/推荐拉人配置类.cs","19"
"plugin-model","推荐拉人配置类","is获取被推荐人充值奖励","bool","","plugin-source/v10-source-restoration-lk/推荐拉人配置类.cs","21"
"plugin-model","推荐拉人配置类","最低充值","int","","plugin-source/v10-source-restoration-lk/推荐拉人配置类.cs","23"
"plugin-model","推荐拉人配置类","充值奖励类型","AllEnums.数值Type","","plugin-source/v10-source-restoration-lk/推荐拉人配置类.cs","25"
"plugin-model","推荐拉人配置类","充值奖励","int","","plugin-source/v10-source-restoration-lk/推荐拉人配置类.cs","27"
"plugin-model","推荐拉人配置类","is累计推荐奖励开关","bool","","plugin-source/v10-source-restoration-lk/推荐拉人配置类.cs","29"
"plugin-model","推荐拉人配置类","累计推荐5人奖励","int","","plugin-source/v10-source-restoration-lk/推荐拉人配置类.cs","31"
"plugin-model","推荐拉人配置类","累计推荐5人奖励类型","AllEnums.数值Type","","plugin-source/v10-source-restoration-lk/推荐拉人配置类.cs","33"
"plugin-model","推荐拉人配置类","累计推荐10人奖励","int","","plugin-source/v10-source-restoration-lk/推荐拉人配置类.cs","35"
"plugin-model","推荐拉人配置类","累计推荐10人奖励类型","AllEnums.数值Type","","plugin-source/v10-source-restoration-lk/推荐拉人配置类.cs","37"
"plugin-model","推荐拉人配置类","累计推荐20人奖励","int","","plugin-source/v10-source-restoration-lk/推荐拉人配置类.cs","39"
"plugin-model","推荐拉人配置类","累计推荐20人奖励类型","AllEnums.数值Type","","plugin-source/v10-source-restoration-lk/推荐拉人配置类.cs","41"
"plugin-model","推荐拉人配置类","累计推荐40人奖励","int","","plugin-source/v10-source-restoration-lk/推荐拉人配置类.cs","43"
"plugin-model","推荐拉人配置类","累计推荐40人奖励类型","AllEnums.数值Type","","plugin-source/v10-source-restoration-lk/推荐拉人配置类.cs","45"
"plugin-model","推荐拉人配置类","累计推荐60人奖励","int","","plugin-source/v10-source-restoration-lk/推荐拉人配置类.cs","47"
"plugin-model","推荐拉人配置类","累计推荐60人奖励类型","AllEnums.数值Type","","plugin-source/v10-source-restoration-lk/推荐拉人配置类.cs","49"
"plugin-model","推荐拉人配置类","累计推荐80人奖励","int","","plugin-source/v10-source-restoration-lk/推荐拉人配置类.cs","51"
"plugin-model","推荐拉人配置类","累计推荐80人奖励类型","AllEnums.数值Type","","plugin-source/v10-source-restoration-lk/推荐拉人配置类.cs","53"
"plugin-model","推荐拉人配置类","累计推荐100人奖励","int","","plugin-source/v10-source-restoration-lk/推荐拉人配置类.cs","55"
"plugin-model","推荐拉人配置类","累计推荐100人奖励类型","AllEnums.数值Type","","plugin-source/v10-source-restoration-lk/推荐拉人配置类.cs","57"
"plugin-model","摆摊配置类","功能开关","bool","","plugin-source/v10-source-restoration-lk/摆摊配置类.cs","3"
"plugin-model","摆摊配置类","货币类型","AllEnums.数值Type","AllEnums.数值Type.奇宝点","plugin-source/v10-source-restoration-lk/摆摊配置类.cs","5"
"plugin-model","摆摊配置类","货币道具","string","string.Empty","plugin-source/v10-source-restoration-lk/摆摊配置类.cs","7"
"plugin-model","摆摊配置类","道具单位","string","""个""","plugin-source/v10-source-restoration-lk/摆摊配置类.cs","9"
"plugin-model","摆摊配置类","存取NPC名字","string","""集市传送人""","plugin-source/v10-source-restoration-lk/摆摊配置类.cs","11"
"plugin-model","日常配置类","功能开关","bool","","plugin-source/v10-source-restoration-lk/日常配置类.cs","5"
"plugin-model","日常配置类","配置详情","ConcurrentDictionary<AllEnums.日常类型Type, 日常配置详情类>","new ConcurrentDictionary<AllEnums.日常类型Type, 日常配置详情类>()","plugin-source/v10-source-restoration-lk/日常配置类.cs","7"
"plugin-model","日常配置详情类","功能开关","bool","","plugin-source/v10-source-restoration-lk/日常配置详情类.cs","5"
"plugin-model","日常配置详情类","五雷无效","bool","","plugin-source/v10-source-restoration-lk/日常配置详情类.cs","7"
"plugin-model","日常配置详情类","最多获得奖励数量","int","5","plugin-source/v10-source-restoration-lk/日常配置详情类.cs","9"
"plugin-model","日常配置详情类","奖励列表","List<日常奖励类>","new List<日常奖励类>()","plugin-source/v10-source-restoration-lk/日常配置详情类.cs","11"
"plugin-model","时装坐姿染色配置类","时装坐姿开关","bool","","plugin-source/v10-source-restoration-lk/时装坐姿染色配置类.cs","6"
"plugin-model","时装坐姿染色配置类","坐姿染色开关","bool","","plugin-source/v10-source-restoration-lk/时装坐姿染色配置类.cs","8"
"plugin-model","时装坐姿染色配置类","坐姿染色战斗开关","bool","","plugin-source/v10-source-restoration-lk/时装坐姿染色配置类.cs","10"
"plugin-model","时装坐姿染色配置类","染色消耗数量","int","5","plugin-source/v10-source-restoration-lk/时装坐姿染色配置类.cs","12"
"plugin-model","时装坐姿染色配置类","时装坐姿列表","ConcurrentDictionary<string, 时装坐姿数据列表类>","new ConcurrentDictionary<string, 时装坐姿数据列表类>()","plugin-source/v10-source-restoration-lk/时装坐姿染色配置类.cs","14"
"plugin-model","时装坐姿染色配置类","染色坐姿列表","ConcurrentDictionary<string, List<染色坐姿数据列表类>>","new ConcurrentDictionary<string, List<染色坐姿数据列表类>>()","plugin-source/v10-source-restoration-lk/时装坐姿染色配置类.cs","16"
"plugin-model","智能怪物配置类","功能开关","bool","","plugin-source/v10-source-restoration-lk/智能怪物配置类.cs","3"
"plugin-model","智能怪物配置类","怪物最低高于玩家等级","int","20","plugin-source/v10-source-restoration-lk/智能怪物配置类.cs","5"
"plugin-model","智能怪物配置类","怪物高于玩家10级增幅","int[]","new int[2] { 10, 10 }","plugin-source/v10-source-restoration-lk/智能怪物配置类.cs","7"
"plugin-model","智能怪物配置类","怪物高于玩家20级增幅","int[]","new int[2] { 20, 20 }","plugin-source/v10-source-restoration-lk/智能怪物配置类.cs","9"
"plugin-model","智能怪物配置类","怪物高于玩家30级增幅","int[]","new int[2] { 30, 30 }","plugin-source/v10-source-restoration-lk/智能怪物配置类.cs","11"
"plugin-model","智能怪物配置类","怪物高于玩家40级增幅","int[]","new int[2] { 40, 40 }","plugin-source/v10-source-restoration-lk/智能怪物配置类.cs","13"
"plugin-model","智能怪物配置类","怪物高于玩家50级增幅","int[]","new int[2] { 50, 50 }","plugin-source/v10-source-restoration-lk/智能怪物配置类.cs","15"
"plugin-model","智能怪物配置类","怪物高于玩家60级增幅","int[]","new int[2] { 60, 60 }","plugin-source/v10-source-restoration-lk/智能怪物配置类.cs","17"
"plugin-model","智能怪物配置类","怪物高于玩家70级增幅","int[]","new int[2] { 70, 70 }","plugin-source/v10-source-restoration-lk/智能怪物配置类.cs","19"
"plugin-model","智能怪物配置类","怪物高于玩家80级增幅","int[]","new int[2] { 80, 80 }","plugin-source/v10-source-restoration-lk/智能怪物配置类.cs","21"
"plugin-model","智能怪物配置类","怪物高于玩家90级增幅","int[]","new int[2] { 90, 90 }","plugin-source/v10-source-restoration-lk/智能怪物配置类.cs","23"
"plugin-model","智能怪物配置类","怪物高于玩家100级增幅","int[]","new int[2] { 100, 100 }","plugin-source/v10-source-restoration-lk/智能怪物配置类.cs","25"
"plugin-model","智能怪物配置类","玩家最低高于怪物等级","int","20","plugin-source/v10-source-restoration-lk/智能怪物配置类.cs","27"
"plugin-model","智能怪物配置类","玩家高于怪物10级消减","int[]","new int[2] { 10, 10 }","plugin-source/v10-source-restoration-lk/智能怪物配置类.cs","29"
"plugin-model","智能怪物配置类","玩家高于怪物20级消减","int[]","new int[2] { 20, 20 }","plugin-source/v10-source-restoration-lk/智能怪物配置类.cs","31"
"plugin-model","智能怪物配置类","玩家高于怪物30级消减","int[]","new int[2] { 30, 30 }","plugin-source/v10-source-restoration-lk/智能怪物配置类.cs","33"
"plugin-model","智能怪物配置类","玩家高于怪物40级消减","int[]","new int[2] { 40, 40 }","plugin-source/v10-source-restoration-lk/智能怪物配置类.cs","35"
"plugin-model","智能怪物配置类","玩家高于怪物50级消减","int[]","new int[2] { 50, 50 }","plugin-source/v10-source-restoration-lk/智能怪物配置类.cs","37"
"plugin-model","智能怪物配置类","玩家高于怪物60级消减","int[]","new int[2] { 60, 60 }","plugin-source/v10-source-restoration-lk/智能怪物配置类.cs","39"
"plugin-model","智能怪物配置类","玩家高于怪物70级消减","int[]","new int[2] { 70, 70 }","plugin-source/v10-source-restoration-lk/智能怪物配置类.cs","41"
"plugin-model","智能怪物配置类","玩家高于怪物80级消减","int[]","new int[2] { 80, 80 }","plugin-source/v10-source-restoration-lk/智能怪物配置类.cs","43"
"plugin-model","智能怪物配置类","玩家高于怪物90级消减","int[]","new int[2] { 90, 90 }","plugin-source/v10-source-restoration-lk/智能怪物配置类.cs","45"
"plugin-model","智能怪物配置类","玩家高于怪物100级消减","int[]","new int[2] { 100, 100 }","plugin-source/v10-source-restoration-lk/智能怪物配置类.cs","47"
"plugin-model","法宝共生配置类","功能开关","bool","","plugin-source/v10-source-restoration-lk/法宝共生配置类.cs","3"
"plugin-model","法宝共生配置类","npc名字","string","string.Empty","plugin-source/v10-source-restoration-lk/法宝共生配置类.cs","5"
"plugin-model","法宝共生配置类","消耗数值","int","","plugin-source/v10-source-restoration-lk/法宝共生配置类.cs","7"
"plugin-model","法宝共生配置类","消耗数值类型","AllEnums.数值Type","AllEnums.数值Type.银元宝","plugin-source/v10-source-restoration-lk/法宝共生配置类.cs","9"
"plugin-model","法宝共生配置类","元神合体开关","bool","true","plugin-source/v10-source-restoration-lk/法宝共生配置类.cs","11"
"plugin-model","法宝共生配置类","元神合体npc名字","string","""仙缘道人""","plugin-source/v10-source-restoration-lk/法宝共生配置类.cs","13"
"plugin-model","法宝共生配置类","元神合体消耗数值类型","AllEnums.数值Type","AllEnums.数值Type.银元宝","plugin-source/v10-source-restoration-lk/法宝共生配置类.cs","15"
"plugin-model","法宝共生配置类","元神合体消耗数值","int","","plugin-source/v10-source-restoration-lk/法宝共生配置类.cs","17"
"plugin-model","法宝共生配置类","最低等级","int","139","plugin-source/v10-source-restoration-lk/法宝共生配置类.cs","19"
"plugin-model","法宝共生配置类","最高等级","int","139","plugin-source/v10-source-restoration-lk/法宝共生配置类.cs","21"
"plugin-model","洗炼装备配置类","装备类型","AllEnums.装备Type","AllEnums.装备Type.时装","plugin-source/v10-source-restoration-lk/洗炼装备配置类.cs","3"
"plugin-model","洗炼装备配置类","功能开关","bool","","plugin-source/v10-source-restoration-lk/洗炼装备配置类.cs","5"
"plugin-model","洗炼装备配置类","装备名字","string","string.Empty","plugin-source/v10-source-restoration-lk/洗炼装备配置类.cs","7"
"plugin-model","洗炼装备配置类","锁定开关","bool","true","plugin-source/v10-source-restoration-lk/洗炼装备配置类.cs","9"
"plugin-model","洗炼装备配置类","锁定类型","AllEnums.数值Type","AllEnums.数值Type.银元宝","plugin-source/v10-source-restoration-lk/洗炼装备配置类.cs","11"
"plugin-model","洗炼装备配置类","锁定消耗","int","1000000","plugin-source/v10-source-restoration-lk/洗炼装备配置类.cs","13"
"plugin-model","洗炼装备配置类","is属性重复","bool","","plugin-source/v10-source-restoration-lk/洗炼装备配置类.cs","15"
"plugin-model","洗炼装备配置类","属性重复次数","int","2","plugin-source/v10-source-restoration-lk/洗炼装备配置类.cs","17"
"plugin-model","洗炼装备配置类","最低属性条数","int","1","plugin-source/v10-source-restoration-lk/洗炼装备配置类.cs","19"
"plugin-model","洗炼装备配置类","最高属性条数","int","5","plugin-source/v10-source-restoration-lk/洗炼装备配置类.cs","21"
"plugin-model","洗炼装备配置类","刷新出最高条数次数","int","100","plugin-source/v10-source-restoration-lk/洗炼装备配置类.cs","23"
"plugin-model","洗炼装备配置类","刷新出最高属性次数","int","200","plugin-source/v10-source-restoration-lk/洗炼装备配置类.cs","25"
"plugin-model","洗炼装备配置类","is道具洗炼","bool","","plugin-source/v10-source-restoration-lk/洗炼装备配置类.cs","27"
"plugin-model","洗炼装备配置类","洗炼道具名字","string","""洗炼石""","plugin-source/v10-source-restoration-lk/洗炼装备配置类.cs","29"
"plugin-model","洗炼装备配置类","道具洗炼消耗","int","100","plugin-source/v10-source-restoration-lk/洗炼装备配置类.cs","31"
"plugin-model","洗炼装备配置类","is数值洗炼","bool","","plugin-source/v10-source-restoration-lk/洗炼装备配置类.cs","33"
"plugin-model","洗炼装备配置类","数值洗炼类型","AllEnums.数值Type","AllEnums.数值Type.金元宝","plugin-source/v10-source-restoration-lk/洗炼装备配置类.cs","35"
"plugin-model","洗炼装备配置类","数值洗炼消耗","int","100","plugin-source/v10-source-restoration-lk/洗炼装备配置类.cs","37"
"plugin-model","洗炼装备配置类","is附加描述","bool","true","plugin-source/v10-source-restoration-lk/洗炼装备配置类.cs","39"
"plugin-model","洗炼装备配置类","附加描述","string","string.Empty","plugin-source/v10-source-restoration-lk/洗炼装备配置类.cs","41"
"plugin-model","活跃度奖励配置类","活跃度","int","","plugin-source/v10-source-restoration-lk/活跃度奖励配置类.cs","5"
"plugin-model","活跃度奖励配置类","奖累充点","int","","plugin-source/v10-source-restoration-lk/活跃度奖励配置类.cs","7"
"plugin-model","活跃度奖励配置类","奖南极点","int","","plugin-source/v10-source-restoration-lk/活跃度奖励配置类.cs","9"
"plugin-model","活跃度奖励配置类","奖金元宝","int","","plugin-source/v10-source-restoration-lk/活跃度奖励配置类.cs","11"
"plugin-model","活跃度奖励配置类","奖银元宝","int","","plugin-source/v10-source-restoration-lk/活跃度奖励配置类.cs","13"
"plugin-model","活跃度奖励配置类","奖励道具","string","string.Empty","plugin-source/v10-source-restoration-lk/活跃度奖励配置类.cs","15"
"plugin-model","活跃度配置类","功能开关","bool","","plugin-source/v10-source-restoration-lk/活跃度配置类.cs","3"
"plugin-model","活跃度配置类","is普通玩家可领取","bool","true","plugin-source/v10-source-restoration-lk/活跃度配置类.cs","5"
"plugin-model","活跃度配置类","活跃度50奖励","活跃度奖励配置类","new 活跃度奖励配置类()","plugin-source/v10-source-restoration-lk/活跃度配置类.cs","7"
"plugin-model","活跃度配置类","活跃度100奖励","活跃度奖励配置类","new 活跃度奖励配置类()","plugin-source/v10-source-restoration-lk/活跃度配置类.cs","9"
"plugin-model","活跃度配置类","活跃度150奖励","活跃度奖励配置类","new 活跃度奖励配置类()","plugin-source/v10-source-restoration-lk/活跃度配置类.cs","11"
"plugin-model","活跃度配置类","活跃度200奖励","活跃度奖励配置类","new 活跃度奖励配置类()","plugin-source/v10-source-restoration-lk/活跃度配置类.cs","13"
"plugin-model","活跃度配置类","活跃度250奖励","活跃度奖励配置类","new 活跃度奖励配置类()","plugin-source/v10-source-restoration-lk/活跃度配置类.cs","15"
"plugin-model","活跃度配置类","活跃度300奖励","活跃度奖励配置类","new 活跃度奖励配置类()","plugin-source/v10-source-restoration-lk/活跃度配置类.cs","17"
"plugin-model","浮生化身配置类","化身名字","string","string.Empty","plugin-source/v10-source-restoration-lk/浮生化身配置类.cs","3"
"plugin-model","浮生化身配置类","化身icon","int","","plugin-source/v10-source-restoration-lk/浮生化身配置类.cs","5"
"plugin-model","浮生化身配置类","星级","AllEnums.化身星级","AllEnums.化身星级.一星","plugin-source/v10-source-restoration-lk/浮生化身配置类.cs","7"
"plugin-model","浮生化身配置类","分类","AllEnums.化身分类","","plugin-source/v10-source-restoration-lk/浮生化身配置类.cs","9"
"plugin-model","浮生化身配置类","碎化数量","int","","plugin-source/v10-source-restoration-lk/浮生化身配置类.cs","11"
"plugin-model","浮生化身配置类","属性名字","AllEnums.属性名字Type","","plugin-source/v10-source-restoration-lk/浮生化身配置类.cs","13"
"plugin-model","浮生化身配置类","属性数值","int","","plugin-source/v10-source-restoration-lk/浮生化身配置类.cs","15"
"plugin-model","浮生录配置类","功能开关","bool","","plugin-source/v10-source-restoration-lk/浮生录配置类.cs","5"
"plugin-model","浮生录配置类","定制功能开关","bool","","plugin-source/v10-source-restoration-lk/浮生录配置类.cs","7"
"plugin-model","浮生录配置类","特效道具","string","""浮生金丹""","plugin-source/v10-source-restoration-lk/浮生录配置类.cs","9"
"plugin-model","浮生录配置类","NPC数据","NPC数据类","new NPC数据类(102, ""浮生天尊"", ""浮生录功能指引"", new 坐标类(100, 100), 7, 6001)","plugin-source/v10-source-restoration-lk/浮生录配置类.cs","11"
"plugin-model","浮生录配置类","is道具抽取","bool","","plugin-source/v10-source-restoration-lk/浮生录配置类.cs","13"
"plugin-model","浮生录配置类","is道具连抽","bool","","plugin-source/v10-source-restoration-lk/浮生录配置类.cs","15"
"plugin-model","浮生录配置类","道具名字","string","""浮生之羽""","plugin-source/v10-source-restoration-lk/浮生录配置类.cs","17"
"plugin-model","浮生录配置类","道具消耗","int","10","plugin-source/v10-source-restoration-lk/浮生录配置类.cs","19"
"plugin-model","浮生录配置类","is数值抽取","bool","","plugin-source/v10-source-restoration-lk/浮生录配置类.cs","21"
"plugin-model","浮生录配置类","is数值连抽","bool","","plugin-source/v10-source-restoration-lk/浮生录配置类.cs","23"
"plugin-model","浮生录配置类","数值类型","AllEnums.数值Type","AllEnums.数值Type.银元宝","plugin-source/v10-source-restoration-lk/浮生录配置类.cs","25"
"plugin-model","浮生录配置类","数值消耗","int","","plugin-source/v10-source-restoration-lk/浮生录配置类.cs","27"
"plugin-model","浮生录配置类","化身列表","ConcurrentDictionary<string, 浮生化身配置类>","new ConcurrentDictionary<string, 浮生化身配置类>()","plugin-source/v10-source-restoration-lk/浮生录配置类.cs","29"
"plugin-model","浮生录配置类","一星化身抽取几率","int","100","plugin-source/v10-source-restoration-lk/浮生录配置类.cs","31"
"plugin-model","浮生录配置类","二星化身抽取几率","int","80","plugin-source/v10-source-restoration-lk/浮生录配置类.cs","33"
"plugin-model","浮生录配置类","三星化身抽取几率","int","60","plugin-source/v10-source-restoration-lk/浮生录配置类.cs","35"
"plugin-model","浮生录配置类","四星化身抽取几率","int","20","plugin-source/v10-source-restoration-lk/浮生录配置类.cs","37"
"plugin-model","浮生录配置类","五星化身抽取几率","int","1","plugin-source/v10-source-restoration-lk/浮生录配置类.cs","39"
"plugin-model","浮生录配置类","乱世书属性","AllEnums.属性Type","AllEnums.属性Type.木相性","plugin-source/v10-source-restoration-lk/浮生录配置类.cs","41"
"plugin-model","浮生录配置类","定制乱世书属性","AllEnums.属性名字Type","","plugin-source/v10-source-restoration-lk/浮生录配置类.cs","43"
"plugin-model","浮生录配置类","乱世书数值","int","50","plugin-source/v10-source-restoration-lk/浮生录配置类.cs","45"
"plugin-model","浮生录配置类","千钧卷属性","AllEnums.属性Type","AllEnums.属性Type.土相性","plugin-source/v10-source-restoration-lk/浮生录配置类.cs","47"
"plugin-model","浮生录配置类","定制千钧卷属性","AllEnums.属性名字Type","","plugin-source/v10-source-restoration-lk/浮生录配置类.cs","49"
"plugin-model","浮生录配置类","千钧卷数值","int","50","plugin-source/v10-source-restoration-lk/浮生录配置类.cs","51"
"plugin-model","浮生录配置类","灵虚卷属性","AllEnums.属性Type","AllEnums.属性Type.金相性","plugin-source/v10-source-restoration-lk/浮生录配置类.cs","53"
"plugin-model","浮生录配置类","定制灵虚卷属性","AllEnums.属性名字Type","","plugin-source/v10-source-restoration-lk/浮生录配置类.cs","55"
"plugin-model","浮生录配置类","灵虚卷数值","int","50","plugin-source/v10-source-restoration-lk/浮生录配置类.cs","57"
"plugin-model","浮生录配置类","御元卷属性","AllEnums.属性Type","AllEnums.属性Type.水相性","plugin-source/v10-source-restoration-lk/浮生录配置类.cs","59"
"plugin-model","浮生录配置类","定制御元卷属性","AllEnums.属性名字Type","","plugin-source/v10-source-restoration-lk/浮生录配置类.cs","61"
"plugin-model","浮生录配置类","御元卷数值","int","50","plugin-source/v10-source-restoration-lk/浮生录配置类.cs","63"
"plugin-model","浮生录配置类","乘风卷属性","AllEnums.属性Type","AllEnums.属性Type.火相性","plugin-source/v10-source-restoration-lk/浮生录配置类.cs","65"
"plugin-model","浮生录配置类","定制乘风卷属性","AllEnums.属性名字Type","","plugin-source/v10-source-restoration-lk/浮生录配置类.cs","67"
"plugin-model","浮生录配置类","乘风卷数值","int","50","plugin-source/v10-source-restoration-lk/浮生录配置类.cs","69"
"plugin-model","灵幡附灵配置类","功能开关","bool","","plugin-source/v10-source-restoration-lk/灵幡附灵配置类.cs","5"
"plugin-model","灵幡附灵配置类","一阶灵幡名字","string","""一阶引灵幡""","plugin-source/v10-source-restoration-lk/灵幡附灵配置类.cs","7"
"plugin-model","灵幡附灵配置类","二阶灵幡名字","string","""二阶引灵幡""","plugin-source/v10-source-restoration-lk/灵幡附灵配置类.cs","9"
"plugin-model","灵幡附灵配置类","三阶灵幡名字","string","""三阶引灵幡""","plugin-source/v10-source-restoration-lk/灵幡附灵配置类.cs","11"
"plugin-model","灵幡附灵配置类","四阶灵幡名字","string","""四阶引灵幡""","plugin-source/v10-source-restoration-lk/灵幡附灵配置类.cs","13"
"plugin-model","灵幡附灵配置类","附灵字典","ConcurrentDictionary<int, 引灵幡属性列表类>","new ConcurrentDictionary<int, 引灵幡属性列表类>()","plugin-source/v10-source-restoration-lk/灵幡附灵配置类.cs","15"
"plugin-model","点卡配置类","系统开关","bool","","plugin-source/v10-source-restoration-lk/点卡配置类.cs","3"
"plugin-model","点卡配置类","注册赠送点数","int","","plugin-source/v10-source-restoration-lk/点卡配置类.cs","5"
"plugin-model","点卡配置类","每分钟扣除点","int","","plugin-source/v10-source-restoration-lk/点卡配置类.cs","7"
"plugin-model","燃眉配置类","功能开关","bool","","plugin-source/v10-source-restoration-lk/燃眉配置类.cs","3"
"plugin-model","燃眉配置类","五星概率","int","1","plugin-source/v10-source-restoration-lk/燃眉配置类.cs","5"
"plugin-model","燃眉配置类","四星概率","int","5","plugin-source/v10-source-restoration-lk/燃眉配置类.cs","7"
"plugin-model","燃眉配置类","三星概率","int","20","plugin-source/v10-source-restoration-lk/燃眉配置类.cs","9"
"plugin-model","燃眉配置类","二星概率","int","70","plugin-source/v10-source-restoration-lk/燃眉配置类.cs","11"
"plugin-model","燃眉配置类","葫芦概率","int","10","plugin-source/v10-source-restoration-lk/燃眉配置类.cs","13"
"plugin-model","燃眉配置类","每日次数","int","10","plugin-source/v10-source-restoration-lk/燃眉配置类.cs","15"
"plugin-model","燃眉配置类","每日紫帝晶数量","int","10","plugin-source/v10-source-restoration-lk/燃眉配置类.cs","17"
"plugin-model","燃眉配置类","常规价格","int","2000000","plugin-source/v10-source-restoration-lk/燃眉配置类.cs","19"
"plugin-model","燃眉配置类","高级价格","int","20000000","plugin-source/v10-source-restoration-lk/燃眉配置类.cs","21"
"plugin-model","燃眉配置类","超级价格","int","100000000","plugin-source/v10-source-restoration-lk/燃眉配置类.cs","23"
"plugin-model","燃眉配置类","托号角色","string","string.Empty","plugin-source/v10-source-restoration-lk/燃眉配置类.cs","25"
"plugin-model","特效配置类","功能开关","bool","","plugin-source/v10-source-restoration-lk/特效配置类.cs","5"
"plugin-model","特效配置类","绑定装备才可鉴定","bool","","plugin-source/v10-source-restoration-lk/特效配置类.cs","7"
"plugin-model","特效配置类","使用装备等级","int[]","new int[2] { 0, 999 }","plugin-source/v10-source-restoration-lk/特效配置类.cs","9"
"plugin-model","特效配置类","鉴定特效道具","string","string.Empty","plugin-source/v10-source-restoration-lk/特效配置类.cs","11"
"plugin-model","特效配置类","鉴定花费道具数量","int","","plugin-source/v10-source-restoration-lk/特效配置类.cs","13"
"plugin-model","特效配置类","鉴定成功几率","int","","plugin-source/v10-source-restoration-lk/特效配置类.cs","15"
"plugin-model","特效配置类","失败装备爆炸几率","int","","plugin-source/v10-source-restoration-lk/特效配置类.cs","17"
"plugin-model","特效配置类","爆炸补偿道具","string","string.Empty","plugin-source/v10-source-restoration-lk/特效配置类.cs","19"
"plugin-model","特效配置类","爆炸补偿道具数量","int","","plugin-source/v10-source-restoration-lk/特效配置类.cs","21"
"plugin-model","特效配置类","特效列表","List<特效列表类>","new List<特效列表类>()","plugin-source/v10-source-restoration-lk/特效配置类.cs","23"
"plugin-model","狐狸和狗配置类","功能开关","bool","","plugin-source/v10-source-restoration-lk/狐狸和狗配置类.cs","3"
"plugin-model","狐狸和狗配置类","队长账号","string","string.Empty","plugin-source/v10-source-restoration-lk/狐狸和狗配置类.cs","5"
"plugin-model","狐狸和狗配置类","托号账号","string","string.Empty","plugin-source/v10-source-restoration-lk/狐狸和狗配置类.cs","7"
"plugin-model","狐狸和狗配置类","中奖尾数数字","int","","plugin-source/v10-source-restoration-lk/狐狸和狗配置类.cs","9"
"plugin-model","百炼功能配置类","功能开关","bool","","plugin-source/v10-source-restoration-lk/百炼功能配置类.cs","5"
"plugin-model","百炼功能配置类","NPC数据","NPC数据类","new NPC数据类(107, ""百炼天尊"", ""装备洗炼功能指引"", new 坐标类(254, 189), 7, 6001)","plugin-source/v10-source-restoration-lk/百炼功能配置类.cs","7"
"plugin-model","百炼功能配置类","对话介绍","string","string.Empty","plugin-source/v10-source-restoration-lk/百炼功能配置类.cs","9"
"plugin-model","百炼功能配置类","百炼列表","ConcurrentDictionary<string, 百炼列表类>","new ConcurrentDictionary<string, 百炼列表类>()","plugin-source/v10-source-restoration-lk/百炼功能配置类.cs","11"
"plugin-model","盲盒配置类","功能开关","bool","","plugin-source/v10-source-restoration-lk/盲盒配置类.cs","6"
"plugin-model","盲盒配置类","多奖励列表","ConcurrentDictionary<string, bool>","new ConcurrentDictionary<string, bool>()","plugin-source/v10-source-restoration-lk/盲盒配置类.cs","8"
"plugin-model","盲盒配置类","盲盒列表","ConcurrentDictionary<string, List<盲盒奖励类>>","new ConcurrentDictionary<string, List<盲盒奖励类>>()","plugin-source/v10-source-restoration-lk/盲盒配置类.cs","10"
"plugin-model","礼包开元宝配置类","功能开关","bool","","plugin-source/v10-source-restoration-lk/礼包开元宝配置类.cs","5"
"plugin-model","礼包开元宝配置类","礼包列表","ConcurrentDictionary<string, int[]>","new ConcurrentDictionary<string, int[]>()","plugin-source/v10-source-restoration-lk/礼包开元宝配置类.cs","7"
"plugin-model","礼包飘屏配置类","功能开关","bool","","plugin-source/v10-source-restoration-lk/礼包飘屏配置类.cs","5"
"plugin-model","礼包飘屏配置类","礼包列表","ConcurrentDictionary<string, string>","new ConcurrentDictionary<string, string>()","plugin-source/v10-source-restoration-lk/礼包飘屏配置类.cs","7"
"plugin-model","签到配置类","功能开关","bool","","plugin-source/v10-source-restoration-lk/签到配置类.cs","3"
"plugin-model","签到配置类","每日签到奖励","签到奖励类","new 签到奖励类()","plugin-source/v10-source-restoration-lk/签到配置类.cs","5"
"plugin-model","签到配置类","累计5天签到奖励","签到奖励类","new 签到奖励类()","plugin-source/v10-source-restoration-lk/签到配置类.cs","7"
"plugin-model","签到配置类","累计10天签到奖励","签到奖励类","new 签到奖励类()","plugin-source/v10-source-restoration-lk/签到配置类.cs","9"
"plugin-model","签到配置类","累计20天签到奖励","签到奖励类","new 签到奖励类()","plugin-source/v10-source-restoration-lk/签到配置类.cs","11"
"plugin-model","签到配置类","累计30天签到奖励","签到奖励类","new 签到奖励类()","plugin-source/v10-source-restoration-lk/签到配置类.cs","13"
"plugin-model","签到配置类","累计40天签到奖励","签到奖励类","new 签到奖励类()","plugin-source/v10-source-restoration-lk/签到配置类.cs","15"
"plugin-model","签到配置类","累计50天签到奖励","签到奖励类","new 签到奖励类()","plugin-source/v10-source-restoration-lk/签到配置类.cs","17"
"plugin-model","签到配置类","累计60天签到奖励","签到奖励类","new 签到奖励类()","plugin-source/v10-source-restoration-lk/签到配置类.cs","19"
"plugin-model","签到配置类","累计70天签到奖励","签到奖励类","new 签到奖励类()","plugin-source/v10-source-restoration-lk/签到配置类.cs","21"
"plugin-model","签到配置类","累计80天签到奖励","签到奖励类","new 签到奖励类()","plugin-source/v10-source-restoration-lk/签到配置类.cs","23"
"plugin-model","签到配置类","累计90天签到奖励","签到奖励类","new 签到奖励类()","plugin-source/v10-source-restoration-lk/签到配置类.cs","25"
"plugin-model","签到配置类","累计100天签到奖励","签到奖励类","new 签到奖励类()","plugin-source/v10-source-restoration-lk/签到配置类.cs","27"
"plugin-model","累充配置类","功能开关","bool","","plugin-source/v10-source-restoration-lk/累充配置类.cs","5"
"plugin-model","累充配置类","开启时间","string","""2024-01-01 00:00:00""","plugin-source/v10-source-restoration-lk/累充配置类.cs","7"
"plugin-model","累充配置类","结束时间","string","""2029-01-01 00:00:00""","plugin-source/v10-source-restoration-lk/累充配置类.cs","9"
"plugin-model","累充配置类","截止时间","string","""2029-12-01 00:00:00""","plugin-source/v10-source-restoration-lk/累充配置类.cs","11"
"plugin-model","累充配置类","奖励列表","List<累充奖励列表类>","new List<累充奖励列表类>()","plugin-source/v10-source-restoration-lk/累充配置类.cs","13"
"plugin-model","网关共享配置","Is注册大飞","bool","","plugin-source/v10-source-restoration-lk/网关共享配置.cs","3"
"plugin-model","网关共享配置","Is注册昵称","bool","","plugin-source/v10-source-restoration-lk/网关共享配置.cs","5"
"plugin-model","网关共享配置","Is注册1级大飞","bool","","plugin-source/v10-source-restoration-lk/网关共享配置.cs","7"
"plugin-model","网关共享配置","Is生成快捷","bool","true","plugin-source/v10-source-restoration-lk/网关共享配置.cs","9"
"plugin-model","网关共享配置","注册等级","string","""139""","plugin-source/v10-source-restoration-lk/网关共享配置.cs","11"
"plugin-model","网关共享配置","Is可注册","bool","true","plugin-source/v10-source-restoration-lk/网关共享配置.cs","13"
"plugin-model","网关共享配置","Is可改密码","bool","true","plugin-source/v10-source-restoration-lk/网关共享配置.cs","15"
"plugin-model","网关共享配置","Is可兑换CDK","bool","true","plugin-source/v10-source-restoration-lk/网关共享配置.cs","17"
"plugin-model","网关共享配置","Is可修复1009","bool","true","plugin-source/v10-source-restoration-lk/网关共享配置.cs","19"
"plugin-model","网关共享配置","限制多开","int","5","plugin-source/v10-source-restoration-lk/网关共享配置.cs","21"
"plugin-model","网关共享配置","Is开启防Bat","bool","","plugin-source/v10-source-restoration-lk/网关共享配置.cs","23"
"plugin-model","网关共享配置","Is开启强化","bool","","plugin-source/v10-source-restoration-lk/网关共享配置.cs","25"
"plugin-model","网关共享配置","Is隐藏心法","bool","","plugin-source/v10-source-restoration-lk/网关共享配置.cs","27"
"plugin-model","网关共享配置","Is注册新角色","bool","true","plugin-source/v10-source-restoration-lk/网关共享配置.cs","29"
"plugin-model","网关共享配置","Is注册妖族","bool","","plugin-source/v10-source-restoration-lk/网关共享配置.cs","31"
"plugin-model","网关共享配置","des","string","""asktao.mod 问道一区;127.0.0.1;8101;kbd:0;swictch:0;paroxy:0;flag:;uncheck""","plugin-source/v10-source-restoration-lk/网关共享配置.cs","33"
"plugin-model","网关共享配置","区组名字","string","string.Empty","plugin-source/v10-source-restoration-lk/网关共享配置.cs","35"
"plugin-model","网关共享配置","公告1","string","string.Empty","plugin-source/v10-source-restoration-lk/网关共享配置.cs","37"
"plugin-model","网关共享配置","公告2","string","string.Empty","plugin-source/v10-source-restoration-lk/网关共享配置.cs","39"
"plugin-model","网关共享配置","公告3","string","string.Empty","plugin-source/v10-source-restoration-lk/网关共享配置.cs","41"
"plugin-model","网关共享配置","公告4","string","string.Empty","plugin-source/v10-source-restoration-lk/网关共享配置.cs","43"
"plugin-model","网关共享配置","公告5","string","string.Empty","plugin-source/v10-source-restoration-lk/网关共享配置.cs","45"
"plugin-model","网关共享配置","CDK网站","string","string.Empty","plugin-source/v10-source-restoration-lk/网关共享配置.cs","47"
"plugin-model","网关共享配置","群链接","string","string.Empty","plugin-source/v10-source-restoration-lk/网关共享配置.cs","49"
"plugin-model","网关共享配置","Is限制qq","bool","","plugin-source/v10-source-restoration-lk/网关共享配置.cs","51"
"plugin-model","网关共享配置","限制qq列表","string","string.Empty","plugin-source/v10-source-restoration-lk/网关共享配置.cs","53"
"plugin-model","网关共享配置","Is登录qq","bool","","plugin-source/v10-source-restoration-lk/网关共享配置.cs","55"
"plugin-model","网关共享配置","Is群验证","bool","","plugin-source/v10-source-restoration-lk/网关共享配置.cs","57"
"plugin-model","网关共享配置","验证群","string","string.Empty","plugin-source/v10-source-restoration-lk/网关共享配置.cs","59"
"plugin-model","网关配置","网关端口","ushort","","plugin-source/v10-source-restoration-lk/网关配置.cs","3"
"plugin-model","网关配置","数据库IP","string","string.Empty","plugin-source/v10-source-restoration-lk/网关配置.cs","5"
"plugin-model","网关配置","数据库账号","string","""root""","plugin-source/v10-source-restoration-lk/网关配置.cs","7"
"plugin-model","网关配置","数据库密码","string","string.Empty","plugin-source/v10-source-restoration-lk/网关配置.cs","9"
"plugin-model","网关配置","数据库adb","string","""dl_adb_all""","plugin-source/v10-source-restoration-lk/网关配置.cs","11"
"plugin-model","网关配置","数据库ddb","string","""dl_ddb_1""","plugin-source/v10-source-restoration-lk/网关配置.cs","13"
"plugin-model","网关配置","注册权限","int","","plugin-source/v10-source-restoration-lk/网关配置.cs","15"
"plugin-model","网关配置","送金元宝","int","2000000000","plugin-source/v10-source-restoration-lk/网关配置.cs","17"
"plugin-model","网关配置","送银元宝","int","","plugin-source/v10-source-restoration-lk/网关配置.cs","19"
"plugin-model","网关配置","送道行","int","","plugin-source/v10-source-restoration-lk/网关配置.cs","21"
"plugin-model","网关配置","送金钱","int","","plugin-source/v10-source-restoration-lk/网关配置.cs","23"
"plugin-model","网关配置","送代金","int","","plugin-source/v10-source-restoration-lk/网关配置.cs","25"
"plugin-model","网关配置","送潜能","int","","plugin-source/v10-source-restoration-lk/网关配置.cs","27"
"plugin-model","网关配置","送声望","int","","plugin-source/v10-source-restoration-lk/网关配置.cs","29"
"plugin-model","网关配置","送战绩","int","","plugin-source/v10-source-restoration-lk/网关配置.cs","31"
"plugin-model","网关配置","送称号","string","""大飞""","plugin-source/v10-source-restoration-lk/网关配置.cs","33"
"plugin-model","网关配置","Is送娃娃","bool","","plugin-source/v10-source-restoration-lk/网关配置.cs","35"
"plugin-model","网关配置","娃娃亲密","int","","plugin-source/v10-source-restoration-lk/网关配置.cs","37"
"plugin-model","网关配置","娃娃外观","int","","plugin-source/v10-source-restoration-lk/网关配置.cs","39"
"plugin-model","网关配置","Is送守护","bool","","plugin-source/v10-source-restoration-lk/网关配置.cs","41"
"plugin-model","网关配置","守护亲密","int","","plugin-source/v10-source-restoration-lk/网关配置.cs","43"
"plugin-model","网关配置","Is法宝共生","bool","","plugin-source/v10-source-restoration-lk/网关配置.cs","45"
"plugin-model","网关配置","Is元神合体","bool","","plugin-source/v10-source-restoration-lk/网关配置.cs","47"
"plugin-model","网关配置","出生地图","string","""天墉城""","plugin-source/v10-source-restoration-lk/网关配置.cs","49"
"plugin-model","网关配置","出生坐标","string","""260,200""","plugin-source/v10-source-restoration-lk/网关配置.cs","51"
"plugin-model","网关配置","Is带技能","bool","","plugin-source/v10-source-restoration-lk/网关配置.cs","53"
"plugin-model","网关配置","Is带技能精研","bool","","plugin-source/v10-source-restoration-lk/网关配置.cs","55"
"plugin-model","网关配置","引灵幡技能等级","int","288","plugin-source/v10-source-restoration-lk/网关配置.cs","57"
"plugin-model","网关配置","限制注册","int","5","plugin-source/v10-source-restoration-lk/网关配置.cs","59"
"plugin-model","网关配置","Is开启防CC","bool","","plugin-source/v10-source-restoration-lk/网关配置.cs","61"
"plugin-model","网关配置","Is在线兑换","bool","","plugin-source/v10-source-restoration-lk/网关配置.cs","63"
"plugin-model","网关配置","赠送道具","bool","","plugin-source/v10-source-restoration-lk/网关配置.cs","65"
"plugin-model","网关配置","赠送道具名字","string","""新手礼包（10级）""","plugin-source/v10-source-restoration-lk/网关配置.cs","67"
"plugin-model","网关配置","道具数量","int","1","plugin-source/v10-source-restoration-lk/网关配置.cs","69"
"plugin-model","网关配置","道具耐久","int","1","plugin-source/v10-source-restoration-lk/网关配置.cs","71"
"plugin-model","网关配置","道具绑定","int","2","plugin-source/v10-source-restoration-lk/网关配置.cs","73"
"plugin-model","网关配置","Is注册验证码","bool","","plugin-source/v10-source-restoration-lk/网关配置.cs","75"
"plugin-model","网关配置","Is注册1级大飞","bool","true","plugin-source/v10-source-restoration-lk/网关配置.cs","77"
"plugin-model","网关配置","注册id","int","100","plugin-source/v10-source-restoration-lk/网关配置.cs","79"
"plugin-model","网关配置","共享配置","网关共享配置","new 网关共享配置()","plugin-source/v10-source-restoration-lk/网关配置.cs","81"
"plugin-model","自助商店配置类","功能开关","bool","","plugin-source/v10-source-restoration-lk/自助商店配置类.cs","5"
"plugin-model","自助商店配置类","点数列表","List<自助商店列表类>","new List<自助商店列表类>()","plugin-source/v10-source-restoration-lk/自助商店配置类.cs","7"
"plugin-model","自选道具配置类","功能开关","bool","","plugin-source/v10-source-restoration-lk/自选道具配置类.cs","5"
"plugin-model","自选道具配置类","自选道具列表","ConcurrentDictionary<string, 自选道具列表类>","new ConcurrentDictionary<string, 自选道具列表类>()","plugin-source/v10-source-restoration-lk/自选道具配置类.cs","7"
"plugin-model","融丹配置类","功能开关","bool","","plugin-source/v10-source-restoration-lk/融丹配置类.cs","5"
"plugin-model","融丹配置类","Is转换元宝","bool","","plugin-source/v10-source-restoration-lk/融丹配置类.cs","7"
"plugin-model","融丹配置类","Is开通图标","bool","","plugin-source/v10-source-restoration-lk/融丹配置类.cs","9"
"plugin-model","融丹配置类","开始时间","string","""2029-01-01 00:00:00""","plugin-source/v10-source-restoration-lk/融丹配置类.cs","11"
"plugin-model","融丹配置类","结束时间","string","""2029-01-01 00:00:00""","plugin-source/v10-source-restoration-lk/融丹配置类.cs","13"
"plugin-model","融丹配置类","到期时间","string","""2029-01-01 00:00:00""","plugin-source/v10-source-restoration-lk/融丹配置类.cs","15"
"plugin-model","融丹配置类","消耗类型","AllEnums.数值Type","AllEnums.数值Type.银元宝","plugin-source/v10-source-restoration-lk/融丹配置类.cs","17"
"plugin-model","融丹配置类","消耗数量","int","","plugin-source/v10-source-restoration-lk/融丹配置类.cs","19"
"plugin-model","融丹配置类","奖励列表","List<荣丹排行奖励类>","new List<荣丹排行奖励类>()","plugin-source/v10-source-restoration-lk/融丹配置类.cs","21"
"plugin-model","融丹配置类","奖池","List<融丹奖池类>","new List<融丹奖池类>()","plugin-source/v10-source-restoration-lk/融丹配置类.cs","23"
"plugin-model","融丹配置类","各等奖份数组","int[]","new int[6]","plugin-source/v10-source-restoration-lk/融丹配置类.cs","25"
"plugin-model","融丹配置类","Is按照份数出","bool","true","plugin-source/v10-source-restoration-lk/融丹配置类.cs","27"
"plugin-model","融丹配置类","保底出特等次数","int","","plugin-source/v10-source-restoration-lk/融丹配置类.cs","29"
"plugin-model","融丹配置类","Is校验累充点","bool","","plugin-source/v10-source-restoration-lk/融丹配置类.cs","31"
"plugin-model","融丹配置类","保底出特等累充点","int","","plugin-source/v10-source-restoration-lk/融丹配置类.cs","33"
"plugin-model","融丹配置类","Is经验消减","bool","","plugin-source/v10-source-restoration-lk/融丹配置类.cs","35"
"plugin-model","融丹配置类","Is道行消减","bool","","plugin-source/v10-source-restoration-lk/融丹配置类.cs","37"
"plugin-model","装备分解配置类","功能开关","bool","","plugin-source/v10-source-restoration-lk/装备分解配置类.cs","5"
"plugin-model","装备分解配置类","绑定开关","bool","","plugin-source/v10-source-restoration-lk/装备分解配置类.cs","7"
"plugin-model","装备分解配置类","分解列表","List<分解详情配置类>","new List<分解详情配置类>()","plugin-source/v10-source-restoration-lk/装备分解配置类.cs","9"
"plugin-model","装备升阶配置类","功能开关","bool","","plugin-source/v10-source-restoration-lk/装备升阶配置类.cs","5"
"plugin-model","装备升阶配置类","Is等级要求","bool","","plugin-source/v10-source-restoration-lk/装备升阶配置类.cs","7"
"plugin-model","装备升阶配置类","最低等级","int","","plugin-source/v10-source-restoration-lk/装备升阶配置类.cs","9"
"plugin-model","装备升阶配置类","Is道行要求","bool","","plugin-source/v10-source-restoration-lk/装备升阶配置类.cs","11"
"plugin-model","装备升阶配置类","最低道行","int","","plugin-source/v10-source-restoration-lk/装备升阶配置类.cs","13"
"plugin-model","装备升阶配置类","Is装备等级要求","bool","","plugin-source/v10-source-restoration-lk/装备升阶配置类.cs","15"
"plugin-model","装备升阶配置类","最低装备等级","int","","plugin-source/v10-source-restoration-lk/装备升阶配置类.cs","17"
"plugin-model","装备升阶配置类","Is改造要求","bool","","plugin-source/v10-source-restoration-lk/装备升阶配置类.cs","19"
"plugin-model","装备升阶配置类","最低改造","int","","plugin-source/v10-source-restoration-lk/装备升阶配置类.cs","21"
"plugin-model","装备升阶配置类","装备升阶类型","ConcurrentDictionary<AllEnums.Equip类型, bool>","new ConcurrentDictionary<AllEnums.Equip类型, bool>()","plugin-source/v10-source-restoration-lk/装备升阶配置类.cs","23"
"plugin-model","装备升阶配置类","需求字典","ConcurrentDictionary<AllEnums.元神境界, 升阶需求类>","new ConcurrentDictionary<AllEnums.元神境界, 升阶需求类>()","plugin-source/v10-source-restoration-lk/装备升阶配置类.cs","25"
"plugin-model","装备升阶配置类","属性字典","ConcurrentDictionary<AllEnums.属性名字Type, int[]>","new ConcurrentDictionary<AllEnums.属性名字Type, int[]>()","plugin-source/v10-source-restoration-lk/装备升阶配置类.cs","27"
"plugin-model","装备强化配置类","功能开关","bool","","plugin-source/v10-source-restoration-lk/装备强化配置类.cs","5"
"plugin-model","装备强化配置类","谣言开关","bool","true","plugin-source/v10-source-restoration-lk/装备强化配置类.cs","7"
"plugin-model","装备强化配置类","绑定装备才可精炼","bool","","plugin-source/v10-source-restoration-lk/装备强化配置类.cs","9"
"plugin-model","装备强化配置类","装备最低精炼等级","int","1","plugin-source/v10-source-restoration-lk/装备强化配置类.cs","11"
"plugin-model","装备强化配置类","装备最高精炼等级","int","999","plugin-source/v10-source-restoration-lk/装备强化配置类.cs","13"
"plugin-model","装备强化配置类","可精炼装备类型","List<AllEnums.Equip类型>","new List<AllEnums.Equip类型>()","plugin-source/v10-source-restoration-lk/装备强化配置类.cs","15"
"plugin-model","装备强化配置类","条件列表","List<精炼属性条件类>","new List<精炼属性条件类>()","plugin-source/v10-source-restoration-lk/装备强化配置类.cs","17"
"plugin-model","装备强化配置类","属性列表","List<精炼属性数值类>","new List<精炼属性数值类>()","plugin-source/v10-source-restoration-lk/装备强化配置类.cs","19"
"plugin-model","装备系统配置类","改造拆卸开关","bool","","plugin-source/v10-source-restoration-lk/装备系统配置类.cs","5"
"plugin-model","装备系统配置类","可拆绑定开关","bool","","plugin-source/v10-source-restoration-lk/装备系统配置类.cs","7"
"plugin-model","装备系统配置类","拆卸道具名字","string","""改造拆卸令""","plugin-source/v10-source-restoration-lk/装备系统配置类.cs","9"
"plugin-model","装备系统配置类","可拆改造等级区间","int[]","new int[2] { 1, 12 }","plugin-source/v10-source-restoration-lk/装备系统配置类.cs","11"
"plugin-model","装备系统配置类","可拆装备等级区间","int[]","new int[2] { 1, 180 }","plugin-source/v10-source-restoration-lk/装备系统配置类.cs","13"
"plugin-model","装备系统配置类","拆后改造令绑定状态","AllEnums.绑定Type","AllEnums.绑定Type.死绑","plugin-source/v10-source-restoration-lk/装备系统配置类.cs","15"
"plugin-model","装备系统配置类","进化开关","bool","","plugin-source/v10-source-restoration-lk/装备系统配置类.cs","17"
"plugin-model","装备系统配置类","绑定装备才可进化","bool","","plugin-source/v10-source-restoration-lk/装备系统配置类.cs","19"
"plugin-model","装备系统配置类","装备最低进化等级","int","80","plugin-source/v10-source-restoration-lk/装备系统配置类.cs","21"
"plugin-model","装备系统配置类","进化列表","List<装备进化数值类>","new List<装备进化数值类>()","plugin-source/v10-source-restoration-lk/装备系统配置类.cs","23"
"plugin-model","试道大会配置类","功能开关","bool","","plugin-source/v10-source-restoration-lk/试道大会配置类.cs","3"
"plugin-model","试道大会配置类","队伍最高人数","int","5","plugin-source/v10-source-restoration-lk/试道大会配置类.cs","5"
"plugin-model","试道大会配置类","第一奖励","试道奖励类","new 试道奖励类()","plugin-source/v10-source-restoration-lk/试道大会配置类.cs","7"
"plugin-model","试道大会配置类","第二奖励","试道奖励类","new 试道奖励类()","plugin-source/v10-source-restoration-lk/试道大会配置类.cs","9"
"plugin-model","试道大会配置类","第三奖励","试道奖励类","new 试道奖励类()","plugin-source/v10-source-restoration-lk/试道大会配置类.cs","11"
"plugin-model","试道大会配置类","参与奖励","试道奖励类","new 试道奖励类()","plugin-source/v10-source-restoration-lk/试道大会配置类.cs","13"
"plugin-model","超级NPC配置类","功能开关","bool","","plugin-source/v10-source-restoration-lk/超级NPC配置类.cs","5"
"plugin-model","超级NPC配置类","自增id","int","1000100","plugin-source/v10-source-restoration-lk/超级NPC配置类.cs","7"
"plugin-model","超级NPC配置类","NPC列表","List<超级NPC列表类>","new List<超级NPC列表类>()","plugin-source/v10-source-restoration-lk/超级NPC配置类.cs","9"
"plugin-model","超级地图配置类","功能开关","bool","","plugin-source/v10-source-restoration-lk/超级地图配置类.cs","5"
"plugin-model","超级地图配置类","地图列表","ConcurrentDictionary<string, 地图限制列表类>","new ConcurrentDictionary<string, 地图限制列表类>()","plugin-source/v10-source-restoration-lk/超级地图配置类.cs","7"
"plugin-model","超级坐骑配置类","功能开关","bool","","plugin-source/v10-source-restoration-lk/超级坐骑配置类.cs","5"
"plugin-model","超级坐骑配置类","战斗开关","bool","","plugin-source/v10-source-restoration-lk/超级坐骑配置类.cs","7"
"plugin-model","超级坐骑配置类","超级坐骑编号列表","ConcurrentDictionary<int, 超级坐骑列表类>","new ConcurrentDictionary<int, 超级坐骑列表类>()","plugin-source/v10-source-restoration-lk/超级坐骑配置类.cs","9"
"plugin-model","超级进化配置类","功能开关","bool","","plugin-source/v10-source-restoration-lk/超级进化配置类.cs","5"
"plugin-model","超级进化配置类","谣言开关","bool","","plugin-source/v10-source-restoration-lk/超级进化配置类.cs","7"
"plugin-model","超级进化配置类","属性列表","List<超级进化列表类>","new List<超级进化列表类>()","plugin-source/v10-source-restoration-lk/超级进化配置类.cs","9"
"plugin-model","超级道具列表配置类","道具唯一名字","string","string.Empty","plugin-source/v10-source-restoration-lk/超级道具列表配置类.cs","5"
"plugin-model","超级道具列表配置类","最多使用数量","int","-1","plugin-source/v10-source-restoration-lk/超级道具列表配置类.cs","7"
"plugin-model","超级道具列表配置类","道具消耗类型","AllEnums.数值Type","","plugin-source/v10-source-restoration-lk/超级道具列表配置类.cs","9"
"plugin-model","超级道具列表配置类","道具消耗内容","string","string.Empty","plugin-source/v10-source-restoration-lk/超级道具列表配置类.cs","11"
"plugin-model","超级道具列表配置类","is等级开关","bool","","plugin-source/v10-source-restoration-lk/超级道具列表配置类.cs","13"
"plugin-model","超级道具列表配置类","最低使用等级","int","","plugin-source/v10-source-restoration-lk/超级道具列表配置类.cs","15"
"plugin-model","超级道具列表配置类","最高使用等级","int","","plugin-source/v10-source-restoration-lk/超级道具列表配置类.cs","17"
"plugin-model","超级道具列表配置类","is道行开关","bool","","plugin-source/v10-source-restoration-lk/超级道具列表配置类.cs","19"
"plugin-model","超级道具列表配置类","最低使用道行","int","","plugin-source/v10-source-restoration-lk/超级道具列表配置类.cs","21"
"plugin-model","超级道具列表配置类","最高使用道行","int","","plugin-source/v10-source-restoration-lk/超级道具列表配置类.cs","23"
"plugin-model","超级道具列表配置类","is称号开关","bool","","plugin-source/v10-source-restoration-lk/超级道具列表配置类.cs","25"
"plugin-model","超级道具列表配置类","指定称号使用","string","string.Empty","plugin-source/v10-source-restoration-lk/超级道具列表配置类.cs","27"
"plugin-model","超级道具列表配置类","is奖励开关","bool","","plugin-source/v10-source-restoration-lk/超级道具列表配置类.cs","29"
"plugin-model","超级道具列表配置类","额外奖励类型","AllEnums.数值Type","","plugin-source/v10-source-restoration-lk/超级道具列表配置类.cs","31"
"plugin-model","超级道具列表配置类","附加属性类型","AllEnums.属性名字Type","","plugin-source/v10-source-restoration-lk/超级道具列表配置类.cs","33"
"plugin-model","超级道具列表配置类","附加属性限时","int","","plugin-source/v10-source-restoration-lk/超级道具列表配置类.cs","35"
"plugin-model","超级道具列表配置类","获得几率","int","","plugin-source/v10-source-restoration-lk/超级道具列表配置类.cs","37"
"plugin-model","超级道具列表配置类","最低奖励下限","int","","plugin-source/v10-source-restoration-lk/超级道具列表配置类.cs","39"
"plugin-model","超级道具列表配置类","最高奖励上限","int","","plugin-source/v10-source-restoration-lk/超级道具列表配置类.cs","41"
"plugin-model","超级道具列表配置类","is累计开关","bool","","plugin-source/v10-source-restoration-lk/超级道具列表配置类.cs","43"
"plugin-model","超级道具列表配置类","is重置累计","bool","","plugin-source/v10-source-restoration-lk/超级道具列表配置类.cs","45"
"plugin-model","超级道具列表配置类","累计奖励列表","List<超级道具累计奖励类>","new List<超级道具累计奖励类>()","plugin-source/v10-source-restoration-lk/超级道具列表配置类.cs","47"
"plugin-model","超级道具配置类","功能开关","bool","","plugin-source/v10-source-restoration-lk/超级道具配置类.cs","5"
"plugin-model","超级道具配置类","定制功能开关","bool","","plugin-source/v10-source-restoration-lk/超级道具配置类.cs","7"
"plugin-model","超级道具配置类","超级道具列表","ConcurrentDictionary<string, 超级道具列表配置类>","new ConcurrentDictionary<string, 超级道具列表配置类>()","plugin-source/v10-source-restoration-lk/超级道具配置类.cs","9"
"plugin-model","超级道具配置类","自动使用道具","string","string.Empty","plugin-source/v10-source-restoration-lk/超级道具配置类.cs","11"
"plugin-model","超级道具配置类","禁止使用道具","string","string.Empty","plugin-source/v10-source-restoration-lk/超级道具配置类.cs","13"
"plugin-model","超级道具配置类","禁止交易道具","string","string.Empty","plugin-source/v10-source-restoration-lk/超级道具配置类.cs","15"
"plugin-model","超级道具配置类","禁止摆摊道具","string","string.Empty","plugin-source/v10-source-restoration-lk/超级道具配置类.cs","17"
"plugin-model","超级道具配置类","禁止拍卖道具","string","string.Empty","plugin-source/v10-source-restoration-lk/超级道具配置类.cs","19"
"plugin-model","超级道具配置类","禁止商会道具","string","string.Empty","plugin-source/v10-source-restoration-lk/超级道具配置类.cs","21"
"plugin-model","超级道具配置类","禁止丢弃道具","string","string.Empty","plugin-source/v10-source-restoration-lk/超级道具配置类.cs","23"
"plugin-model","超级道具配置类","使用校验道具","string","string.Empty","plugin-source/v10-source-restoration-lk/超级道具配置类.cs","25"
"plugin-model","超级道具配置类","自动绑定道具","string","string.Empty","plugin-source/v10-source-restoration-lk/超级道具配置类.cs","27"
"plugin-model","通天塔突破配置类","功能开关","bool","","plugin-source/v10-source-restoration-lk/通天塔突破配置类.cs","5"
"plugin-model","通天塔突破配置类","通天塔奖励列表","ConcurrentDictionary<int, string>","new ConcurrentDictionary<int, string>()","plugin-source/v10-source-restoration-lk/通天塔突破配置类.cs","7"
"plugin-model","道具宠物回收配置类","is道具回收","bool","","plugin-source/v10-source-restoration-lk/道具宠物回收配置类.cs","5"
"plugin-model","道具宠物回收配置类","is宠物回收","bool","","plugin-source/v10-source-restoration-lk/道具宠物回收配置类.cs","7"
"plugin-model","道具宠物回收配置类","is禁止绑定宠物回收","bool","true","plugin-source/v10-source-restoration-lk/道具宠物回收配置类.cs","9"
"plugin-model","道具宠物回收配置类","is禁止绑定宠物道具找回","bool","true","plugin-source/v10-source-restoration-lk/道具宠物回收配置类.cs","11"
"plugin-model","道具宠物回收配置类","回收列表","ConcurrentDictionary<string, 道宠回收数据类>","new ConcurrentDictionary<string, 道宠回收数据类>()","plugin-source/v10-source-restoration-lk/道具宠物回收配置类.cs","13"
"plugin-model","道具数据配置类","道具字典","ConcurrentDictionary<string, 道具数据>","new ConcurrentDictionary<string, 道具数据>()","plugin-source/v10-source-restoration-lk/道具数据配置类.cs","5"
"plugin-model","道行达标奖励配置类","最低道行","int","","plugin-source/v10-source-restoration-lk/道行达标奖励配置类.cs","5"
"plugin-model","道行达标奖励配置类","奖励道具","string","string.Empty","plugin-source/v10-source-restoration-lk/道行达标奖励配置类.cs","7"
"plugin-model","道行达标配置类","功能开关","bool","","plugin-source/v10-source-restoration-lk/道行达标配置类.cs","5"
"plugin-model","道行达标配置类","道行达标奖励列表","List<道行达标奖励配置类>","new List<道行达标奖励配置类>()","plugin-source/v10-source-restoration-lk/道行达标配置类.cs","7"
"plugin-model","邮箱配置类","功能开关","bool","","plugin-source/v10-source-restoration-lk/邮箱配置类.cs","3"
"plugin-model","邮箱配置类","首登开关","bool","","plugin-source/v10-source-restoration-lk/邮箱配置类.cs","5"
"plugin-model","邮箱配置类","首登邮件","string","string.Empty","plugin-source/v10-source-restoration-lk/邮箱配置类.cs","7"
"plugin-model","门派转换配置类","功能开关","bool","","plugin-source/v10-source-restoration-lk/门派转换配置类.cs","3"
"plugin-model","门派转换配置类","is新角色","bool","","plugin-source/v10-source-restoration-lk/门派转换配置类.cs","5"
"plugin-model","门派转换配置类","is四妖族","bool","","plugin-source/v10-source-restoration-lk/门派转换配置类.cs","7"
"plugin-model","门派转换配置类","消耗类型","AllEnums.数值Type","AllEnums.数值Type.银元宝","plugin-source/v10-source-restoration-lk/门派转换配置类.cs","9"
"plugin-model","门派转换配置类","转换消耗","int","10000","plugin-source/v10-source-restoration-lk/门派转换配置类.cs","11"
"plugin-model","门派转换配置类","老金门派","string","""【老金】五龙山云霄洞""","plugin-source/v10-source-restoration-lk/门派转换配置类.cs","13"
"plugin-model","门派转换配置类","老木门派","string","""【老木】终南山玉柱洞""","plugin-source/v10-source-restoration-lk/门派转换配置类.cs","15"
"plugin-model","门派转换配置类","老水门派","string","""【老水】凤凰山斗阙宫""","plugin-source/v10-source-restoration-lk/门派转换配置类.cs","17"
"plugin-model","门派转换配置类","老火门派","string","""【老火】乾元山金光洞""","plugin-source/v10-source-restoration-lk/门派转换配置类.cs","19"
"plugin-model","门派转换配置类","老土门派","string","""【老土】骷髅山白骨洞""","plugin-source/v10-source-restoration-lk/门派转换配置类.cs","21"
"plugin-model","门派转换配置类","新金门派","string","""【新金】五龙山云霄洞""","plugin-source/v10-source-restoration-lk/门派转换配置类.cs","23"
"plugin-model","门派转换配置类","新木门派","string","""【新木】终南山玉柱洞""","plugin-source/v10-source-restoration-lk/门派转换配置类.cs","25"
"plugin-model","门派转换配置类","新水门派","string","""【新水】凤凰山斗阙宫""","plugin-source/v10-source-restoration-lk/门派转换配置类.cs","27"
"plugin-model","门派转换配置类","新火门派","string","""【新火】乾元山金光洞""","plugin-source/v10-source-restoration-lk/门派转换配置类.cs","29"
"plugin-model","门派转换配置类","新土门派","string","""【新土】骷髅山白骨洞""","plugin-source/v10-source-restoration-lk/门派转换配置类.cs","31"
"plugin-model","首饰强化配置类","是否可用","bool","","plugin-source/v10-source-restoration-lk/首饰强化配置类.cs","5"
"plugin-model","首饰强化配置类","数值几率文本","string","string.Empty","plugin-source/v10-source-restoration-lk/首饰强化配置类.cs","7"
"plugin-model","首饰强化配置类","数值几率","List<int[]>","new List<int[]>()","plugin-source/v10-source-restoration-lk/首饰强化配置类.cs","9"
"plugin-model","首饰系统配置类","首饰强化开关","bool","","plugin-source/v10-source-restoration-lk/首饰系统配置类.cs","5"
"plugin-model","首饰系统配置类","随机强化开关","bool","","plugin-source/v10-source-restoration-lk/首饰系统配置类.cs","7"
"plugin-model","首饰系统配置类","谣言开关","bool","true","plugin-source/v10-source-restoration-lk/首饰系统配置类.cs","9"
"plugin-model","首饰系统配置类","最低强化等级","int","130","plugin-source/v10-source-restoration-lk/首饰系统配置类.cs","11"
"plugin-model","首饰系统配置类","强化材料名字","string","string.Empty","plugin-source/v10-source-restoration-lk/首饰系统配置类.cs","13"
"plugin-model","首饰系统配置类","首饰降级开关","bool","","plugin-source/v10-source-restoration-lk/首饰系统配置类.cs","15"
"plugin-model","首饰系统配置类","最低降级等级","int","130","plugin-source/v10-source-restoration-lk/首饰系统配置类.cs","17"
"plugin-model","首饰系统配置类","降级材料名字","string","string.Empty","plugin-source/v10-source-restoration-lk/首饰系统配置类.cs","19"
"plugin-model","首饰系统配置类","属性字典","ConcurrentDictionary<string, 首饰强化配置类>","new ConcurrentDictionary<string, 首饰强化配置类>()","plugin-source/v10-source-restoration-lk/首饰系统配置类.cs","21"
"plugin-model","鸿运当头配置类","功能开关","bool","","plugin-source/v10-source-restoration-lk/鸿运当头配置类.cs","5"
"plugin-model","鸿运当头配置类","随机抽取模式","AllEnums.数值Type","","plugin-source/v10-source-restoration-lk/鸿运当头配置类.cs","7"
"plugin-model","鸿运当头配置类","抽取模式消耗","int","","plugin-source/v10-source-restoration-lk/鸿运当头配置类.cs","9"
"plugin-model","鸿运当头配置类","盲盒选购模式开关","bool","","plugin-source/v10-source-restoration-lk/鸿运当头配置类.cs","11"
"plugin-model","鸿运当头配置类","盲盒选购模式","AllEnums.数值Type","","plugin-source/v10-source-restoration-lk/鸿运当头配置类.cs","13"
"plugin-model","鸿运当头配置类","选购模式","int","","plugin-source/v10-source-restoration-lk/鸿运当头配置类.cs","15"
"plugin-model","鸿运当头配置类","列表","ConcurrentDictionary<string, 鸿运物品列表类>","new ConcurrentDictionary<string, 鸿运物品列表类>()","plugin-source/v10-source-restoration-lk/鸿运当头配置类.cs","17"
"plugin-model","龙血BOSS配置类","功能开关","bool","","plugin-source/v10-source-restoration-lk/龙血BOSS配置类.cs","5"
"plugin-model","龙血BOSS配置类","吞天掉落","bool","","plugin-source/v10-source-restoration-lk/龙血BOSS配置类.cs","7"
"plugin-model","龙血BOSS配置类","噬地掉落","bool","","plugin-source/v10-source-restoration-lk/龙血BOSS配置类.cs","9"
"plugin-model","龙血BOSS配置类","傀儡王掉落","bool","","plugin-source/v10-source-restoration-lk/龙血BOSS配置类.cs","11"
"plugin-model","龙血BOSS配置类","世界BOSS掉落","bool","","plugin-source/v10-source-restoration-lk/龙血BOSS配置类.cs","13"
"plugin-model","龙血BOSS配置类","吞天掉落列表","List<神级BOSS掉落类>","new List<神级BOSS掉落类>()","plugin-source/v10-source-restoration-lk/龙血BOSS配置类.cs","15"
"plugin-model","龙血BOSS配置类","噬地掉落列表","List<神级BOSS掉落类>","new List<神级BOSS掉落类>()","plugin-source/v10-source-restoration-lk/龙血BOSS配置类.cs","17"
"plugin-model","龙血BOSS配置类","傀儡王掉落列表","List<神级BOSS掉落类>","new List<神级BOSS掉落类>()","plugin-source/v10-source-restoration-lk/龙血BOSS配置类.cs","19"
"plugin-model","龙血BOSS配置类","世界掉落列表","List<神级BOSS掉落类>","new List<神级BOSS掉落类>()","plugin-source/v10-source-restoration-lk/龙血BOSS配置类.cs","21"
"admin","Config","IP","string","""127.0.0.1""","admin-source/current/Config.cs","3"
"admin","Config","Port","ushort","43210","admin-source/current/Config.cs","5"
"admin","Config","Admin","string","""admin""","admin-source/current/Config.cs","7"
"admin","Config","PassWord","string","""123456""","admin-source/current/Config.cs","9"
"admin","Config","License","string","string.Empty","admin-source/current/Config.cs","11"
"admin","NetClientFrom.BOSS挑战配置窗口","i","BOSS挑战配置窗口","","admin-source/current/NetClientFrom/BOSS挑战配置窗口.cs","13"
"admin","NetClientFrom.BOSS挑战配置窗口","components","IContainer","","admin-source/current/NetClientFrom/BOSS挑战配置窗口.cs","15"
"admin","NetClientFrom.BOSS挑战配置窗口","超级boss_开关","CheckBox","","admin-source/current/NetClientFrom/BOSS挑战配置窗口.cs","17"
"admin","NetClientFrom.BOSS挑战配置窗口","超级boss_重载按钮","Button","","admin-source/current/NetClientFrom/BOSS挑战配置窗口.cs","19"
"admin","NetClientFrom.BOSS挑战配置窗口","超级boss_保存按钮","Button","","admin-source/current/NetClientFrom/BOSS挑战配置窗口.cs","21"
"admin","NetClientFrom.BOSS挑战配置窗口","超级boss_双倍击杀开关","CheckBox","","admin-source/current/NetClientFrom/BOSS挑战配置窗口.cs","23"
"admin","NetClientFrom.BOSS挑战配置窗口","超级boss_boss列表","DataGridView","","admin-source/current/NetClientFrom/BOSS挑战配置窗口.cs","25"
"admin","NetClientFrom.BOSS挑战配置窗口","超级boss_打开新增窗口按钮","Button","","admin-source/current/NetClientFrom/BOSS挑战配置窗口.cs","27"
"admin","NetClientFrom.BOSS挑战配置窗口","修改窗口","Panel","","admin-source/current/NetClientFrom/BOSS挑战配置窗口.cs","29"
"admin","NetClientFrom.BOSS挑战配置窗口","修改_取消按钮","Button","","admin-source/current/NetClientFrom/BOSS挑战配置窗口.cs","31"
"admin","NetClientFrom.BOSS挑战配置窗口","修改_确定按钮","Button","","admin-source/current/NetClientFrom/BOSS挑战配置窗口.cs","33"
"admin","NetClientFrom.BOSS挑战配置窗口","修改_掉落奖励列表","DataGridView","","admin-source/current/NetClientFrom/BOSS挑战配置窗口.cs","35"
"admin","NetClientFrom.BOSS挑战配置窗口","修改_添加掉落奖励按钮","Button","","admin-source/current/NetClientFrom/BOSS挑战配置窗口.cs","37"
"admin","NetClientFrom.BOSS挑战配置窗口","修改_掉落奖励内容","TextBox","","admin-source/current/NetClientFrom/BOSS挑战配置窗口.cs","39"
"admin","NetClientFrom.BOSS挑战配置窗口","修改_掉落奖励类型","ComboBox","","admin-source/current/NetClientFrom/BOSS挑战配置窗口.cs","41"
"admin","NetClientFrom.BOSS挑战配置窗口","label20","Label","","admin-source/current/NetClientFrom/BOSS挑战配置窗口.cs","43"
"admin","NetClientFrom.BOSS挑战配置窗口","label19","Label","","admin-source/current/NetClientFrom/BOSS挑战配置窗口.cs","45"
"admin","NetClientFrom.BOSS挑战配置窗口","修改_最低掉落数量","NumericUpDown","","admin-source/current/NetClientFrom/BOSS挑战配置窗口.cs","47"
"admin","NetClientFrom.BOSS挑战配置窗口","修改_掉落奖励开关","CheckBox","","admin-source/current/NetClientFrom/BOSS挑战配置窗口.cs","49"
"admin","NetClientFrom.BOSS挑战配置窗口","label14","Label","","admin-source/current/NetClientFrom/BOSS挑战配置窗口.cs","51"
"admin","NetClientFrom.BOSS挑战配置窗口","修改_指定称号1","TextBox","","admin-source/current/NetClientFrom/BOSS挑战配置窗口.cs","53"
"admin","NetClientFrom.BOSS挑战配置窗口","修改_限制称号开关","CheckBox","","admin-source/current/NetClientFrom/BOSS挑战配置窗口.cs","55"
"admin","NetClientFrom.BOSS挑战配置窗口","修改_最高道行","NumericUpDown","","admin-source/current/NetClientFrom/BOSS挑战配置窗口.cs","57"
"admin","NetClientFrom.BOSS挑战配置窗口","label12","Label","","admin-source/current/NetClientFrom/BOSS挑战配置窗口.cs","59"
"admin","NetClientFrom.BOSS挑战配置窗口","修改_最低道行","NumericUpDown","","admin-source/current/NetClientFrom/BOSS挑战配置窗口.cs","61"
"admin","NetClientFrom.BOSS挑战配置窗口","修改_限制道行开关","CheckBox","","admin-source/current/NetClientFrom/BOSS挑战配置窗口.cs","63"
"admin","NetClientFrom.BOSS挑战配置窗口","修改_最高等级","NumericUpDown","","admin-source/current/NetClientFrom/BOSS挑战配置窗口.cs","65"
"admin","NetClientFrom.BOSS挑战配置窗口","label13","Label","","admin-source/current/NetClientFrom/BOSS挑战配置窗口.cs","67"
"admin","NetClientFrom.BOSS挑战配置窗口","修改_最低等级","NumericUpDown","","admin-source/current/NetClientFrom/BOSS挑战配置窗口.cs","69"
"admin","NetClientFrom.BOSS挑战配置窗口","修改_限制等级开关","CheckBox","","admin-source/current/NetClientFrom/BOSS挑战配置窗口.cs","71"
"admin","NetClientFrom.BOSS挑战配置窗口","label8","Label","","admin-source/current/NetClientFrom/BOSS挑战配置窗口.cs","73"
"admin","NetClientFrom.BOSS挑战配置窗口","修改_名字","TextBox","","admin-source/current/NetClientFrom/BOSS挑战配置窗口.cs","75"
"admin","NetClientFrom.BOSS挑战配置窗口","修改_击杀补充开关","CheckBox","","admin-source/current/NetClientFrom/BOSS挑战配置窗口.cs","77"
"admin","NetClientFrom.BOSS挑战配置窗口","修改_每日最多击杀次数","NumericUpDown","","admin-source/current/NetClientFrom/BOSS挑战配置窗口.cs","79"
"admin","NetClientFrom.BOSS挑战配置窗口","label2","Label","","admin-source/current/NetClientFrom/BOSS挑战配置窗口.cs","81"
"admin","NetClientFrom.BOSS挑战配置窗口","修改_限制每日击杀开关","CheckBox","","admin-source/current/NetClientFrom/BOSS挑战配置窗口.cs","83"
"admin","NetClientFrom.BOSS挑战配置窗口","修改_限制组队开关","CheckBox","","admin-source/current/NetClientFrom/BOSS挑战配置窗口.cs","85"
"admin","NetClientFrom.BOSS挑战配置窗口","label1","Label","","admin-source/current/NetClientFrom/BOSS挑战配置窗口.cs","87"
"admin","NetClientFrom.BOSS挑战配置窗口","修改_对话文本","TextBox","","admin-source/current/NetClientFrom/BOSS挑战配置窗口.cs","89"
"admin","NetClientFrom.BOSS挑战配置窗口","修改_补充消耗价格","NumericUpDown","","admin-source/current/NetClientFrom/BOSS挑战配置窗口.cs","91"
"admin","NetClientFrom.BOSS挑战配置窗口","修改_补充消耗类型","ComboBox","","admin-source/current/NetClientFrom/BOSS挑战配置窗口.cs","93"
"admin","NetClientFrom.BOSS挑战配置窗口","label3","Label","","admin-source/current/NetClientFrom/BOSS挑战配置窗口.cs","95"
"admin","NetClientFrom.BOSS挑战配置窗口","修改_挑战消耗数量","NumericUpDown","","admin-source/current/NetClientFrom/BOSS挑战配置窗口.cs","97"
"admin","NetClientFrom.BOSS挑战配置窗口","修改_挑战消耗内容","TextBox","","admin-source/current/NetClientFrom/BOSS挑战配置窗口.cs","99"
"admin","NetClientFrom.BOSS挑战配置窗口","修改_挑战消耗类型","ComboBox","","admin-source/current/NetClientFrom/BOSS挑战配置窗口.cs","101"
"admin","NetClientFrom.BOSS挑战配置窗口","修改_挑战消耗开关","CheckBox","","admin-source/current/NetClientFrom/BOSS挑战配置窗口.cs","103"
"admin","NetClientFrom.BOSS挑战配置窗口","label4","Label","","admin-source/current/NetClientFrom/BOSS挑战配置窗口.cs","105"
"admin","NetClientFrom.BOSS挑战配置窗口","修改_指定称号2","TextBox","","admin-source/current/NetClientFrom/BOSS挑战配置窗口.cs","107"
"admin","NetClientFrom.BOSS挑战配置窗口","groupBox1","GroupBox","","admin-source/current/NetClientFrom/BOSS挑战配置窗口.cs","109"
"admin","NetClientFrom.BOSS挑战配置窗口","修改_只掉落队长","CheckBox","","admin-source/current/NetClientFrom/BOSS挑战配置窗口.cs","111"
"admin","NetClientFrom.BOSS挑战配置窗口","修改_掉落几率","NumericUpDown","","admin-source/current/NetClientFrom/BOSS挑战配置窗口.cs","113"
"admin","NetClientFrom.BOSS挑战配置窗口","修改_最高掉落数量","NumericUpDown","","admin-source/current/NetClientFrom/BOSS挑战配置窗口.cs","115"
"admin","NetClientFrom.BOSS挑战配置窗口","label5","Label","","admin-source/current/NetClientFrom/BOSS挑战配置窗口.cs","117"
"admin","NetClientFrom.BOSS挑战配置窗口","label6","Label","","admin-source/current/NetClientFrom/BOSS挑战配置窗口.cs","119"
"admin","NetClientFrom.BOSS挑战配置窗口","label7","Label","","admin-source/current/NetClientFrom/BOSS挑战配置窗口.cs","121"
"admin","NetClientFrom.BOSS挑战配置窗口","修改_战斗名字","TextBox","","admin-source/current/NetClientFrom/BOSS挑战配置窗口.cs","123"
"admin","NetClientFrom.BOSS挑战配置窗口","label9","Label","","admin-source/current/NetClientFrom/BOSS挑战配置窗口.cs","125"
"admin","NetClientFrom.BOSS挑战配置窗口","修改_关键词","TextBox","","admin-source/current/NetClientFrom/BOSS挑战配置窗口.cs","127"
"admin","NetClientFrom.BOSS挑战配置窗口","掉落类型","DataGridViewComboBoxColumn","","admin-source/current/NetClientFrom/BOSS挑战配置窗口.cs","129"
"admin","NetClientFrom.BOSS挑战配置窗口","掉落内容","DataGridViewTextBoxColumn","","admin-source/current/NetClientFrom/BOSS挑战配置窗口.cs","131"
"admin","NetClientFrom.BOSS挑战配置窗口","最低掉落","DataGridViewTextBoxColumn","","admin-source/current/NetClientFrom/BOSS挑战配置窗口.cs","133"
"admin","NetClientFrom.BOSS挑战配置窗口","最高掉落","DataGridViewTextBoxColumn","","admin-source/current/NetClientFrom/BOSS挑战配置窗口.cs","135"
"admin","NetClientFrom.BOSS挑战配置窗口","掉落几率","DataGridViewTextBoxColumn","","admin-source/current/NetClientFrom/BOSS挑战配置窗口.cs","137"
"admin","NetClientFrom.BOSS挑战配置窗口","Is谣言","DataGridViewCheckBoxColumn","","admin-source/current/NetClientFrom/BOSS挑战配置窗口.cs","139"
"admin","NetClientFrom.BOSS挑战配置窗口","label10","Label","","admin-source/current/NetClientFrom/BOSS挑战配置窗口.cs","141"
"admin","NetClientFrom.BOSS挑战配置窗口","label11","Label","","admin-source/current/NetClientFrom/BOSS挑战配置窗口.cs","143"
"admin","NetClientFrom.BOSS挑战配置窗口","修改_最高活跃","NumericUpDown","","admin-source/current/NetClientFrom/BOSS挑战配置窗口.cs","145"
"admin","NetClientFrom.BOSS挑战配置窗口","label15","Label","","admin-source/current/NetClientFrom/BOSS挑战配置窗口.cs","147"
"admin","NetClientFrom.BOSS挑战配置窗口","修改_最低活跃","NumericUpDown","","admin-source/current/NetClientFrom/BOSS挑战配置窗口.cs","149"
"admin","NetClientFrom.BOSS挑战配置窗口","修改_限制活跃开关","CheckBox","","admin-source/current/NetClientFrom/BOSS挑战配置窗口.cs","151"
"admin","NetClientFrom.BOSS挑战配置窗口","label16","Label","","admin-source/current/NetClientFrom/BOSS挑战配置窗口.cs","153"
"admin","NetClientFrom.BOSS挑战配置窗口","修改_称号","TextBox","","admin-source/current/NetClientFrom/BOSS挑战配置窗口.cs","155"
"admin","NetClientFrom.BOSS挑战配置窗口","boss名字","DataGridViewTextBoxColumn","","admin-source/current/NetClientFrom/BOSS挑战配置窗口.cs","157"
"admin","NetClientFrom.BOSS挑战配置窗口","设置称号","DataGridViewTextBoxColumn","","admin-source/current/NetClientFrom/BOSS挑战配置窗口.cs","159"
"admin","NetClientFrom.BOSS挑战配置窗口","boss对话","DataGridViewTextBoxColumn","","admin-source/current/NetClientFrom/BOSS挑战配置窗口.cs","161"
"admin","NetClientFrom.BOSS挑战配置窗口","禁止组队","DataGridViewTextBoxColumn","","admin-source/current/NetClientFrom/BOSS挑战配置窗口.cs","163"
"admin","NetClientFrom.BOSS挑战配置窗口","限制每日击杀","DataGridViewTextBoxColumn","","admin-source/current/NetClientFrom/BOSS挑战配置窗口.cs","165"
"admin","NetClientFrom.BOSS挑战配置窗口","击杀次数补充","DataGridViewTextBoxColumn","","admin-source/current/NetClientFrom/BOSS挑战配置窗口.cs","167"
"admin","NetClientFrom.BOSS挑战配置窗口","挑战等级区间","DataGridViewTextBoxColumn","","admin-source/current/NetClientFrom/BOSS挑战配置窗口.cs","169"
"admin","NetClientFrom.BOSS挑战配置窗口","挑战道行区间","DataGridViewTextBoxColumn","","admin-source/current/NetClientFrom/BOSS挑战配置窗口.cs","171"
"admin","NetClientFrom.BOSS挑战配置窗口","挑战活跃区间","DataGridViewTextBoxColumn","","admin-source/current/NetClientFrom/BOSS挑战配置窗口.cs","173"
"admin","NetClientFrom.BOSS挑战配置窗口","限制挑战称号","DataGridViewTextBoxColumn","","admin-source/current/NetClientFrom/BOSS挑战配置窗口.cs","175"
"admin","NetClientFrom.BOSS挑战配置窗口","挑战boss消耗","DataGridViewTextBoxColumn","","admin-source/current/NetClientFrom/BOSS挑战配置窗口.cs","177"
"admin","NetClientFrom.BOSS挑战配置窗口","boss掉落列表","DataGridViewTextBoxColumn","","admin-source/current/NetClientFrom/BOSS挑战配置窗口.cs","179"
"admin","NetClientFrom.BOSS挑战配置窗口","BOSS挑战提示组件","ToolTip","","admin-source/current/NetClientFrom/BOSS挑战配置窗口.cs","181"
"admin","NetClientFrom.BOSS挑战配置窗口","I","BOSS挑战配置窗口","","admin-source/current/NetClientFrom/BOSS挑战配置窗口.cs","183"
"admin","NetClientFrom.元神_境界列表配置窗口","OpenSize","Size","new Size(1000, 380)","admin-source/current/NetClientFrom/元神_境界列表配置窗口.cs","12"
"admin","NetClientFrom.元神_境界列表配置窗口","渡劫额外要求配置块pos","Point","new Point(330, 50)","admin-source/current/NetClientFrom/元神_境界列表配置窗口.cs","14"
"admin","NetClientFrom.元神_境界列表配置窗口","增加突破几率道具配置块pos","Point","new Point(330, 50)","admin-source/current/NetClientFrom/元神_境界列表配置窗口.cs","16"
"admin","NetClientFrom.元神_境界列表配置窗口","破境成功属性加成配置块pos","Point","new Point(258, 50)","admin-source/current/NetClientFrom/元神_境界列表配置窗口.cs","18"
"admin","NetClientFrom.元神_境界列表配置窗口","全服首次破境奖励配置块pos","Point","new Point(274, 43)","admin-source/current/NetClientFrom/元神_境界列表配置窗口.cs","20"
"admin","NetClientFrom.元神_境界列表配置窗口","突破灵气值组","List<TextBox>","","admin-source/current/NetClientFrom/元神_境界列表配置窗口.cs","22"
"admin","NetClientFrom.元神_境界列表配置窗口","境界突破丹药组","List<TextBox>","","admin-source/current/NetClientFrom/元神_境界列表配置窗口.cs","24"
"admin","NetClientFrom.元神_境界列表配置窗口","突破几率组","List<TextBox>","","admin-source/current/NetClientFrom/元神_境界列表配置窗口.cs","26"
"admin","NetClientFrom.元神_境界列表配置窗口","失败惩罚组","List<TextBox>","","admin-source/current/NetClientFrom/元神_境界列表配置窗口.cs","28"
"admin","NetClientFrom.元神_境界列表配置窗口","渡劫前置要求组","List<CheckBox>","","admin-source/current/NetClientFrom/元神_境界列表配置窗口.cs","30"
"admin","NetClientFrom.元神_境界列表配置窗口","增加突破几率道具组","List<CheckBox>","","admin-source/current/NetClientFrom/元神_境界列表配置窗口.cs","32"
"admin","NetClientFrom.元神_境界列表配置窗口","破境成功属性加成组","List<CheckBox>","","admin-source/current/NetClientFrom/元神_境界列表配置窗口.cs","34"
"admin","NetClientFrom.元神_境界列表配置窗口","全服首次破境奖励组","List<CheckBox>","","admin-source/current/NetClientFrom/元神_境界列表配置窗口.cs","36"
"admin","NetClientFrom.元神_境界列表配置窗口","破境横幅广播组","List<CheckBox>","","admin-source/current/NetClientFrom/元神_境界列表配置窗口.cs","38"
"admin","NetClientFrom.元神_境界列表配置窗口","境界列表","ConcurrentDictionary<AllEnums.元神境界, 元神境界配置类>","new ConcurrentDictionary<AllEnums.元神境界, 元神境界配置类>()","admin-source/current/NetClientFrom/元神_境界列表配置窗口.cs","40"
"admin","NetClientFrom.元神_境界列表配置窗口","i","元神_境界列表配置窗口","","admin-source/current/NetClientFrom/元神_境界列表配置窗口.cs","42"
"admin","NetClientFrom.元神_境界列表配置窗口","components","IContainer","","admin-source/current/NetClientFrom/元神_境界列表配置窗口.cs","44"
"admin","NetClientFrom.元神_境界列表配置窗口","label4","Label","","admin-source/current/NetClientFrom/元神_境界列表配置窗口.cs","46"
"admin","NetClientFrom.元神_境界列表配置窗口","突破灵气值1","TextBox","","admin-source/current/NetClientFrom/元神_境界列表配置窗口.cs","48"
"admin","NetClientFrom.元神_境界列表配置窗口","label5","Label","","admin-source/current/NetClientFrom/元神_境界列表配置窗口.cs","50"
"admin","NetClientFrom.元神_境界列表配置窗口","境界突破丹药1","TextBox","","admin-source/current/NetClientFrom/元神_境界列表配置窗口.cs","52"
"admin","NetClientFrom.元神_境界列表配置窗口","label6","Label","","admin-source/current/NetClientFrom/元神_境界列表配置窗口.cs","54"
"admin","NetClientFrom.元神_境界列表配置窗口","突破几率1","TextBox","","admin-source/current/NetClientFrom/元神_境界列表配置窗口.cs","56"
"admin","NetClientFrom.元神_境界列表配置窗口","失败惩罚1","TextBox","","admin-source/current/NetClientFrom/元神_境界列表配置窗口.cs","58"
"admin","NetClientFrom.元神_境界列表配置窗口","label7","Label","","admin-source/current/NetClientFrom/元神_境界列表配置窗口.cs","60"
"admin","NetClientFrom.元神_境界列表配置窗口","label8","Label","","admin-source/current/NetClientFrom/元神_境界列表配置窗口.cs","62"
"admin","NetClientFrom.元神_境界列表配置窗口","渡劫前置要求1","CheckBox","","admin-source/current/NetClientFrom/元神_境界列表配置窗口.cs","64"
"admin","NetClientFrom.元神_境界列表配置窗口","渡劫额外要求配置块_Is道行达标","CheckBox","","admin-source/current/NetClientFrom/元神_境界列表配置窗口.cs","66"
"admin","NetClientFrom.元神_境界列表配置窗口","渡劫额外要求配置块","GroupBox","","admin-source/current/NetClientFrom/元神_境界列表配置窗口.cs","68"
"admin","NetClientFrom.元神_境界列表配置窗口","label16","Label","","admin-source/current/NetClientFrom/元神_境界列表配置窗口.cs","70"
"admin","NetClientFrom.元神_境界列表配置窗口","渡劫额外要求配置块_声望要求","TextBox","","admin-source/current/NetClientFrom/元神_境界列表配置窗口.cs","72"
"admin","NetClientFrom.元神_境界列表配置窗口","label17","Label","","admin-source/current/NetClientFrom/元神_境界列表配置窗口.cs","74"
"admin","NetClientFrom.元神_境界列表配置窗口","渡劫额外要求配置块_Is声望达标","CheckBox","","admin-source/current/NetClientFrom/元神_境界列表配置窗口.cs","76"
"admin","NetClientFrom.元神_境界列表配置窗口","label15","Label","","admin-source/current/NetClientFrom/元神_境界列表配置窗口.cs","78"
"admin","NetClientFrom.元神_境界列表配置窗口","渡劫额外要求配置块_道行要求","TextBox","","admin-source/current/NetClientFrom/元神_境界列表配置窗口.cs","80"
"admin","NetClientFrom.元神_境界列表配置窗口","label13","Label","","admin-source/current/NetClientFrom/元神_境界列表配置窗口.cs","82"
"admin","NetClientFrom.元神_境界列表配置窗口","渡劫额外要求配置块确定","Button","","admin-source/current/NetClientFrom/元神_境界列表配置窗口.cs","84"
"admin","NetClientFrom.元神_境界列表配置窗口","label18","Label","","admin-source/current/NetClientFrom/元神_境界列表配置窗口.cs","86"
"admin","NetClientFrom.元神_境界列表配置窗口","渡劫额外要求配置块_击杀BOSS要求","TextBox","","admin-source/current/NetClientFrom/元神_境界列表配置窗口.cs","88"
"admin","NetClientFrom.元神_境界列表配置窗口","渡劫额外要求配置块_Is击杀BOSS要求","CheckBox","","admin-source/current/NetClientFrom/元神_境界列表配置窗口.cs","90"
"admin","NetClientFrom.元神_境界列表配置窗口","增加突破几率道具1","CheckBox","","admin-source/current/NetClientFrom/元神_境界列表配置窗口.cs","92"
"admin","NetClientFrom.元神_境界列表配置窗口","label19","Label","","admin-source/current/NetClientFrom/元神_境界列表配置窗口.cs","94"
"admin","NetClientFrom.元神_境界列表配置窗口","增加突破几率道具配置块","GroupBox","","admin-source/current/NetClientFrom/元神_境界列表配置窗口.cs","96"
"admin","NetClientFrom.元神_境界列表配置窗口","增加突破几率道具配置块确定","Button","","admin-source/current/NetClientFrom/元神_境界列表配置窗口.cs","98"
"admin","NetClientFrom.元神_境界列表配置窗口","增加突破几率道具配置块_增加突破几率道具","DataGridView","","admin-source/current/NetClientFrom/元神_境界列表配置窗口.cs","100"
"admin","NetClientFrom.元神_境界列表配置窗口","Add道具名字","DataGridViewTextBoxColumn","","admin-source/current/NetClientFrom/元神_境界列表配置窗口.cs","102"
"admin","NetClientFrom.元神_境界列表配置窗口","Add增加几率","DataGridViewTextBoxColumn","","admin-source/current/NetClientFrom/元神_境界列表配置窗口.cs","104"
"admin","NetClientFrom.元神_境界列表配置窗口","破境成功属性加成1","CheckBox","","admin-source/current/NetClientFrom/元神_境界列表配置窗口.cs","106"
"admin","NetClientFrom.元神_境界列表配置窗口","label20","Label","","admin-source/current/NetClientFrom/元神_境界列表配置窗口.cs","108"
"admin","NetClientFrom.元神_境界列表配置窗口","全服首次破境奖励1","CheckBox","","admin-source/current/NetClientFrom/元神_境界列表配置窗口.cs","110"
"admin","NetClientFrom.元神_境界列表配置窗口","label21","Label","","admin-source/current/NetClientFrom/元神_境界列表配置窗口.cs","112"
"admin","NetClientFrom.元神_境界列表配置窗口","破境横幅广播1","CheckBox","","admin-source/current/NetClientFrom/元神_境界列表配置窗口.cs","114"
"admin","NetClientFrom.元神_境界列表配置窗口","label9","Label","","admin-source/current/NetClientFrom/元神_境界列表配置窗口.cs","116"
"admin","NetClientFrom.元神_境界列表配置窗口","破境成功属性加成配置块","GroupBox","","admin-source/current/NetClientFrom/元神_境界列表配置窗口.cs","118"
"admin","NetClientFrom.元神_境界列表配置窗口","破境成功属性加成配置块确定","Button","","admin-source/current/NetClientFrom/元神_境界列表配置窗口.cs","120"
"admin","NetClientFrom.元神_境界列表配置窗口","label223","Label","","admin-source/current/NetClientFrom/元神_境界列表配置窗口.cs","122"
"admin","NetClientFrom.元神_境界列表配置窗口","label222","Label","","admin-source/current/NetClientFrom/元神_境界列表配置窗口.cs","124"
"admin","NetClientFrom.元神_境界列表配置窗口","破境成功属性加成配置块_奖励数量","NumericUpDown","","admin-source/current/NetClientFrom/元神_境界列表配置窗口.cs","126"
"admin","NetClientFrom.元神_境界列表配置窗口","破境成功属性加成配置块_奖励类型","ComboBox","","admin-source/current/NetClientFrom/元神_境界列表配置窗口.cs","128"
"admin","NetClientFrom.元神_境界列表配置窗口","破境成功属性加成配置块_奖励名字","TextBox","","admin-source/current/NetClientFrom/元神_境界列表配置窗口.cs","130"
"admin","NetClientFrom.元神_境界列表配置窗口","label25","Label","","admin-source/current/NetClientFrom/元神_境界列表配置窗口.cs","132"
"admin","NetClientFrom.元神_境界列表配置窗口","破境成功属性加成配置块_法力","NumericUpDown","","admin-source/current/NetClientFrom/元神_境界列表配置窗口.cs","134"
"admin","NetClientFrom.元神_境界列表配置窗口","label22","Label","","admin-source/current/NetClientFrom/元神_境界列表配置窗口.cs","136"
"admin","NetClientFrom.元神_境界列表配置窗口","破境成功属性加成配置块_气血","NumericUpDown","","admin-source/current/NetClientFrom/元神_境界列表配置窗口.cs","138"
"admin","NetClientFrom.元神_境界列表配置窗口","label23","Label","","admin-source/current/NetClientFrom/元神_境界列表配置窗口.cs","140"
"admin","NetClientFrom.元神_境界列表配置窗口","破境成功属性加成配置块_速度","NumericUpDown","","admin-source/current/NetClientFrom/元神_境界列表配置窗口.cs","142"
"admin","NetClientFrom.元神_境界列表配置窗口","label24","Label","","admin-source/current/NetClientFrom/元神_境界列表配置窗口.cs","144"
"admin","NetClientFrom.元神_境界列表配置窗口","破境成功属性加成配置块_防御","NumericUpDown","","admin-source/current/NetClientFrom/元神_境界列表配置窗口.cs","146"
"admin","NetClientFrom.元神_境界列表配置窗口","label12","Label","","admin-source/current/NetClientFrom/元神_境界列表配置窗口.cs","148"
"admin","NetClientFrom.元神_境界列表配置窗口","破境成功属性加成配置块_法术伤害","NumericUpDown","","admin-source/current/NetClientFrom/元神_境界列表配置窗口.cs","150"
"admin","NetClientFrom.元神_境界列表配置窗口","label14","Label","","admin-source/current/NetClientFrom/元神_境界列表配置窗口.cs","152"
"admin","NetClientFrom.元神_境界列表配置窗口","破境成功属性加成配置块_物理伤害","NumericUpDown","","admin-source/current/NetClientFrom/元神_境界列表配置窗口.cs","154"
"admin","NetClientFrom.元神_境界列表配置窗口","label11","Label","","admin-source/current/NetClientFrom/元神_境界列表配置窗口.cs","156"
"admin","NetClientFrom.元神_境界列表配置窗口","破境成功属性加成配置块_所有属性","NumericUpDown","","admin-source/current/NetClientFrom/元神_境界列表配置窗口.cs","158"
"admin","NetClientFrom.元神_境界列表配置窗口","label10","Label","","admin-source/current/NetClientFrom/元神_境界列表配置窗口.cs","160"
"admin","NetClientFrom.元神_境界列表配置窗口","破境成功属性加成配置块_所有相性","NumericUpDown","","admin-source/current/NetClientFrom/元神_境界列表配置窗口.cs","162"
"admin","NetClientFrom.元神_境界列表配置窗口","全服首次破境奖励配置块","GroupBox","","admin-source/current/NetClientFrom/元神_境界列表配置窗口.cs","164"
"admin","NetClientFrom.元神_境界列表配置窗口","label27","Label","","admin-source/current/NetClientFrom/元神_境界列表配置窗口.cs","166"
"admin","NetClientFrom.元神_境界列表配置窗口","全服首次破境奖励配置块_技能等级","NumericUpDown","","admin-source/current/NetClientFrom/元神_境界列表配置窗口.cs","168"
"admin","NetClientFrom.元神_境界列表配置窗口","label29","Label","","admin-source/current/NetClientFrom/元神_境界列表配置窗口.cs","170"
"admin","NetClientFrom.元神_境界列表配置窗口","全服首次破境奖励配置块_奖励声望","NumericUpDown","","admin-source/current/NetClientFrom/元神_境界列表配置窗口.cs","172"
"admin","NetClientFrom.元神_境界列表配置窗口","label30","Label","","admin-source/current/NetClientFrom/元神_境界列表配置窗口.cs","174"
"admin","NetClientFrom.元神_境界列表配置窗口","全服首次破境奖励配置块_奖励道行","NumericUpDown","","admin-source/current/NetClientFrom/元神_境界列表配置窗口.cs","176"
"admin","NetClientFrom.元神_境界列表配置窗口","label31","Label","","admin-source/current/NetClientFrom/元神_境界列表配置窗口.cs","178"
"admin","NetClientFrom.元神_境界列表配置窗口","全服首次破境奖励配置块_奖励游戏币","NumericUpDown","","admin-source/current/NetClientFrom/元神_境界列表配置窗口.cs","180"
"admin","NetClientFrom.元神_境界列表配置窗口","label32","Label","","admin-source/current/NetClientFrom/元神_境界列表配置窗口.cs","182"
"admin","NetClientFrom.元神_境界列表配置窗口","全服首次破境奖励配置块_奖励银元宝","NumericUpDown","","admin-source/current/NetClientFrom/元神_境界列表配置窗口.cs","184"
"admin","NetClientFrom.元神_境界列表配置窗口","label33","Label","","admin-source/current/NetClientFrom/元神_境界列表配置窗口.cs","186"
"admin","NetClientFrom.元神_境界列表配置窗口","全服首次破境奖励配置块_奖励金元宝","NumericUpDown","","admin-source/current/NetClientFrom/元神_境界列表配置窗口.cs","188"
"admin","NetClientFrom.元神_境界列表配置窗口","label35","Label","","admin-source/current/NetClientFrom/元神_境界列表配置窗口.cs","190"
"admin","NetClientFrom.元神_境界列表配置窗口","全服首次破境奖励配置块_奖励道具","TextBox","","admin-source/current/NetClientFrom/元神_境界列表配置窗口.cs","192"
"admin","NetClientFrom.元神_境界列表配置窗口","全服首次破境奖励配置块确定","Button","","admin-source/current/NetClientFrom/元神_境界列表配置窗口.cs","194"
"admin","NetClientFrom.元神_境界列表配置窗口","label28","Label","","admin-source/current/NetClientFrom/元神_境界列表配置窗口.cs","196"
"admin","NetClientFrom.元神_境界列表配置窗口","全服首次破境奖励配置块_奖励技能","TextBox","","admin-source/current/NetClientFrom/元神_境界列表配置窗口.cs","198"
"admin","NetClientFrom.元神_境界列表配置窗口","渡劫额外要求配置块_Is额外条件","CheckBox","","admin-source/current/NetClientFrom/元神_境界列表配置窗口.cs","200"
"admin","NetClientFrom.元神_境界列表配置窗口","渡劫额外要求配置块取消","Button","","admin-source/current/NetClientFrom/元神_境界列表配置窗口.cs","202"
"admin","NetClientFrom.元神_境界列表配置窗口","增加突破几率道具配置块取消","Button","","admin-source/current/NetClientFrom/元神_境界列表配置窗口.cs","204"
"admin","NetClientFrom.元神_境界列表配置窗口","破境成功属性加成配置块取消","Button","","admin-source/current/NetClientFrom/元神_境界列表配置窗口.cs","206"
"admin","NetClientFrom.元神_境界列表配置窗口","全服首次破境奖励配置块_Is全服突破境界奖励","CheckBox","","admin-source/current/NetClientFrom/元神_境界列表配置窗口.cs","208"
"admin","NetClientFrom.元神_境界列表配置窗口","全服首次破境奖励配置块取消","Button","","admin-source/current/NetClientFrom/元神_境界列表配置窗口.cs","210"
"admin","NetClientFrom.元神_境界列表配置窗口","label1","Label","","admin-source/current/NetClientFrom/元神_境界列表配置窗口.cs","212"
"admin","NetClientFrom.元神_境界列表配置窗口","label2","Label","","admin-source/current/NetClientFrom/元神_境界列表配置窗口.cs","214"
"admin","NetClientFrom.元神_境界列表配置窗口","label3","Label","","admin-source/current/NetClientFrom/元神_境界列表配置窗口.cs","216"
"admin","NetClientFrom.元神_境界列表配置窗口","破境横幅广播2","CheckBox","","admin-source/current/NetClientFrom/元神_境界列表配置窗口.cs","218"
"admin","NetClientFrom.元神_境界列表配置窗口","全服首次破境奖励2","CheckBox","","admin-source/current/NetClientFrom/元神_境界列表配置窗口.cs","220"
"admin","NetClientFrom.元神_境界列表配置窗口","破境成功属性加成2","CheckBox","","admin-source/current/NetClientFrom/元神_境界列表配置窗口.cs","222"
"admin","NetClientFrom.元神_境界列表配置窗口","增加突破几率道具2","CheckBox","","admin-source/current/NetClientFrom/元神_境界列表配置窗口.cs","224"
"admin","NetClientFrom.元神_境界列表配置窗口","渡劫前置要求2","CheckBox","","admin-source/current/NetClientFrom/元神_境界列表配置窗口.cs","226"
"admin","NetClientFrom.元神_境界列表配置窗口","失败惩罚2","TextBox","","admin-source/current/NetClientFrom/元神_境界列表配置窗口.cs","228"
"admin","NetClientFrom.元神_境界列表配置窗口","突破几率2","TextBox","","admin-source/current/NetClientFrom/元神_境界列表配置窗口.cs","230"
"admin","NetClientFrom.元神_境界列表配置窗口","境界突破丹药2","TextBox","","admin-source/current/NetClientFrom/元神_境界列表配置窗口.cs","232"
"admin","NetClientFrom.元神_境界列表配置窗口","突破灵气值2","TextBox","","admin-source/current/NetClientFrom/元神_境界列表配置窗口.cs","234"
"admin","NetClientFrom.元神_境界列表配置窗口","label26","Label","","admin-source/current/NetClientFrom/元神_境界列表配置窗口.cs","236"
"admin","NetClientFrom.元神_境界列表配置窗口","破境横幅广播4","CheckBox","","admin-source/current/NetClientFrom/元神_境界列表配置窗口.cs","238"
"admin","NetClientFrom.元神_境界列表配置窗口","全服首次破境奖励4","CheckBox","","admin-source/current/NetClientFrom/元神_境界列表配置窗口.cs","240"
"admin","NetClientFrom.元神_境界列表配置窗口","破境成功属性加成4","CheckBox","","admin-source/current/NetClientFrom/元神_境界列表配置窗口.cs","242"
"admin","NetClientFrom.元神_境界列表配置窗口","增加突破几率道具4","CheckBox","","admin-source/current/NetClientFrom/元神_境界列表配置窗口.cs","244"
"admin","NetClientFrom.元神_境界列表配置窗口","渡劫前置要求4","CheckBox","","admin-source/current/NetClientFrom/元神_境界列表配置窗口.cs","246"
"admin","NetClientFrom.元神_境界列表配置窗口","失败惩罚4","TextBox","","admin-source/current/NetClientFrom/元神_境界列表配置窗口.cs","248"
"admin","NetClientFrom.元神_境界列表配置窗口","突破几率4","TextBox","","admin-source/current/NetClientFrom/元神_境界列表配置窗口.cs","250"
"admin","NetClientFrom.元神_境界列表配置窗口","境界突破丹药4","TextBox","","admin-source/current/NetClientFrom/元神_境界列表配置窗口.cs","252"
"admin","NetClientFrom.元神_境界列表配置窗口","突破灵气值4","TextBox","","admin-source/current/NetClientFrom/元神_境界列表配置窗口.cs","254"
"admin","NetClientFrom.元神_境界列表配置窗口","label34","Label","","admin-source/current/NetClientFrom/元神_境界列表配置窗口.cs","256"
"admin","NetClientFrom.元神_境界列表配置窗口","破境横幅广播3","CheckBox","","admin-source/current/NetClientFrom/元神_境界列表配置窗口.cs","258"
"admin","NetClientFrom.元神_境界列表配置窗口","全服首次破境奖励3","CheckBox","","admin-source/current/NetClientFrom/元神_境界列表配置窗口.cs","260"
"admin","NetClientFrom.元神_境界列表配置窗口","破境成功属性加成3","CheckBox","","admin-source/current/NetClientFrom/元神_境界列表配置窗口.cs","262"
"admin","NetClientFrom.元神_境界列表配置窗口","增加突破几率道具3","CheckBox","","admin-source/current/NetClientFrom/元神_境界列表配置窗口.cs","264"
"admin","NetClientFrom.元神_境界列表配置窗口","渡劫前置要求3","CheckBox","","admin-source/current/NetClientFrom/元神_境界列表配置窗口.cs","266"
"admin","NetClientFrom.元神_境界列表配置窗口","失败惩罚3","TextBox","","admin-source/current/NetClientFrom/元神_境界列表配置窗口.cs","268"
"admin","NetClientFrom.元神_境界列表配置窗口","突破几率3","TextBox","","admin-source/current/NetClientFrom/元神_境界列表配置窗口.cs","270"
"admin","NetClientFrom.元神_境界列表配置窗口","境界突破丹药3","TextBox","","admin-source/current/NetClientFrom/元神_境界列表配置窗口.cs","272"
"admin","NetClientFrom.元神_境界列表配置窗口","突破灵气值3","TextBox","","admin-source/current/NetClientFrom/元神_境界列表配置窗口.cs","274"
"admin","NetClientFrom.元神_境界列表配置窗口","label36","Label","","admin-source/current/NetClientFrom/元神_境界列表配置窗口.cs","276"
"admin","NetClientFrom.元神_境界列表配置窗口","破境横幅广播5","CheckBox","","admin-source/current/NetClientFrom/元神_境界列表配置窗口.cs","278"
"admin","NetClientFrom.元神_境界列表配置窗口","全服首次破境奖励5","CheckBox","","admin-source/current/NetClientFrom/元神_境界列表配置窗口.cs","280"
"admin","NetClientFrom.元神_境界列表配置窗口","破境成功属性加成5","CheckBox","","admin-source/current/NetClientFrom/元神_境界列表配置窗口.cs","282"
"admin","NetClientFrom.元神_境界列表配置窗口","增加突破几率道具5","CheckBox","","admin-source/current/NetClientFrom/元神_境界列表配置窗口.cs","284"
"admin","NetClientFrom.元神_境界列表配置窗口","渡劫前置要求5","CheckBox","","admin-source/current/NetClientFrom/元神_境界列表配置窗口.cs","286"
"admin","NetClientFrom.元神_境界列表配置窗口","失败惩罚5","TextBox","","admin-source/current/NetClientFrom/元神_境界列表配置窗口.cs","288"
"admin","NetClientFrom.元神_境界列表配置窗口","突破几率5","TextBox","","admin-source/current/NetClientFrom/元神_境界列表配置窗口.cs","290"
"admin","NetClientFrom.元神_境界列表配置窗口","境界突破丹药5","TextBox","","admin-source/current/NetClientFrom/元神_境界列表配置窗口.cs","292"
"admin","NetClientFrom.元神_境界列表配置窗口","突破灵气值5","TextBox","","admin-source/current/NetClientFrom/元神_境界列表配置窗口.cs","294"
"admin","NetClientFrom.元神_境界列表配置窗口","label38","Label","","admin-source/current/NetClientFrom/元神_境界列表配置窗口.cs","296"
"admin","NetClientFrom.元神_境界列表配置窗口","破境横幅广播9","CheckBox","","admin-source/current/NetClientFrom/元神_境界列表配置窗口.cs","298"
"admin","NetClientFrom.元神_境界列表配置窗口","全服首次破境奖励9","CheckBox","","admin-source/current/NetClientFrom/元神_境界列表配置窗口.cs","300"
"admin","NetClientFrom.元神_境界列表配置窗口","破境成功属性加成9","CheckBox","","admin-source/current/NetClientFrom/元神_境界列表配置窗口.cs","302"
"admin","NetClientFrom.元神_境界列表配置窗口","增加突破几率道具9","CheckBox","","admin-source/current/NetClientFrom/元神_境界列表配置窗口.cs","304"
"admin","NetClientFrom.元神_境界列表配置窗口","渡劫前置要求9","CheckBox","","admin-source/current/NetClientFrom/元神_境界列表配置窗口.cs","306"
"admin","NetClientFrom.元神_境界列表配置窗口","失败惩罚9","TextBox","","admin-source/current/NetClientFrom/元神_境界列表配置窗口.cs","308"
"admin","NetClientFrom.元神_境界列表配置窗口","突破几率9","TextBox","","admin-source/current/NetClientFrom/元神_境界列表配置窗口.cs","310"
"admin","NetClientFrom.元神_境界列表配置窗口","境界突破丹药9","TextBox","","admin-source/current/NetClientFrom/元神_境界列表配置窗口.cs","312"
"admin","NetClientFrom.元神_境界列表配置窗口","突破灵气值9","TextBox","","admin-source/current/NetClientFrom/元神_境界列表配置窗口.cs","314"
"admin","NetClientFrom.元神_境界列表配置窗口","label39","Label","","admin-source/current/NetClientFrom/元神_境界列表配置窗口.cs","316"
"admin","NetClientFrom.元神_境界列表配置窗口","破境横幅广播8","CheckBox","","admin-source/current/NetClientFrom/元神_境界列表配置窗口.cs","318"
"admin","NetClientFrom.元神_境界列表配置窗口","全服首次破境奖励8","CheckBox","","admin-source/current/NetClientFrom/元神_境界列表配置窗口.cs","320"
"admin","NetClientFrom.元神_境界列表配置窗口","破境成功属性加成8","CheckBox","","admin-source/current/NetClientFrom/元神_境界列表配置窗口.cs","322"
"admin","NetClientFrom.元神_境界列表配置窗口","增加突破几率道具8","CheckBox","","admin-source/current/NetClientFrom/元神_境界列表配置窗口.cs","324"
"admin","NetClientFrom.元神_境界列表配置窗口","渡劫前置要求8","CheckBox","","admin-source/current/NetClientFrom/元神_境界列表配置窗口.cs","326"
"admin","NetClientFrom.元神_境界列表配置窗口","失败惩罚8","TextBox","","admin-source/current/NetClientFrom/元神_境界列表配置窗口.cs","328"
"admin","NetClientFrom.元神_境界列表配置窗口","突破几率8","TextBox","","admin-source/current/NetClientFrom/元神_境界列表配置窗口.cs","330"
"admin","NetClientFrom.元神_境界列表配置窗口","境界突破丹药8","TextBox","","admin-source/current/NetClientFrom/元神_境界列表配置窗口.cs","332"
"admin","NetClientFrom.元神_境界列表配置窗口","突破灵气值8","TextBox","","admin-source/current/NetClientFrom/元神_境界列表配置窗口.cs","334"
"admin","NetClientFrom.元神_境界列表配置窗口","label40","Label","","admin-source/current/NetClientFrom/元神_境界列表配置窗口.cs","336"
"admin","NetClientFrom.元神_境界列表配置窗口","破境横幅广播7","CheckBox","","admin-source/current/NetClientFrom/元神_境界列表配置窗口.cs","338"
"admin","NetClientFrom.元神_境界列表配置窗口","全服首次破境奖励7","CheckBox","","admin-source/current/NetClientFrom/元神_境界列表配置窗口.cs","340"
"admin","NetClientFrom.元神_境界列表配置窗口","破境成功属性加成7","CheckBox","","admin-source/current/NetClientFrom/元神_境界列表配置窗口.cs","342"
"admin","NetClientFrom.元神_境界列表配置窗口","增加突破几率道具7","CheckBox","","admin-source/current/NetClientFrom/元神_境界列表配置窗口.cs","344"
"admin","NetClientFrom.元神_境界列表配置窗口","渡劫前置要求7","CheckBox","","admin-source/current/NetClientFrom/元神_境界列表配置窗口.cs","346"
"admin","NetClientFrom.元神_境界列表配置窗口","失败惩罚7","TextBox","","admin-source/current/NetClientFrom/元神_境界列表配置窗口.cs","348"
"admin","NetClientFrom.元神_境界列表配置窗口","突破几率7","TextBox","","admin-source/current/NetClientFrom/元神_境界列表配置窗口.cs","350"
"admin","NetClientFrom.元神_境界列表配置窗口","境界突破丹药7","TextBox","","admin-source/current/NetClientFrom/元神_境界列表配置窗口.cs","352"
"admin","NetClientFrom.元神_境界列表配置窗口","突破灵气值7","TextBox","","admin-source/current/NetClientFrom/元神_境界列表配置窗口.cs","354"
"admin","NetClientFrom.元神_境界列表配置窗口","label41","Label","","admin-source/current/NetClientFrom/元神_境界列表配置窗口.cs","356"
"admin","NetClientFrom.元神_境界列表配置窗口","破境横幅广播6","CheckBox","","admin-source/current/NetClientFrom/元神_境界列表配置窗口.cs","358"
"admin","NetClientFrom.元神_境界列表配置窗口","全服首次破境奖励6","CheckBox","","admin-source/current/NetClientFrom/元神_境界列表配置窗口.cs","360"
"admin","NetClientFrom.元神_境界列表配置窗口","破境成功属性加成6","CheckBox","","admin-source/current/NetClientFrom/元神_境界列表配置窗口.cs","362"
"admin","NetClientFrom.元神_境界列表配置窗口","增加突破几率道具6","CheckBox","","admin-source/current/NetClientFrom/元神_境界列表配置窗口.cs","364"
"admin","NetClientFrom.元神_境界列表配置窗口","渡劫前置要求6","CheckBox","","admin-source/current/NetClientFrom/元神_境界列表配置窗口.cs","366"
"admin","NetClientFrom.元神_境界列表配置窗口","失败惩罚6","TextBox","","admin-source/current/NetClientFrom/元神_境界列表配置窗口.cs","368"
"admin","NetClientFrom.元神_境界列表配置窗口","突破几率6","TextBox","","admin-source/current/NetClientFrom/元神_境界列表配置窗口.cs","370"
"admin","NetClientFrom.元神_境界列表配置窗口","境界突破丹药6","TextBox","","admin-source/current/NetClientFrom/元神_境界列表配置窗口.cs","372"
"admin","NetClientFrom.元神_境界列表配置窗口","突破灵气值6","TextBox","","admin-source/current/NetClientFrom/元神_境界列表配置窗口.cs","374"
"admin","NetClientFrom.元神_境界列表配置窗口","label220","Label","","admin-source/current/NetClientFrom/元神_境界列表配置窗口.cs","376"
"admin","NetClientFrom.元神_境界列表配置窗口","境界列表确定按钮","Button","","admin-source/current/NetClientFrom/元神_境界列表配置窗口.cs","378"
"admin","NetClientFrom.元神_境界列表配置窗口","渡劫额外要求配置块_破境BOSS只需击杀一次","CheckBox","","admin-source/current/NetClientFrom/元神_境界列表配置窗口.cs","380"
"admin","NetClientFrom.元神_境界列表配置窗口","I","元神_境界列表配置窗口","","admin-source/current/NetClientFrom/元神_境界列表配置窗口.cs","382"
"admin","NetClientFrom.六道轮回配置窗口","i","六道轮回配置窗口","","admin-source/current/NetClientFrom/六道轮回配置窗口.cs","11"
"admin","NetClientFrom.六道轮回配置窗口","components","IContainer","","admin-source/current/NetClientFrom/六道轮回配置窗口.cs","13"
"admin","NetClientFrom.六道轮回配置窗口","六道轮回_开关","CheckBox","","admin-source/current/NetClientFrom/六道轮回配置窗口.cs","15"
"admin","NetClientFrom.六道轮回配置窗口","六道轮回_重载按钮","Button","","admin-source/current/NetClientFrom/六道轮回配置窗口.cs","17"
"admin","NetClientFrom.六道轮回配置窗口","六道轮回_保存按钮","Button","","admin-source/current/NetClientFrom/六道轮回配置窗口.cs","19"
"admin","NetClientFrom.六道轮回配置窗口","groupBox1","GroupBox","","admin-source/current/NetClientFrom/六道轮回配置窗口.cs","21"
"admin","NetClientFrom.六道轮回配置窗口","六道轮回_刷新消耗","NumericUpDown","","admin-source/current/NetClientFrom/六道轮回配置窗口.cs","23"
"admin","NetClientFrom.六道轮回配置窗口","六道轮回_刷新类型","ComboBox","","admin-source/current/NetClientFrom/六道轮回配置窗口.cs","25"
"admin","NetClientFrom.六道轮回配置窗口","label8","Label","","admin-source/current/NetClientFrom/六道轮回配置窗口.cs","27"
"admin","NetClientFrom.六道轮回配置窗口","label5","Label","","admin-source/current/NetClientFrom/六道轮回配置窗口.cs","29"
"admin","NetClientFrom.六道轮回配置窗口","六道轮回_特效道具","TextBox","","admin-source/current/NetClientFrom/六道轮回配置窗口.cs","31"
"admin","NetClientFrom.六道轮回配置窗口","label4","Label","","admin-source/current/NetClientFrom/六道轮回配置窗口.cs","33"
"admin","NetClientFrom.六道轮回配置窗口","六道轮回_npc名字","TextBox","","admin-source/current/NetClientFrom/六道轮回配置窗口.cs","35"
"admin","NetClientFrom.六道轮回配置窗口","label1","Label","","admin-source/current/NetClientFrom/六道轮回配置窗口.cs","37"
"admin","NetClientFrom.六道轮回配置窗口","六道轮回_最低等级","NumericUpDown","","admin-source/current/NetClientFrom/六道轮回配置窗口.cs","39"
"admin","NetClientFrom.六道轮回配置窗口","label2","Label","","admin-source/current/NetClientFrom/六道轮回配置窗口.cs","41"
"admin","NetClientFrom.六道轮回配置窗口","六道轮回_首级对话","TextBox","","admin-source/current/NetClientFrom/六道轮回配置窗口.cs","43"
"admin","NetClientFrom.六道轮回配置窗口","label3","Label","","admin-source/current/NetClientFrom/六道轮回配置窗口.cs","45"
"admin","NetClientFrom.六道轮回配置窗口","地狱道_名字","TextBox","","admin-source/current/NetClientFrom/六道轮回配置窗口.cs","47"
"admin","NetClientFrom.六道轮回配置窗口","label6","Label","","admin-source/current/NetClientFrom/六道轮回配置窗口.cs","49"
"admin","NetClientFrom.六道轮回配置窗口","地狱道_单相","NumericUpDown","","admin-source/current/NetClientFrom/六道轮回配置窗口.cs","51"
"admin","NetClientFrom.六道轮回配置窗口","地狱道_所相","NumericUpDown","","admin-source/current/NetClientFrom/六道轮回配置窗口.cs","53"
"admin","NetClientFrom.六道轮回配置窗口","地狱道_结束消耗","TextBox","","admin-source/current/NetClientFrom/六道轮回配置窗口.cs","55"
"admin","NetClientFrom.六道轮回配置窗口","地狱道_结束条件","ComboBox","","admin-source/current/NetClientFrom/六道轮回配置窗口.cs","57"
"admin","NetClientFrom.六道轮回配置窗口","地狱道_开启等级","NumericUpDown","","admin-source/current/NetClientFrom/六道轮回配置窗口.cs","59"
"admin","NetClientFrom.六道轮回配置窗口","地狱道_开启消耗","NumericUpDown","","admin-source/current/NetClientFrom/六道轮回配置窗口.cs","61"
"admin","NetClientFrom.六道轮回配置窗口","地狱道_开启类型","ComboBox","","admin-source/current/NetClientFrom/六道轮回配置窗口.cs","63"
"admin","NetClientFrom.六道轮回配置窗口","label7","Label","","admin-source/current/NetClientFrom/六道轮回配置窗口.cs","65"
"admin","NetClientFrom.六道轮回配置窗口","天道_单相","NumericUpDown","","admin-source/current/NetClientFrom/六道轮回配置窗口.cs","67"
"admin","NetClientFrom.六道轮回配置窗口","天道_所相","NumericUpDown","","admin-source/current/NetClientFrom/六道轮回配置窗口.cs","69"
"admin","NetClientFrom.六道轮回配置窗口","天道_结束消耗","TextBox","","admin-source/current/NetClientFrom/六道轮回配置窗口.cs","71"
"admin","NetClientFrom.六道轮回配置窗口","天道_结束条件","ComboBox","","admin-source/current/NetClientFrom/六道轮回配置窗口.cs","73"
"admin","NetClientFrom.六道轮回配置窗口","天道_开启等级","NumericUpDown","","admin-source/current/NetClientFrom/六道轮回配置窗口.cs","75"
"admin","NetClientFrom.六道轮回配置窗口","天道_开启消耗","NumericUpDown","","admin-source/current/NetClientFrom/六道轮回配置窗口.cs","77"
"admin","NetClientFrom.六道轮回配置窗口","天道_开启类型","ComboBox","","admin-source/current/NetClientFrom/六道轮回配置窗口.cs","79"
"admin","NetClientFrom.六道轮回配置窗口","天道_名字","TextBox","","admin-source/current/NetClientFrom/六道轮回配置窗口.cs","81"
"admin","NetClientFrom.六道轮回配置窗口","人道_单相","NumericUpDown","","admin-source/current/NetClientFrom/六道轮回配置窗口.cs","83"
"admin","NetClientFrom.六道轮回配置窗口","人道_所相","NumericUpDown","","admin-source/current/NetClientFrom/六道轮回配置窗口.cs","85"
"admin","NetClientFrom.六道轮回配置窗口","人道_结束消耗","TextBox","","admin-source/current/NetClientFrom/六道轮回配置窗口.cs","87"
"admin","NetClientFrom.六道轮回配置窗口","人道_结束条件","ComboBox","","admin-source/current/NetClientFrom/六道轮回配置窗口.cs","89"
"admin","NetClientFrom.六道轮回配置窗口","人道_开启等级","NumericUpDown","","admin-source/current/NetClientFrom/六道轮回配置窗口.cs","91"
"admin","NetClientFrom.六道轮回配置窗口","人道_开启消耗","NumericUpDown","","admin-source/current/NetClientFrom/六道轮回配置窗口.cs","93"
"admin","NetClientFrom.六道轮回配置窗口","人道_开启类型","ComboBox","","admin-source/current/NetClientFrom/六道轮回配置窗口.cs","95"
"admin","NetClientFrom.六道轮回配置窗口","人道_名字","TextBox","","admin-source/current/NetClientFrom/六道轮回配置窗口.cs","97"
"admin","NetClientFrom.六道轮回配置窗口","修罗道_单相","NumericUpDown","","admin-source/current/NetClientFrom/六道轮回配置窗口.cs","99"
"admin","NetClientFrom.六道轮回配置窗口","修罗道_所相","NumericUpDown","","admin-source/current/NetClientFrom/六道轮回配置窗口.cs","101"
"admin","NetClientFrom.六道轮回配置窗口","修罗道_结束消耗","TextBox","","admin-source/current/NetClientFrom/六道轮回配置窗口.cs","103"
"admin","NetClientFrom.六道轮回配置窗口","修罗道_结束条件","ComboBox","","admin-source/current/NetClientFrom/六道轮回配置窗口.cs","105"
"admin","NetClientFrom.六道轮回配置窗口","修罗道_开启等级","NumericUpDown","","admin-source/current/NetClientFrom/六道轮回配置窗口.cs","107"
"admin","NetClientFrom.六道轮回配置窗口","修罗道_开启消耗","NumericUpDown","","admin-source/current/NetClientFrom/六道轮回配置窗口.cs","109"
"admin","NetClientFrom.六道轮回配置窗口","修罗道_开启类型","ComboBox","","admin-source/current/NetClientFrom/六道轮回配置窗口.cs","111"
"admin","NetClientFrom.六道轮回配置窗口","修罗道_名字","TextBox","","admin-source/current/NetClientFrom/六道轮回配置窗口.cs","113"
"admin","NetClientFrom.六道轮回配置窗口","畜生道_单相","NumericUpDown","","admin-source/current/NetClientFrom/六道轮回配置窗口.cs","115"
"admin","NetClientFrom.六道轮回配置窗口","畜生道_所相","NumericUpDown","","admin-source/current/NetClientFrom/六道轮回配置窗口.cs","117"
"admin","NetClientFrom.六道轮回配置窗口","畜生道_结束消耗","TextBox","","admin-source/current/NetClientFrom/六道轮回配置窗口.cs","119"
"admin","NetClientFrom.六道轮回配置窗口","畜生道_结束条件","ComboBox","","admin-source/current/NetClientFrom/六道轮回配置窗口.cs","121"
"admin","NetClientFrom.六道轮回配置窗口","畜生道_开启等级","NumericUpDown","","admin-source/current/NetClientFrom/六道轮回配置窗口.cs","123"
"admin","NetClientFrom.六道轮回配置窗口","畜生道_开启消耗","NumericUpDown","","admin-source/current/NetClientFrom/六道轮回配置窗口.cs","125"
"admin","NetClientFrom.六道轮回配置窗口","畜生道_开启类型","ComboBox","","admin-source/current/NetClientFrom/六道轮回配置窗口.cs","127"
"admin","NetClientFrom.六道轮回配置窗口","畜生道_名字","TextBox","","admin-source/current/NetClientFrom/六道轮回配置窗口.cs","129"
"admin","NetClientFrom.六道轮回配置窗口","饿鬼道_单相","NumericUpDown","","admin-source/current/NetClientFrom/六道轮回配置窗口.cs","131"
"admin","NetClientFrom.六道轮回配置窗口","饿鬼道_所相","NumericUpDown","","admin-source/current/NetClientFrom/六道轮回配置窗口.cs","133"
"admin","NetClientFrom.六道轮回配置窗口","饿鬼道_结束消耗","TextBox","","admin-source/current/NetClientFrom/六道轮回配置窗口.cs","135"
"admin","NetClientFrom.六道轮回配置窗口","饿鬼道_结束条件","ComboBox","","admin-source/current/NetClientFrom/六道轮回配置窗口.cs","137"
"admin","NetClientFrom.六道轮回配置窗口","饿鬼道_开启等级","NumericUpDown","","admin-source/current/NetClientFrom/六道轮回配置窗口.cs","139"
"admin","NetClientFrom.六道轮回配置窗口","饿鬼道_开启消耗","NumericUpDown","","admin-source/current/NetClientFrom/六道轮回配置窗口.cs","141"
"admin","NetClientFrom.六道轮回配置窗口","饿鬼道_开启类型","ComboBox","","admin-source/current/NetClientFrom/六道轮回配置窗口.cs","143"
"admin","NetClientFrom.六道轮回配置窗口","饿鬼道_名字","TextBox","","admin-source/current/NetClientFrom/六道轮回配置窗口.cs","145"
"admin","NetClientFrom.六道轮回配置窗口","天道_结束扣除","CheckBox","","admin-source/current/NetClientFrom/六道轮回配置窗口.cs","147"
"admin","NetClientFrom.六道轮回配置窗口","人道_结束扣除","CheckBox","","admin-source/current/NetClientFrom/六道轮回配置窗口.cs","149"
"admin","NetClientFrom.六道轮回配置窗口","修罗道_结束扣除","CheckBox","","admin-source/current/NetClientFrom/六道轮回配置窗口.cs","151"
"admin","NetClientFrom.六道轮回配置窗口","畜生道_结束扣除","CheckBox","","admin-source/current/NetClientFrom/六道轮回配置窗口.cs","153"
"admin","NetClientFrom.六道轮回配置窗口","饿鬼道_结束扣除","CheckBox","","admin-source/current/NetClientFrom/六道轮回配置窗口.cs","155"
"admin","NetClientFrom.六道轮回配置窗口","地狱道_结束扣除","CheckBox","","admin-source/current/NetClientFrom/六道轮回配置窗口.cs","157"
"admin","NetClientFrom.六道轮回配置窗口","I","六道轮回配置窗口","","admin-source/current/NetClientFrom/六道轮回配置窗口.cs","159"
"admin","NetClientFrom.南极抽奖配置窗口","i","南极抽奖配置窗口","","admin-source/current/NetClientFrom/南极抽奖配置窗口.cs","12"
"admin","NetClientFrom.南极抽奖配置窗口","components","IContainer","","admin-source/current/NetClientFrom/南极抽奖配置窗口.cs","14"
"admin","NetClientFrom.南极抽奖配置窗口","南极抽奖_开关","CheckBox","","admin-source/current/NetClientFrom/南极抽奖配置窗口.cs","16"
"admin","NetClientFrom.南极抽奖配置窗口","南极抽奖_重载按钮","Button","","admin-source/current/NetClientFrom/南极抽奖配置窗口.cs","18"
"admin","NetClientFrom.南极抽奖配置窗口","南极抽奖_保存按钮","Button","","admin-source/current/NetClientFrom/南极抽奖配置窗口.cs","20"
"admin","NetClientFrom.南极抽奖配置窗口","南极抽奖_大额抽奖","CheckBox","","admin-source/current/NetClientFrom/南极抽奖配置窗口.cs","22"
"admin","NetClientFrom.南极抽奖配置窗口","label1","Label","","admin-source/current/NetClientFrom/南极抽奖配置窗口.cs","24"
"admin","NetClientFrom.南极抽奖配置窗口","南极抽奖_到期时间","TextBox","","admin-source/current/NetClientFrom/南极抽奖配置窗口.cs","26"
"admin","NetClientFrom.南极抽奖配置窗口","label2","Label","","admin-source/current/NetClientFrom/南极抽奖配置窗口.cs","28"
"admin","NetClientFrom.南极抽奖配置窗口","南极抽奖_活动描述","TextBox","","admin-source/current/NetClientFrom/南极抽奖配置窗口.cs","30"
"admin","NetClientFrom.南极抽奖配置窗口","groupBox1","GroupBox","","admin-source/current/NetClientFrom/南极抽奖配置窗口.cs","32"
"admin","NetClientFrom.南极抽奖配置窗口","label3","Label","","admin-source/current/NetClientFrom/南极抽奖配置窗口.cs","34"
"admin","NetClientFrom.南极抽奖配置窗口","南极抽奖_添加奖品","TextBox","","admin-source/current/NetClientFrom/南极抽奖配置窗口.cs","36"
"admin","NetClientFrom.南极抽奖配置窗口","南极抽奖_奖品等级","ComboBox","","admin-source/current/NetClientFrom/南极抽奖配置窗口.cs","38"
"admin","NetClientFrom.南极抽奖配置窗口","label4","Label","","admin-source/current/NetClientFrom/南极抽奖配置窗口.cs","40"
"admin","NetClientFrom.南极抽奖配置窗口","南极抽奖_奖品概率","NumericUpDown","","admin-source/current/NetClientFrom/南极抽奖配置窗口.cs","42"
"admin","NetClientFrom.南极抽奖配置窗口","label7","Label","","admin-source/current/NetClientFrom/南极抽奖配置窗口.cs","44"
"admin","NetClientFrom.南极抽奖配置窗口","南极抽奖_奖品数量","NumericUpDown","","admin-source/current/NetClientFrom/南极抽奖配置窗口.cs","46"
"admin","NetClientFrom.南极抽奖配置窗口","label6","Label","","admin-source/current/NetClientFrom/南极抽奖配置窗口.cs","48"
"admin","NetClientFrom.南极抽奖配置窗口","南极抽奖_奖品图标","NumericUpDown","","admin-source/current/NetClientFrom/南极抽奖配置窗口.cs","50"
"admin","NetClientFrom.南极抽奖配置窗口","label5","Label","","admin-source/current/NetClientFrom/南极抽奖配置窗口.cs","52"
"admin","NetClientFrom.南极抽奖配置窗口","南极抽奖_添加按钮","Button","","admin-source/current/NetClientFrom/南极抽奖配置窗口.cs","54"
"admin","NetClientFrom.南极抽奖配置窗口","南极抽奖_奖品列表","DataGridView","","admin-source/current/NetClientFrom/南极抽奖配置窗口.cs","56"
"admin","NetClientFrom.南极抽奖配置窗口","南极抽奖_是否大额","CheckBox","","admin-source/current/NetClientFrom/南极抽奖配置窗口.cs","58"
"admin","NetClientFrom.南极抽奖配置窗口","南极抽奖_出特等次数","NumericUpDown","","admin-source/current/NetClientFrom/南极抽奖配置窗口.cs","60"
"admin","NetClientFrom.南极抽奖配置窗口","label8","Label","","admin-source/current/NetClientFrom/南极抽奖配置窗口.cs","62"
"admin","NetClientFrom.南极抽奖配置窗口","奖品名字","DataGridViewTextBoxColumn","","admin-source/current/NetClientFrom/南极抽奖配置窗口.cs","64"
"admin","NetClientFrom.南极抽奖配置窗口","奖品类别","DataGridViewTextBoxColumn","","admin-source/current/NetClientFrom/南极抽奖配置窗口.cs","66"
"admin","NetClientFrom.南极抽奖配置窗口","奖品等级","DataGridViewTextBoxColumn","","admin-source/current/NetClientFrom/南极抽奖配置窗口.cs","68"
"admin","NetClientFrom.南极抽奖配置窗口","奖品图标","DataGridViewTextBoxColumn","","admin-source/current/NetClientFrom/南极抽奖配置窗口.cs","70"
"admin","NetClientFrom.南极抽奖配置窗口","奖品数量","DataGridViewTextBoxColumn","","admin-source/current/NetClientFrom/南极抽奖配置窗口.cs","72"
"admin","NetClientFrom.南极抽奖配置窗口","奖品概率","DataGridViewTextBoxColumn","","admin-source/current/NetClientFrom/南极抽奖配置窗口.cs","74"
"admin","NetClientFrom.南极抽奖配置窗口","I","南极抽奖配置窗口","","admin-source/current/NetClientFrom/南极抽奖配置窗口.cs","76"
"admin","NetClientFrom.召唤精怪配置窗口","i","召唤精怪配置窗口","","admin-source/current/NetClientFrom/召唤精怪配置窗口.cs","12"
"admin","NetClientFrom.召唤精怪配置窗口","components","IContainer","","admin-source/current/NetClientFrom/召唤精怪配置窗口.cs","14"
"admin","NetClientFrom.召唤精怪配置窗口","抓精怪_开关","CheckBox","","admin-source/current/NetClientFrom/召唤精怪配置窗口.cs","16"
"admin","NetClientFrom.召唤精怪配置窗口","抓精怪_重载按钮","Button","","admin-source/current/NetClientFrom/召唤精怪配置窗口.cs","18"
"admin","NetClientFrom.召唤精怪配置窗口","抓精怪_保存按钮","Button","","admin-source/current/NetClientFrom/召唤精怪配置窗口.cs","20"
"admin","NetClientFrom.召唤精怪配置窗口","珊瑚列表","DataGridView","","admin-source/current/NetClientFrom/召唤精怪配置窗口.cs","22"
"admin","NetClientFrom.召唤精怪配置窗口","礼包名字","DataGridViewTextBoxColumn","","admin-source/current/NetClientFrom/召唤精怪配置窗口.cs","24"
"admin","NetClientFrom.召唤精怪配置窗口","获得几率","DataGridViewTextBoxColumn","","admin-source/current/NetClientFrom/召唤精怪配置窗口.cs","26"
"admin","NetClientFrom.召唤精怪配置窗口","最低元宝","DataGridViewTextBoxColumn","","admin-source/current/NetClientFrom/召唤精怪配置窗口.cs","28"
"admin","NetClientFrom.召唤精怪配置窗口","最高元宝","DataGridViewTextBoxColumn","","admin-source/current/NetClientFrom/召唤精怪配置窗口.cs","30"
"admin","NetClientFrom.召唤精怪配置窗口","材料总集","TabControl","","admin-source/current/NetClientFrom/召唤精怪配置窗口.cs","32"
"admin","NetClientFrom.召唤精怪配置窗口","tabPage1","TabPage","","admin-source/current/NetClientFrom/召唤精怪配置窗口.cs","34"
"admin","NetClientFrom.召唤精怪配置窗口","tabPage2","TabPage","","admin-source/current/NetClientFrom/召唤精怪配置窗口.cs","36"
"admin","NetClientFrom.召唤精怪配置窗口","tabPage3","TabPage","","admin-source/current/NetClientFrom/召唤精怪配置窗口.cs","38"
"admin","NetClientFrom.召唤精怪配置窗口","tabPage4","TabPage","","admin-source/current/NetClientFrom/召唤精怪配置窗口.cs","40"
"admin","NetClientFrom.召唤精怪配置窗口","tabPage5","TabPage","","admin-source/current/NetClientFrom/召唤精怪配置窗口.cs","42"
"admin","NetClientFrom.召唤精怪配置窗口","tabPage6","TabPage","","admin-source/current/NetClientFrom/召唤精怪配置窗口.cs","44"
"admin","NetClientFrom.召唤精怪配置窗口","tabPage7","TabPage","","admin-source/current/NetClientFrom/召唤精怪配置窗口.cs","46"
"admin","NetClientFrom.召唤精怪配置窗口","tabPage8","TabPage","","admin-source/current/NetClientFrom/召唤精怪配置窗口.cs","48"
"admin","NetClientFrom.召唤精怪配置窗口","tabPage9","TabPage","","admin-source/current/NetClientFrom/召唤精怪配置窗口.cs","50"
"admin","NetClientFrom.召唤精怪配置窗口","tabPage10","TabPage","","admin-source/current/NetClientFrom/召唤精怪配置窗口.cs","52"
"admin","NetClientFrom.召唤精怪配置窗口","tabPage11","TabPage","","admin-source/current/NetClientFrom/召唤精怪配置窗口.cs","54"
"admin","NetClientFrom.召唤精怪配置窗口","tabPage12","TabPage","","admin-source/current/NetClientFrom/召唤精怪配置窗口.cs","56"
"admin","NetClientFrom.召唤精怪配置窗口","还阳露列表","DataGridView","","admin-source/current/NetClientFrom/召唤精怪配置窗口.cs","58"
"admin","NetClientFrom.召唤精怪配置窗口","dataGridViewTextBoxColumn1","DataGridViewTextBoxColumn","","admin-source/current/NetClientFrom/召唤精怪配置窗口.cs","60"
"admin","NetClientFrom.召唤精怪配置窗口","dataGridViewTextBoxColumn2","DataGridViewTextBoxColumn","","admin-source/current/NetClientFrom/召唤精怪配置窗口.cs","62"
"admin","NetClientFrom.召唤精怪配置窗口","dataGridViewTextBoxColumn3","DataGridViewTextBoxColumn","","admin-source/current/NetClientFrom/召唤精怪配置窗口.cs","64"
"admin","NetClientFrom.召唤精怪配置窗口","dataGridViewTextBoxColumn4","DataGridViewTextBoxColumn","","admin-source/current/NetClientFrom/召唤精怪配置窗口.cs","66"
"admin","NetClientFrom.召唤精怪配置窗口","醉仙酒列表","DataGridView","","admin-source/current/NetClientFrom/召唤精怪配置窗口.cs","68"
"admin","NetClientFrom.召唤精怪配置窗口","dataGridViewTextBoxColumn5","DataGridViewTextBoxColumn","","admin-source/current/NetClientFrom/召唤精怪配置窗口.cs","70"
"admin","NetClientFrom.召唤精怪配置窗口","dataGridViewTextBoxColumn6","DataGridViewTextBoxColumn","","admin-source/current/NetClientFrom/召唤精怪配置窗口.cs","72"
"admin","NetClientFrom.召唤精怪配置窗口","dataGridViewTextBoxColumn7","DataGridViewTextBoxColumn","","admin-source/current/NetClientFrom/召唤精怪配置窗口.cs","74"
"admin","NetClientFrom.召唤精怪配置窗口","dataGridViewTextBoxColumn8","DataGridViewTextBoxColumn","","admin-source/current/NetClientFrom/召唤精怪配置窗口.cs","76"
"admin","NetClientFrom.召唤精怪配置窗口","五彩香列表","DataGridView","","admin-source/current/NetClientFrom/召唤精怪配置窗口.cs","78"
"admin","NetClientFrom.召唤精怪配置窗口","dataGridViewTextBoxColumn9","DataGridViewTextBoxColumn","","admin-source/current/NetClientFrom/召唤精怪配置窗口.cs","80"
"admin","NetClientFrom.召唤精怪配置窗口","dataGridViewTextBoxColumn10","DataGridViewTextBoxColumn","","admin-source/current/NetClientFrom/召唤精怪配置窗口.cs","82"
"admin","NetClientFrom.召唤精怪配置窗口","dataGridViewTextBoxColumn11","DataGridViewTextBoxColumn","","admin-source/current/NetClientFrom/召唤精怪配置窗口.cs","84"
"admin","NetClientFrom.召唤精怪配置窗口","dataGridViewTextBoxColumn12","DataGridViewTextBoxColumn","","admin-source/current/NetClientFrom/召唤精怪配置窗口.cs","86"
"admin","NetClientFrom.召唤精怪配置窗口","仙露草列表","DataGridView","","admin-source/current/NetClientFrom/召唤精怪配置窗口.cs","88"
"admin","NetClientFrom.召唤精怪配置窗口","dataGridViewTextBoxColumn13","DataGridViewTextBoxColumn","","admin-source/current/NetClientFrom/召唤精怪配置窗口.cs","90"
"admin","NetClientFrom.召唤精怪配置窗口","dataGridViewTextBoxColumn14","DataGridViewTextBoxColumn","","admin-source/current/NetClientFrom/召唤精怪配置窗口.cs","92"
"admin","NetClientFrom.召唤精怪配置窗口","dataGridViewTextBoxColumn15","DataGridViewTextBoxColumn","","admin-source/current/NetClientFrom/召唤精怪配置窗口.cs","94"
"admin","NetClientFrom.召唤精怪配置窗口","dataGridViewTextBoxColumn16","DataGridViewTextBoxColumn","","admin-source/current/NetClientFrom/召唤精怪配置窗口.cs","96"
"admin","NetClientFrom.召唤精怪配置窗口","百草集列表","DataGridView","","admin-source/current/NetClientFrom/召唤精怪配置窗口.cs","98"
"admin","NetClientFrom.召唤精怪配置窗口","dataGridViewTextBoxColumn17","DataGridViewTextBoxColumn","","admin-source/current/NetClientFrom/召唤精怪配置窗口.cs","100"
"admin","NetClientFrom.召唤精怪配置窗口","dataGridViewTextBoxColumn18","DataGridViewTextBoxColumn","","admin-source/current/NetClientFrom/召唤精怪配置窗口.cs","102"
"admin","NetClientFrom.召唤精怪配置窗口","dataGridViewTextBoxColumn19","DataGridViewTextBoxColumn","","admin-source/current/NetClientFrom/召唤精怪配置窗口.cs","104"
"admin","NetClientFrom.召唤精怪配置窗口","dataGridViewTextBoxColumn20","DataGridViewTextBoxColumn","","admin-source/current/NetClientFrom/召唤精怪配置窗口.cs","106"
"admin","NetClientFrom.召唤精怪配置窗口","凝香草列表","DataGridView","","admin-source/current/NetClientFrom/召唤精怪配置窗口.cs","108"
"admin","NetClientFrom.召唤精怪配置窗口","dataGridViewTextBoxColumn21","DataGridViewTextBoxColumn","","admin-source/current/NetClientFrom/召唤精怪配置窗口.cs","110"
"admin","NetClientFrom.召唤精怪配置窗口","dataGridViewTextBoxColumn22","DataGridViewTextBoxColumn","","admin-source/current/NetClientFrom/召唤精怪配置窗口.cs","112"
"admin","NetClientFrom.召唤精怪配置窗口","dataGridViewTextBoxColumn23","DataGridViewTextBoxColumn","","admin-source/current/NetClientFrom/召唤精怪配置窗口.cs","114"
"admin","NetClientFrom.召唤精怪配置窗口","dataGridViewTextBoxColumn24","DataGridViewTextBoxColumn","","admin-source/current/NetClientFrom/召唤精怪配置窗口.cs","116"
"admin","NetClientFrom.召唤精怪配置窗口","醒狮丹列表","DataGridView","","admin-source/current/NetClientFrom/召唤精怪配置窗口.cs","118"
"admin","NetClientFrom.召唤精怪配置窗口","dataGridViewTextBoxColumn25","DataGridViewTextBoxColumn","","admin-source/current/NetClientFrom/召唤精怪配置窗口.cs","120"
"admin","NetClientFrom.召唤精怪配置窗口","dataGridViewTextBoxColumn26","DataGridViewTextBoxColumn","","admin-source/current/NetClientFrom/召唤精怪配置窗口.cs","122"
"admin","NetClientFrom.召唤精怪配置窗口","dataGridViewTextBoxColumn27","DataGridViewTextBoxColumn","","admin-source/current/NetClientFrom/召唤精怪配置窗口.cs","124"
"admin","NetClientFrom.召唤精怪配置窗口","dataGridViewTextBoxColumn28","DataGridViewTextBoxColumn","","admin-source/current/NetClientFrom/召唤精怪配置窗口.cs","126"
"admin","NetClientFrom.召唤精怪配置窗口","鱼仙饵列表","DataGridView","","admin-source/current/NetClientFrom/召唤精怪配置窗口.cs","128"
"admin","NetClientFrom.召唤精怪配置窗口","dataGridViewTextBoxColumn29","DataGridViewTextBoxColumn","","admin-source/current/NetClientFrom/召唤精怪配置窗口.cs","130"
"admin","NetClientFrom.召唤精怪配置窗口","dataGridViewTextBoxColumn30","DataGridViewTextBoxColumn","","admin-source/current/NetClientFrom/召唤精怪配置窗口.cs","132"
"admin","NetClientFrom.召唤精怪配置窗口","dataGridViewTextBoxColumn31","DataGridViewTextBoxColumn","","admin-source/current/NetClientFrom/召唤精怪配置窗口.cs","134"
"admin","NetClientFrom.召唤精怪配置窗口","dataGridViewTextBoxColumn32","DataGridViewTextBoxColumn","","admin-source/current/NetClientFrom/召唤精怪配置窗口.cs","136"
"admin","NetClientFrom.召唤精怪配置窗口","猿兽丹列表","DataGridView","","admin-source/current/NetClientFrom/召唤精怪配置窗口.cs","138"
"admin","NetClientFrom.召唤精怪配置窗口","dataGridViewTextBoxColumn33","DataGridViewTextBoxColumn","","admin-source/current/NetClientFrom/召唤精怪配置窗口.cs","140"
"admin","NetClientFrom.召唤精怪配置窗口","dataGridViewTextBoxColumn34","DataGridViewTextBoxColumn","","admin-source/current/NetClientFrom/召唤精怪配置窗口.cs","142"
"admin","NetClientFrom.召唤精怪配置窗口","dataGridViewTextBoxColumn35","DataGridViewTextBoxColumn","","admin-source/current/NetClientFrom/召唤精怪配置窗口.cs","144"
"admin","NetClientFrom.召唤精怪配置窗口","dataGridViewTextBoxColumn36","DataGridViewTextBoxColumn","","admin-source/current/NetClientFrom/召唤精怪配置窗口.cs","146"
"admin","NetClientFrom.召唤精怪配置窗口","菩提子列表","DataGridView","","admin-source/current/NetClientFrom/召唤精怪配置窗口.cs","148"
"admin","NetClientFrom.召唤精怪配置窗口","dataGridViewTextBoxColumn37","DataGridViewTextBoxColumn","","admin-source/current/NetClientFrom/召唤精怪配置窗口.cs","150"
"admin","NetClientFrom.召唤精怪配置窗口","dataGridViewTextBoxColumn38","DataGridViewTextBoxColumn","","admin-source/current/NetClientFrom/召唤精怪配置窗口.cs","152"
"admin","NetClientFrom.召唤精怪配置窗口","dataGridViewTextBoxColumn39","DataGridViewTextBoxColumn","","admin-source/current/NetClientFrom/召唤精怪配置窗口.cs","154"
"admin","NetClientFrom.召唤精怪配置窗口","dataGridViewTextBoxColumn40","DataGridViewTextBoxColumn","","admin-source/current/NetClientFrom/召唤精怪配置窗口.cs","156"
"admin","NetClientFrom.召唤精怪配置窗口","御仙饮列表","DataGridView","","admin-source/current/NetClientFrom/召唤精怪配置窗口.cs","158"
"admin","NetClientFrom.召唤精怪配置窗口","dataGridViewTextBoxColumn41","DataGridViewTextBoxColumn","","admin-source/current/NetClientFrom/召唤精怪配置窗口.cs","160"
"admin","NetClientFrom.召唤精怪配置窗口","dataGridViewTextBoxColumn42","DataGridViewTextBoxColumn","","admin-source/current/NetClientFrom/召唤精怪配置窗口.cs","162"
"admin","NetClientFrom.召唤精怪配置窗口","dataGridViewTextBoxColumn43","DataGridViewTextBoxColumn","","admin-source/current/NetClientFrom/召唤精怪配置窗口.cs","164"
"admin","NetClientFrom.召唤精怪配置窗口","dataGridViewTextBoxColumn44","DataGridViewTextBoxColumn","","admin-source/current/NetClientFrom/召唤精怪配置窗口.cs","166"
"admin","NetClientFrom.召唤精怪配置窗口","I","召唤精怪配置窗口","","admin-source/current/NetClientFrom/召唤精怪配置窗口.cs","168"
"admin","NetClientFrom.商城限购配置窗口","i","商城限购配置窗口","","admin-source/current/NetClientFrom/商城限购配置窗口.cs","12"
"admin","NetClientFrom.商城限购配置窗口","components","IContainer","","admin-source/current/NetClientFrom/商城限购配置窗口.cs","14"
"admin","NetClientFrom.商城限购配置窗口","商城限购_开关","CheckBox","","admin-source/current/NetClientFrom/商城限购配置窗口.cs","16"
"admin","NetClientFrom.商城限购配置窗口","商城限购_重载按钮","Button","","admin-source/current/NetClientFrom/商城限购配置窗口.cs","18"
"admin","NetClientFrom.商城限购配置窗口","商城限购_保存按钮","Button","","admin-source/current/NetClientFrom/商城限购配置窗口.cs","20"
"admin","NetClientFrom.商城限购配置窗口","商城限购_商品列表","DataGridView","","admin-source/current/NetClientFrom/商城限购配置窗口.cs","22"
"admin","NetClientFrom.商城限购配置窗口","label6","Label","","admin-source/current/NetClientFrom/商城限购配置窗口.cs","24"
"admin","NetClientFrom.商城限购配置窗口","商品条码","DataGridViewTextBoxColumn","","admin-source/current/NetClientFrom/商城限购配置窗口.cs","26"
"admin","NetClientFrom.商城限购配置窗口","商城名字","DataGridViewTextBoxColumn","","admin-source/current/NetClientFrom/商城限购配置窗口.cs","28"
"admin","NetClientFrom.商城限购配置窗口","限购数量","DataGridViewTextBoxColumn","","admin-source/current/NetClientFrom/商城限购配置窗口.cs","30"
"admin","NetClientFrom.商城限购配置窗口","商城编号","DataGridViewTextBoxColumn","","admin-source/current/NetClientFrom/商城限购配置窗口.cs","32"
"admin","NetClientFrom.商城限购配置窗口","商品类别","DataGridViewTextBoxColumn","","admin-source/current/NetClientFrom/商城限购配置窗口.cs","34"
"admin","NetClientFrom.商城限购配置窗口","花费类型","DataGridViewTextBoxColumn","","admin-source/current/NetClientFrom/商城限购配置窗口.cs","36"
"admin","NetClientFrom.商城限购配置窗口","购买类型","DataGridViewTextBoxColumn","","admin-source/current/NetClientFrom/商城限购配置窗口.cs","38"
"admin","NetClientFrom.商城限购配置窗口","购买价格","DataGridViewTextBoxColumn","","admin-source/current/NetClientFrom/商城限购配置窗口.cs","40"
"admin","NetClientFrom.商城限购配置窗口","I","商城限购配置窗口","","admin-source/current/NetClientFrom/商城限购配置窗口.cs","42"
"admin","NetClientFrom.喊话聊天配置窗口","i","喊话聊天配置窗口","","admin-source/current/NetClientFrom/喊话聊天配置窗口.cs","12"
"admin","NetClientFrom.喊话聊天配置窗口","components","IContainer","","admin-source/current/NetClientFrom/喊话聊天配置窗口.cs","14"
"admin","NetClientFrom.喊话聊天配置窗口","喊话_限制开关","CheckBox","","admin-source/current/NetClientFrom/喊话聊天配置窗口.cs","16"
"admin","NetClientFrom.喊话聊天配置窗口","喊话_重载按钮","Button","","admin-source/current/NetClientFrom/喊话聊天配置窗口.cs","18"
"admin","NetClientFrom.喊话聊天配置窗口","喊话_保存按钮","Button","","admin-source/current/NetClientFrom/喊话聊天配置窗口.cs","20"
"admin","NetClientFrom.喊话聊天配置窗口","喊话_敏感词掉线开关","CheckBox","","admin-source/current/NetClientFrom/喊话聊天配置窗口.cs","22"
"admin","NetClientFrom.喊话聊天配置窗口","label2","Label","","admin-source/current/NetClientFrom/喊话聊天配置窗口.cs","24"
"admin","NetClientFrom.喊话聊天配置窗口","喊话_喇叭等级","NumericUpDown","","admin-source/current/NetClientFrom/喊话聊天配置窗口.cs","26"
"admin","NetClientFrom.喊话聊天配置窗口","label6","Label","","admin-source/current/NetClientFrom/喊话聊天配置窗口.cs","28"
"admin","NetClientFrom.喊话聊天配置窗口","喊话_添加敏感词","TextBox","","admin-source/current/NetClientFrom/喊话聊天配置窗口.cs","30"
"admin","NetClientFrom.喊话聊天配置窗口","喊话_添加按钮","Button","","admin-source/current/NetClientFrom/喊话聊天配置窗口.cs","32"
"admin","NetClientFrom.喊话聊天配置窗口","喊话_敏感词列表","TextBox","","admin-source/current/NetClientFrom/喊话聊天配置窗口.cs","34"
"admin","NetClientFrom.喊话聊天配置窗口","groupBox1","GroupBox","","admin-source/current/NetClientFrom/喊话聊天配置窗口.cs","36"
"admin","NetClientFrom.喊话聊天配置窗口","label4","Label","","admin-source/current/NetClientFrom/喊话聊天配置窗口.cs","38"
"admin","NetClientFrom.喊话聊天配置窗口","喊话_间隔分钟","NumericUpDown","","admin-source/current/NetClientFrom/喊话聊天配置窗口.cs","40"
"admin","NetClientFrom.喊话聊天配置窗口","label3","Label","","admin-source/current/NetClientFrom/喊话聊天配置窗口.cs","42"
"admin","NetClientFrom.喊话聊天配置窗口","喊话_结束时间","TextBox","","admin-source/current/NetClientFrom/喊话聊天配置窗口.cs","44"
"admin","NetClientFrom.喊话聊天配置窗口","label1","Label","","admin-source/current/NetClientFrom/喊话聊天配置窗口.cs","46"
"admin","NetClientFrom.喊话聊天配置窗口","喊话_开始时间","TextBox","","admin-source/current/NetClientFrom/喊话聊天配置窗口.cs","48"
"admin","NetClientFrom.喊话聊天配置窗口","label5","Label","","admin-source/current/NetClientFrom/喊话聊天配置窗口.cs","50"
"admin","NetClientFrom.喊话聊天配置窗口","喊话_停止定时按钮","Button","","admin-source/current/NetClientFrom/喊话聊天配置窗口.cs","52"
"admin","NetClientFrom.喊话聊天配置窗口","喊话_启动定时按钮","Button","","admin-source/current/NetClientFrom/喊话聊天配置窗口.cs","54"
"admin","NetClientFrom.喊话聊天配置窗口","label7","Label","","admin-source/current/NetClientFrom/喊话聊天配置窗口.cs","56"
"admin","NetClientFrom.喊话聊天配置窗口","喊话_喊话内容","TextBox","","admin-source/current/NetClientFrom/喊话聊天配置窗口.cs","58"
"admin","NetClientFrom.喊话聊天配置窗口","喊话_频道","ComboBox","","admin-source/current/NetClientFrom/喊话聊天配置窗口.cs","60"
"admin","NetClientFrom.喊话聊天配置窗口","groupBox2","GroupBox","","admin-source/current/NetClientFrom/喊话聊天配置窗口.cs","62"
"admin","NetClientFrom.喊话聊天配置窗口","喊话_日志列表","DataGridView","","admin-source/current/NetClientFrom/喊话聊天配置窗口.cs","64"
"admin","NetClientFrom.喊话聊天配置窗口","类型","DataGridViewTextBoxColumn","","admin-source/current/NetClientFrom/喊话聊天配置窗口.cs","66"
"admin","NetClientFrom.喊话聊天配置窗口","名字","DataGridViewTextBoxColumn","","admin-source/current/NetClientFrom/喊话聊天配置窗口.cs","68"
"admin","NetClientFrom.喊话聊天配置窗口","金元宝","DataGridViewTextBoxColumn","","admin-source/current/NetClientFrom/喊话聊天配置窗口.cs","70"
"admin","NetClientFrom.喊话聊天配置窗口","银元宝","DataGridViewTextBoxColumn","","admin-source/current/NetClientFrom/喊话聊天配置窗口.cs","72"
"admin","NetClientFrom.喊话聊天配置窗口","I","喊话聊天配置窗口","","admin-source/current/NetClientFrom/喊话聊天配置窗口.cs","74"
"admin","NetClientFrom.在线抽奖配置窗口","i","在线抽奖配置窗口","","admin-source/current/NetClientFrom/在线抽奖配置窗口.cs","12"
"admin","NetClientFrom.在线抽奖配置窗口","components","IContainer","","admin-source/current/NetClientFrom/在线抽奖配置窗口.cs","14"
"admin","NetClientFrom.在线抽奖配置窗口","抽奖_开关","CheckBox","","admin-source/current/NetClientFrom/在线抽奖配置窗口.cs","16"
"admin","NetClientFrom.在线抽奖配置窗口","抽奖_重载按钮","Button","","admin-source/current/NetClientFrom/在线抽奖配置窗口.cs","18"
"admin","NetClientFrom.在线抽奖配置窗口","抽奖_保存按钮","Button","","admin-source/current/NetClientFrom/在线抽奖配置窗口.cs","20"
"admin","NetClientFrom.在线抽奖配置窗口","地狱道_名字","TextBox","","admin-source/current/NetClientFrom/在线抽奖配置窗口.cs","22"
"admin","NetClientFrom.在线抽奖配置窗口","抽奖_指令","TextBox","","admin-source/current/NetClientFrom/在线抽奖配置窗口.cs","24"
"admin","NetClientFrom.在线抽奖配置窗口","textBox5","TextBox","","admin-source/current/NetClientFrom/在线抽奖配置窗口.cs","26"
"admin","NetClientFrom.在线抽奖配置窗口","抽奖_花费价格","NumericUpDown","","admin-source/current/NetClientFrom/在线抽奖配置窗口.cs","28"
"admin","NetClientFrom.在线抽奖配置窗口","抽奖_花费类型","ComboBox","","admin-source/current/NetClientFrom/在线抽奖配置窗口.cs","30"
"admin","NetClientFrom.在线抽奖配置窗口","textBox1","TextBox","","admin-source/current/NetClientFrom/在线抽奖配置窗口.cs","32"
"admin","NetClientFrom.在线抽奖配置窗口","抽奖_保底次数","NumericUpDown","","admin-source/current/NetClientFrom/在线抽奖配置窗口.cs","34"
"admin","NetClientFrom.在线抽奖配置窗口","抽奖_奖励列表","DataGridView","","admin-source/current/NetClientFrom/在线抽奖配置窗口.cs","36"
"admin","NetClientFrom.在线抽奖配置窗口","类型","DataGridViewComboBoxColumn","","admin-source/current/NetClientFrom/在线抽奖配置窗口.cs","38"
"admin","NetClientFrom.在线抽奖配置窗口","奖励名字","DataGridViewTextBoxColumn","","admin-source/current/NetClientFrom/在线抽奖配置窗口.cs","40"
"admin","NetClientFrom.在线抽奖配置窗口","Is出谣言","DataGridViewCheckBoxColumn","","admin-source/current/NetClientFrom/在线抽奖配置窗口.cs","42"
"admin","NetClientFrom.在线抽奖配置窗口","保底奖励","DataGridViewCheckBoxColumn","","admin-source/current/NetClientFrom/在线抽奖配置窗口.cs","44"
"admin","NetClientFrom.在线抽奖配置窗口","获得几率","DataGridViewTextBoxColumn","","admin-source/current/NetClientFrom/在线抽奖配置窗口.cs","46"
"admin","NetClientFrom.在线抽奖配置窗口","获得数量","DataGridViewTextBoxColumn","","admin-source/current/NetClientFrom/在线抽奖配置窗口.cs","48"
"admin","NetClientFrom.在线抽奖配置窗口","限制数量","DataGridViewCheckBoxColumn","","admin-source/current/NetClientFrom/在线抽奖配置窗口.cs","50"
"admin","NetClientFrom.在线抽奖配置窗口","已抽出数量","DataGridViewTextBoxColumn","","admin-source/current/NetClientFrom/在线抽奖配置窗口.cs","52"
"admin","NetClientFrom.在线抽奖配置窗口","可抽出数量","DataGridViewTextBoxColumn","","admin-source/current/NetClientFrom/在线抽奖配置窗口.cs","54"
"admin","NetClientFrom.在线抽奖配置窗口","textBox2","TextBox","","admin-source/current/NetClientFrom/在线抽奖配置窗口.cs","56"
"admin","NetClientFrom.在线抽奖配置窗口","抽奖_重置按钮","Button","","admin-source/current/NetClientFrom/在线抽奖配置窗口.cs","58"
"admin","NetClientFrom.在线抽奖配置窗口","I","在线抽奖配置窗口","","admin-source/current/NetClientFrom/在线抽奖配置窗口.cs","60"
"admin","NetClientFrom.宠物召唤配置窗口","i","宠物召唤配置窗口","","admin-source/current/NetClientFrom/宠物召唤配置窗口.cs","11"
"admin","NetClientFrom.宠物召唤配置窗口","components","IContainer","","admin-source/current/NetClientFrom/宠物召唤配置窗口.cs","13"
"admin","NetClientFrom.宠物召唤配置窗口","groupBox1","GroupBox","","admin-source/current/NetClientFrom/宠物召唤配置窗口.cs","15"
"admin","NetClientFrom.宠物召唤配置窗口","宠物召唤_形象","NumericUpDown","","admin-source/current/NetClientFrom/宠物召唤配置窗口.cs","17"
"admin","NetClientFrom.宠物召唤配置窗口","label9","Label","","admin-source/current/NetClientFrom/宠物召唤配置窗口.cs","19"
"admin","NetClientFrom.宠物召唤配置窗口","宠物召唤_朝向","ComboBox","","admin-source/current/NetClientFrom/宠物召唤配置窗口.cs","21"
"admin","NetClientFrom.宠物召唤配置窗口","label8","Label","","admin-source/current/NetClientFrom/宠物召唤配置窗口.cs","23"
"admin","NetClientFrom.宠物召唤配置窗口","宠物召唤_坐标Y","NumericUpDown","","admin-source/current/NetClientFrom/宠物召唤配置窗口.cs","25"
"admin","NetClientFrom.宠物召唤配置窗口","宠物召唤_坐标X","NumericUpDown","","admin-source/current/NetClientFrom/宠物召唤配置窗口.cs","27"
"admin","NetClientFrom.宠物召唤配置窗口","label7","Label","","admin-source/current/NetClientFrom/宠物召唤配置窗口.cs","29"
"admin","NetClientFrom.宠物召唤配置窗口","label5","Label","","admin-source/current/NetClientFrom/宠物召唤配置窗口.cs","31"
"admin","NetClientFrom.宠物召唤配置窗口","宠物召唤_npc称号","TextBox","","admin-source/current/NetClientFrom/宠物召唤配置窗口.cs","33"
"admin","NetClientFrom.宠物召唤配置窗口","label4","Label","","admin-source/current/NetClientFrom/宠物召唤配置窗口.cs","35"
"admin","NetClientFrom.宠物召唤配置窗口","宠物召唤_npc名字","TextBox","","admin-source/current/NetClientFrom/宠物召唤配置窗口.cs","37"
"admin","NetClientFrom.宠物召唤配置窗口","宠物召唤_开关","CheckBox","","admin-source/current/NetClientFrom/宠物召唤配置窗口.cs","39"
"admin","NetClientFrom.宠物召唤配置窗口","宠物召唤_重载按钮","Button","","admin-source/current/NetClientFrom/宠物召唤配置窗口.cs","41"
"admin","NetClientFrom.宠物召唤配置窗口","宠物召唤_保存按钮","Button","","admin-source/current/NetClientFrom/宠物召唤配置窗口.cs","43"
"admin","NetClientFrom.宠物召唤配置窗口","宠物召唤_变异开关","CheckBox","","admin-source/current/NetClientFrom/宠物召唤配置窗口.cs","45"
"admin","NetClientFrom.宠物召唤配置窗口","宠物召唤_变异材料","TextBox","","admin-source/current/NetClientFrom/宠物召唤配置窗口.cs","47"
"admin","NetClientFrom.宠物召唤配置窗口","宠物召唤_变异最低","NumericUpDown","","admin-source/current/NetClientFrom/宠物召唤配置窗口.cs","49"
"admin","NetClientFrom.宠物召唤配置窗口","地狱道_名字","TextBox","","admin-source/current/NetClientFrom/宠物召唤配置窗口.cs","51"
"admin","NetClientFrom.宠物召唤配置窗口","宠物召唤_变异奖励","TextBox","","admin-source/current/NetClientFrom/宠物召唤配置窗口.cs","53"
"admin","NetClientFrom.宠物召唤配置窗口","textBox2","TextBox","","admin-source/current/NetClientFrom/宠物召唤配置窗口.cs","55"
"admin","NetClientFrom.宠物召唤配置窗口","textBox3","TextBox","","admin-source/current/NetClientFrom/宠物召唤配置窗口.cs","57"
"admin","NetClientFrom.宠物召唤配置窗口","textBox4","TextBox","","admin-source/current/NetClientFrom/宠物召唤配置窗口.cs","59"
"admin","NetClientFrom.宠物召唤配置窗口","宠物召唤_变异最高","NumericUpDown","","admin-source/current/NetClientFrom/宠物召唤配置窗口.cs","61"
"admin","NetClientFrom.宠物召唤配置窗口","宠物召唤_变异对话","TextBox","","admin-source/current/NetClientFrom/宠物召唤配置窗口.cs","63"
"admin","NetClientFrom.宠物召唤配置窗口","textBox6","TextBox","","admin-source/current/NetClientFrom/宠物召唤配置窗口.cs","65"
"admin","NetClientFrom.宠物召唤配置窗口","宠物召唤_神兽对话","TextBox","","admin-source/current/NetClientFrom/宠物召唤配置窗口.cs","67"
"admin","NetClientFrom.宠物召唤配置窗口","textBox8","TextBox","","admin-source/current/NetClientFrom/宠物召唤配置窗口.cs","69"
"admin","NetClientFrom.宠物召唤配置窗口","textBox9","TextBox","","admin-source/current/NetClientFrom/宠物召唤配置窗口.cs","71"
"admin","NetClientFrom.宠物召唤配置窗口","宠物召唤_神兽最高","NumericUpDown","","admin-source/current/NetClientFrom/宠物召唤配置窗口.cs","73"
"admin","NetClientFrom.宠物召唤配置窗口","textBox10","TextBox","","admin-source/current/NetClientFrom/宠物召唤配置窗口.cs","75"
"admin","NetClientFrom.宠物召唤配置窗口","宠物召唤_神兽奖励","TextBox","","admin-source/current/NetClientFrom/宠物召唤配置窗口.cs","77"
"admin","NetClientFrom.宠物召唤配置窗口","textBox12","TextBox","","admin-source/current/NetClientFrom/宠物召唤配置窗口.cs","79"
"admin","NetClientFrom.宠物召唤配置窗口","宠物召唤_神兽材料","TextBox","","admin-source/current/NetClientFrom/宠物召唤配置窗口.cs","81"
"admin","NetClientFrom.宠物召唤配置窗口","宠物召唤_神兽最低","NumericUpDown","","admin-source/current/NetClientFrom/宠物召唤配置窗口.cs","83"
"admin","NetClientFrom.宠物召唤配置窗口","textBox14","TextBox","","admin-source/current/NetClientFrom/宠物召唤配置窗口.cs","85"
"admin","NetClientFrom.宠物召唤配置窗口","宠物召唤_神兽开关","CheckBox","","admin-source/current/NetClientFrom/宠物召唤配置窗口.cs","87"
"admin","NetClientFrom.宠物召唤配置窗口","宠物召唤_元灵对话","TextBox","","admin-source/current/NetClientFrom/宠物召唤配置窗口.cs","89"
"admin","NetClientFrom.宠物召唤配置窗口","textBox16","TextBox","","admin-source/current/NetClientFrom/宠物召唤配置窗口.cs","91"
"admin","NetClientFrom.宠物召唤配置窗口","textBox17","TextBox","","admin-source/current/NetClientFrom/宠物召唤配置窗口.cs","93"
"admin","NetClientFrom.宠物召唤配置窗口","宠物召唤_元灵最高","NumericUpDown","","admin-source/current/NetClientFrom/宠物召唤配置窗口.cs","95"
"admin","NetClientFrom.宠物召唤配置窗口","textBox18","TextBox","","admin-source/current/NetClientFrom/宠物召唤配置窗口.cs","97"
"admin","NetClientFrom.宠物召唤配置窗口","宠物召唤_元灵奖励","TextBox","","admin-source/current/NetClientFrom/宠物召唤配置窗口.cs","99"
"admin","NetClientFrom.宠物召唤配置窗口","textBox20","TextBox","","admin-source/current/NetClientFrom/宠物召唤配置窗口.cs","101"
"admin","NetClientFrom.宠物召唤配置窗口","宠物召唤_元灵材料","TextBox","","admin-source/current/NetClientFrom/宠物召唤配置窗口.cs","103"
"admin","NetClientFrom.宠物召唤配置窗口","宠物召唤_元灵最低","NumericUpDown","","admin-source/current/NetClientFrom/宠物召唤配置窗口.cs","105"
"admin","NetClientFrom.宠物召唤配置窗口","textBox22","TextBox","","admin-source/current/NetClientFrom/宠物召唤配置窗口.cs","107"
"admin","NetClientFrom.宠物召唤配置窗口","宠物召唤_元灵开关","CheckBox","","admin-source/current/NetClientFrom/宠物召唤配置窗口.cs","109"
"admin","NetClientFrom.宠物召唤配置窗口","宠物召唤_仙元对话","TextBox","","admin-source/current/NetClientFrom/宠物召唤配置窗口.cs","111"
"admin","NetClientFrom.宠物召唤配置窗口","textBox24","TextBox","","admin-source/current/NetClientFrom/宠物召唤配置窗口.cs","113"
"admin","NetClientFrom.宠物召唤配置窗口","textBox25","TextBox","","admin-source/current/NetClientFrom/宠物召唤配置窗口.cs","115"
"admin","NetClientFrom.宠物召唤配置窗口","宠物召唤_仙元最高","NumericUpDown","","admin-source/current/NetClientFrom/宠物召唤配置窗口.cs","117"
"admin","NetClientFrom.宠物召唤配置窗口","textBox26","TextBox","","admin-source/current/NetClientFrom/宠物召唤配置窗口.cs","119"
"admin","NetClientFrom.宠物召唤配置窗口","宠物召唤_仙元奖励","TextBox","","admin-source/current/NetClientFrom/宠物召唤配置窗口.cs","121"
"admin","NetClientFrom.宠物召唤配置窗口","textBox28","TextBox","","admin-source/current/NetClientFrom/宠物召唤配置窗口.cs","123"
"admin","NetClientFrom.宠物召唤配置窗口","宠物召唤_仙元材料","TextBox","","admin-source/current/NetClientFrom/宠物召唤配置窗口.cs","125"
"admin","NetClientFrom.宠物召唤配置窗口","宠物召唤_仙元最低","NumericUpDown","","admin-source/current/NetClientFrom/宠物召唤配置窗口.cs","127"
"admin","NetClientFrom.宠物召唤配置窗口","textBox30","TextBox","","admin-source/current/NetClientFrom/宠物召唤配置窗口.cs","129"
"admin","NetClientFrom.宠物召唤配置窗口","宠物召唤_仙元开关","CheckBox","","admin-source/current/NetClientFrom/宠物召唤配置窗口.cs","131"
"admin","NetClientFrom.宠物召唤配置窗口","宠物召唤_御灵对话","TextBox","","admin-source/current/NetClientFrom/宠物召唤配置窗口.cs","133"
"admin","NetClientFrom.宠物召唤配置窗口","textBox32","TextBox","","admin-source/current/NetClientFrom/宠物召唤配置窗口.cs","135"
"admin","NetClientFrom.宠物召唤配置窗口","textBox33","TextBox","","admin-source/current/NetClientFrom/宠物召唤配置窗口.cs","137"
"admin","NetClientFrom.宠物召唤配置窗口","宠物召唤_御灵最高","NumericUpDown","","admin-source/current/NetClientFrom/宠物召唤配置窗口.cs","139"
"admin","NetClientFrom.宠物召唤配置窗口","textBox34","TextBox","","admin-source/current/NetClientFrom/宠物召唤配置窗口.cs","141"
"admin","NetClientFrom.宠物召唤配置窗口","宠物召唤_御灵奖励","TextBox","","admin-source/current/NetClientFrom/宠物召唤配置窗口.cs","143"
"admin","NetClientFrom.宠物召唤配置窗口","textBox36","TextBox","","admin-source/current/NetClientFrom/宠物召唤配置窗口.cs","145"
"admin","NetClientFrom.宠物召唤配置窗口","宠物召唤_御灵材料","TextBox","","admin-source/current/NetClientFrom/宠物召唤配置窗口.cs","147"
"admin","NetClientFrom.宠物召唤配置窗口","宠物召唤_御灵最低","NumericUpDown","","admin-source/current/NetClientFrom/宠物召唤配置窗口.cs","149"
"admin","NetClientFrom.宠物召唤配置窗口","textBox38","TextBox","","admin-source/current/NetClientFrom/宠物召唤配置窗口.cs","151"
"admin","NetClientFrom.宠物召唤配置窗口","宠物召唤_御灵开关","CheckBox","","admin-source/current/NetClientFrom/宠物召唤配置窗口.cs","153"
"admin","NetClientFrom.宠物召唤配置窗口","label17","Label","","admin-source/current/NetClientFrom/宠物召唤配置窗口.cs","155"
"admin","NetClientFrom.宠物召唤配置窗口","label1","Label","","admin-source/current/NetClientFrom/宠物召唤配置窗口.cs","157"
"admin","NetClientFrom.宠物召唤配置窗口","宠物召唤_npc对话","TextBox","","admin-source/current/NetClientFrom/宠物召唤配置窗口.cs","159"
"admin","NetClientFrom.宠物召唤配置窗口","I","宠物召唤配置窗口","","admin-source/current/NetClientFrom/宠物召唤配置窗口.cs","161"
"admin","NetClientFrom.宠物绑定配置窗口","i","宠物绑定配置窗口","","admin-source/current/NetClientFrom/宠物绑定配置窗口.cs","12"
"admin","NetClientFrom.宠物绑定配置窗口","components","IContainer","","admin-source/current/NetClientFrom/宠物绑定配置窗口.cs","14"
"admin","NetClientFrom.宠物绑定配置窗口","宠物绑定_添加按钮","Button","","admin-source/current/NetClientFrom/宠物绑定配置窗口.cs","16"
"admin","NetClientFrom.宠物绑定配置窗口","宠物绑定_重载按钮","Button","","admin-source/current/NetClientFrom/宠物绑定配置窗口.cs","18"
"admin","NetClientFrom.宠物绑定配置窗口","宠物绑定_保存按钮","Button","","admin-source/current/NetClientFrom/宠物绑定配置窗口.cs","20"
"admin","NetClientFrom.宠物绑定配置窗口","宠物绑定_自动绑定宠物名字","TextBox","","admin-source/current/NetClientFrom/宠物绑定配置窗口.cs","22"
"admin","NetClientFrom.宠物绑定配置窗口","label23","Label","","admin-source/current/NetClientFrom/宠物绑定配置窗口.cs","24"
"admin","NetClientFrom.宠物绑定配置窗口","宠物绑定_开关","CheckBox","","admin-source/current/NetClientFrom/宠物绑定配置窗口.cs","26"
"admin","NetClientFrom.宠物绑定配置窗口","宠物绑定_死绑开关","CheckBox","","admin-source/current/NetClientFrom/宠物绑定配置窗口.cs","28"
"admin","NetClientFrom.宠物绑定配置窗口","label1","Label","","admin-source/current/NetClientFrom/宠物绑定配置窗口.cs","30"
"admin","NetClientFrom.宠物绑定配置窗口","宠物绑定_礼包名字","TextBox","","admin-source/current/NetClientFrom/宠物绑定配置窗口.cs","32"
"admin","NetClientFrom.宠物绑定配置窗口","label2","Label","","admin-source/current/NetClientFrom/宠物绑定配置窗口.cs","34"
"admin","NetClientFrom.宠物绑定配置窗口","宠物绑定_礼包宠物名字","TextBox","","admin-source/current/NetClientFrom/宠物绑定配置窗口.cs","36"
"admin","NetClientFrom.宠物绑定配置窗口","label3","Label","","admin-source/current/NetClientFrom/宠物绑定配置窗口.cs","38"
"admin","NetClientFrom.宠物绑定配置窗口","宠物绑定_绑定列表","DataGridView","","admin-source/current/NetClientFrom/宠物绑定配置窗口.cs","40"
"admin","NetClientFrom.宠物绑定配置窗口","礼包名字","DataGridViewTextBoxColumn","","admin-source/current/NetClientFrom/宠物绑定配置窗口.cs","42"
"admin","NetClientFrom.宠物绑定配置窗口","绑定宠物列表","DataGridViewTextBoxColumn","","admin-source/current/NetClientFrom/宠物绑定配置窗口.cs","44"
"admin","NetClientFrom.宠物绑定配置窗口","label4","Label","","admin-source/current/NetClientFrom/宠物绑定配置窗口.cs","46"
"admin","NetClientFrom.宠物绑定配置窗口","修改窗口","Panel","","admin-source/current/NetClientFrom/宠物绑定配置窗口.cs","48"
"admin","NetClientFrom.宠物绑定配置窗口","修改_宠物名字","TextBox","","admin-source/current/NetClientFrom/宠物绑定配置窗口.cs","50"
"admin","NetClientFrom.宠物绑定配置窗口","label5","Label","","admin-source/current/NetClientFrom/宠物绑定配置窗口.cs","52"
"admin","NetClientFrom.宠物绑定配置窗口","修改_名字","TextBox","","admin-source/current/NetClientFrom/宠物绑定配置窗口.cs","54"
"admin","NetClientFrom.宠物绑定配置窗口","label6","Label","","admin-source/current/NetClientFrom/宠物绑定配置窗口.cs","56"
"admin","NetClientFrom.宠物绑定配置窗口","修改_取消按钮","Button","","admin-source/current/NetClientFrom/宠物绑定配置窗口.cs","58"
"admin","NetClientFrom.宠物绑定配置窗口","修改_确定按钮","Button","","admin-source/current/NetClientFrom/宠物绑定配置窗口.cs","60"
"admin","NetClientFrom.宠物绑定配置窗口","I","宠物绑定配置窗口","","admin-source/current/NetClientFrom/宠物绑定配置窗口.cs","62"
"admin","NetClientFrom.属性洗炼配置窗口","i","属性洗炼配置窗口","","admin-source/current/NetClientFrom/属性洗炼配置窗口.cs","12"
"admin","NetClientFrom.属性洗炼配置窗口","components","IContainer","","admin-source/current/NetClientFrom/属性洗炼配置窗口.cs","14"
"admin","NetClientFrom.属性洗炼配置窗口","洗炼_开关","CheckBox","","admin-source/current/NetClientFrom/属性洗炼配置窗口.cs","16"
"admin","NetClientFrom.属性洗炼配置窗口","洗炼_重载按钮","Button","","admin-source/current/NetClientFrom/属性洗炼配置窗口.cs","18"
"admin","NetClientFrom.属性洗炼配置窗口","洗炼_保存按钮","Button","","admin-source/current/NetClientFrom/属性洗炼配置窗口.cs","20"
"admin","NetClientFrom.属性洗炼配置窗口","groupBox1","GroupBox","","admin-source/current/NetClientFrom/属性洗炼配置窗口.cs","22"
"admin","NetClientFrom.属性洗炼配置窗口","洗炼_形象","NumericUpDown","","admin-source/current/NetClientFrom/属性洗炼配置窗口.cs","24"
"admin","NetClientFrom.属性洗炼配置窗口","label9","Label","","admin-source/current/NetClientFrom/属性洗炼配置窗口.cs","26"
"admin","NetClientFrom.属性洗炼配置窗口","洗炼_朝向","ComboBox","","admin-source/current/NetClientFrom/属性洗炼配置窗口.cs","28"
"admin","NetClientFrom.属性洗炼配置窗口","label8","Label","","admin-source/current/NetClientFrom/属性洗炼配置窗口.cs","30"
"admin","NetClientFrom.属性洗炼配置窗口","洗炼_坐标Y","NumericUpDown","","admin-source/current/NetClientFrom/属性洗炼配置窗口.cs","32"
"admin","NetClientFrom.属性洗炼配置窗口","洗炼_坐标X","NumericUpDown","","admin-source/current/NetClientFrom/属性洗炼配置窗口.cs","34"
"admin","NetClientFrom.属性洗炼配置窗口","label7","Label","","admin-source/current/NetClientFrom/属性洗炼配置窗口.cs","36"
"admin","NetClientFrom.属性洗炼配置窗口","label5","Label","","admin-source/current/NetClientFrom/属性洗炼配置窗口.cs","38"
"admin","NetClientFrom.属性洗炼配置窗口","洗炼_npc称号","TextBox","","admin-source/current/NetClientFrom/属性洗炼配置窗口.cs","40"
"admin","NetClientFrom.属性洗炼配置窗口","label4","Label","","admin-source/current/NetClientFrom/属性洗炼配置窗口.cs","42"
"admin","NetClientFrom.属性洗炼配置窗口","洗炼_npc名字","TextBox","","admin-source/current/NetClientFrom/属性洗炼配置窗口.cs","44"
"admin","NetClientFrom.属性洗炼配置窗口","tabControl1","TabControl","","admin-source/current/NetClientFrom/属性洗炼配置窗口.cs","46"
"admin","NetClientFrom.属性洗炼配置窗口","tabPage1","TabPage","","admin-source/current/NetClientFrom/属性洗炼配置窗口.cs","48"
"admin","NetClientFrom.属性洗炼配置窗口","tabPage2","TabPage","","admin-source/current/NetClientFrom/属性洗炼配置窗口.cs","50"
"admin","NetClientFrom.属性洗炼配置窗口","洗炼_时装锁定开关","CheckBox","","admin-source/current/NetClientFrom/属性洗炼配置窗口.cs","52"
"admin","NetClientFrom.属性洗炼配置窗口","洗炼_时装开关","CheckBox","","admin-source/current/NetClientFrom/属性洗炼配置窗口.cs","54"
"admin","NetClientFrom.属性洗炼配置窗口","洗炼_时装锁定消耗数值","NumericUpDown","","admin-source/current/NetClientFrom/属性洗炼配置窗口.cs","56"
"admin","NetClientFrom.属性洗炼配置窗口","洗炼_时装锁定消耗类型","ComboBox","","admin-source/current/NetClientFrom/属性洗炼配置窗口.cs","58"
"admin","NetClientFrom.属性洗炼配置窗口","地狱道_名字","TextBox","","admin-source/current/NetClientFrom/属性洗炼配置窗口.cs","60"
"admin","NetClientFrom.属性洗炼配置窗口","洗炼_时装最大重复条数","NumericUpDown","","admin-source/current/NetClientFrom/属性洗炼配置窗口.cs","62"
"admin","NetClientFrom.属性洗炼配置窗口","textBox1","TextBox","","admin-source/current/NetClientFrom/属性洗炼配置窗口.cs","64"
"admin","NetClientFrom.属性洗炼配置窗口","洗炼_时装属性重复开关","CheckBox","","admin-source/current/NetClientFrom/属性洗炼配置窗口.cs","66"
"admin","NetClientFrom.属性洗炼配置窗口","洗炼_时装名字","TextBox","","admin-source/current/NetClientFrom/属性洗炼配置窗口.cs","68"
"admin","NetClientFrom.属性洗炼配置窗口","textBox15","TextBox","","admin-source/current/NetClientFrom/属性洗炼配置窗口.cs","70"
"admin","NetClientFrom.属性洗炼配置窗口","洗炼_时装出最大条数次数","NumericUpDown","","admin-source/current/NetClientFrom/属性洗炼配置窗口.cs","72"
"admin","NetClientFrom.属性洗炼配置窗口","textBox3","TextBox","","admin-source/current/NetClientFrom/属性洗炼配置窗口.cs","74"
"admin","NetClientFrom.属性洗炼配置窗口","洗炼_时装最高条数","NumericUpDown","","admin-source/current/NetClientFrom/属性洗炼配置窗口.cs","76"
"admin","NetClientFrom.属性洗炼配置窗口","label1","Label","","admin-source/current/NetClientFrom/属性洗炼配置窗口.cs","78"
"admin","NetClientFrom.属性洗炼配置窗口","洗炼_时装最低条数","NumericUpDown","","admin-source/current/NetClientFrom/属性洗炼配置窗口.cs","80"
"admin","NetClientFrom.属性洗炼配置窗口","textBox2","TextBox","","admin-source/current/NetClientFrom/属性洗炼配置窗口.cs","82"
"admin","NetClientFrom.属性洗炼配置窗口","洗炼_时装道具洗炼开关","CheckBox","","admin-source/current/NetClientFrom/属性洗炼配置窗口.cs","84"
"admin","NetClientFrom.属性洗炼配置窗口","洗炼_时装出最高属性次数","NumericUpDown","","admin-source/current/NetClientFrom/属性洗炼配置窗口.cs","86"
"admin","NetClientFrom.属性洗炼配置窗口","textBox4","TextBox","","admin-source/current/NetClientFrom/属性洗炼配置窗口.cs","88"
"admin","NetClientFrom.属性洗炼配置窗口","洗炼_时装道具洗炼消耗材料数量","NumericUpDown","","admin-source/current/NetClientFrom/属性洗炼配置窗口.cs","90"
"admin","NetClientFrom.属性洗炼配置窗口","洗炼_时装道具洗炼材料","TextBox","","admin-source/current/NetClientFrom/属性洗炼配置窗口.cs","92"
"admin","NetClientFrom.属性洗炼配置窗口","textBox5","TextBox","","admin-source/current/NetClientFrom/属性洗炼配置窗口.cs","94"
"admin","NetClientFrom.属性洗炼配置窗口","洗炼_时装数值洗炼类型","ComboBox","","admin-source/current/NetClientFrom/属性洗炼配置窗口.cs","96"
"admin","NetClientFrom.属性洗炼配置窗口","洗炼_时装数值洗炼消耗数值","NumericUpDown","","admin-source/current/NetClientFrom/属性洗炼配置窗口.cs","98"
"admin","NetClientFrom.属性洗炼配置窗口","textBox8","TextBox","","admin-source/current/NetClientFrom/属性洗炼配置窗口.cs","100"
"admin","NetClientFrom.属性洗炼配置窗口","洗炼_时装数值洗炼开关","CheckBox","","admin-source/current/NetClientFrom/属性洗炼配置窗口.cs","102"
"admin","NetClientFrom.属性洗炼配置窗口","洗炼_时装描述文字","TextBox","","admin-source/current/NetClientFrom/属性洗炼配置窗口.cs","104"
"admin","NetClientFrom.属性洗炼配置窗口","textBox9","TextBox","","admin-source/current/NetClientFrom/属性洗炼配置窗口.cs","106"
"admin","NetClientFrom.属性洗炼配置窗口","洗炼_时装描述开关","CheckBox","","admin-source/current/NetClientFrom/属性洗炼配置窗口.cs","108"
"admin","NetClientFrom.属性洗炼配置窗口","label2","Label","","admin-source/current/NetClientFrom/属性洗炼配置窗口.cs","110"
"admin","NetClientFrom.属性洗炼配置窗口","洗炼_添加属性","ComboBox","","admin-source/current/NetClientFrom/属性洗炼配置窗口.cs","112"
"admin","NetClientFrom.属性洗炼配置窗口","textBox10","TextBox","","admin-source/current/NetClientFrom/属性洗炼配置窗口.cs","114"
"admin","NetClientFrom.属性洗炼配置窗口","洗炼_添加最小","NumericUpDown","","admin-source/current/NetClientFrom/属性洗炼配置窗口.cs","116"
"admin","NetClientFrom.属性洗炼配置窗口","textBox12","TextBox","","admin-source/current/NetClientFrom/属性洗炼配置窗口.cs","118"
"admin","NetClientFrom.属性洗炼配置窗口","洗炼_添加几率","NumericUpDown","","admin-source/current/NetClientFrom/属性洗炼配置窗口.cs","120"
"admin","NetClientFrom.属性洗炼配置窗口","textBox11","TextBox","","admin-source/current/NetClientFrom/属性洗炼配置窗口.cs","122"
"admin","NetClientFrom.属性洗炼配置窗口","洗炼_添加按钮","Button","","admin-source/current/NetClientFrom/属性洗炼配置窗口.cs","124"
"admin","NetClientFrom.属性洗炼配置窗口","label10","Label","","admin-source/current/NetClientFrom/属性洗炼配置窗口.cs","126"
"admin","NetClientFrom.属性洗炼配置窗口","洗炼_添加最大","NumericUpDown","","admin-source/current/NetClientFrom/属性洗炼配置窗口.cs","128"
"admin","NetClientFrom.属性洗炼配置窗口","label6","Label","","admin-source/current/NetClientFrom/属性洗炼配置窗口.cs","130"
"admin","NetClientFrom.属性洗炼配置窗口","洗炼_添加一般","NumericUpDown","","admin-source/current/NetClientFrom/属性洗炼配置窗口.cs","132"
"admin","NetClientFrom.属性洗炼配置窗口","label3","Label","","admin-source/current/NetClientFrom/属性洗炼配置窗口.cs","134"
"admin","NetClientFrom.属性洗炼配置窗口","洗炼_属性列表","DataGridView","","admin-source/current/NetClientFrom/属性洗炼配置窗口.cs","136"
"admin","NetClientFrom.属性洗炼配置窗口","属性名字","DataGridViewTextBoxColumn","","admin-source/current/NetClientFrom/属性洗炼配置窗口.cs","138"
"admin","NetClientFrom.属性洗炼配置窗口","几率","DataGridViewTextBoxColumn","","admin-source/current/NetClientFrom/属性洗炼配置窗口.cs","140"
"admin","NetClientFrom.属性洗炼配置窗口","最小值","DataGridViewTextBoxColumn","","admin-source/current/NetClientFrom/属性洗炼配置窗口.cs","142"
"admin","NetClientFrom.属性洗炼配置窗口","平均值","DataGridViewTextBoxColumn","","admin-source/current/NetClientFrom/属性洗炼配置窗口.cs","144"
"admin","NetClientFrom.属性洗炼配置窗口","最大值","DataGridViewTextBoxColumn","","admin-source/current/NetClientFrom/属性洗炼配置窗口.cs","146"
"admin","NetClientFrom.属性洗炼配置窗口","tabPage3","TabPage","","admin-source/current/NetClientFrom/属性洗炼配置窗口.cs","148"
"admin","NetClientFrom.属性洗炼配置窗口","tabPage4","TabPage","","admin-source/current/NetClientFrom/属性洗炼配置窗口.cs","150"
"admin","NetClientFrom.属性洗炼配置窗口","tabPage5","TabPage","","admin-source/current/NetClientFrom/属性洗炼配置窗口.cs","152"
"admin","NetClientFrom.属性洗炼配置窗口","tabPage6","TabPage","","admin-source/current/NetClientFrom/属性洗炼配置窗口.cs","154"
"admin","NetClientFrom.属性洗炼配置窗口","groupBox2","GroupBox","","admin-source/current/NetClientFrom/属性洗炼配置窗口.cs","156"
"admin","NetClientFrom.属性洗炼配置窗口","label11","Label","","admin-source/current/NetClientFrom/属性洗炼配置窗口.cs","158"
"admin","NetClientFrom.属性洗炼配置窗口","洗炼_法宝描述文字","TextBox","","admin-source/current/NetClientFrom/属性洗炼配置窗口.cs","160"
"admin","NetClientFrom.属性洗炼配置窗口","textBox7","TextBox","","admin-source/current/NetClientFrom/属性洗炼配置窗口.cs","162"
"admin","NetClientFrom.属性洗炼配置窗口","洗炼_法宝描述开关","CheckBox","","admin-source/current/NetClientFrom/属性洗炼配置窗口.cs","164"
"admin","NetClientFrom.属性洗炼配置窗口","洗炼_法宝数值洗炼类型","ComboBox","","admin-source/current/NetClientFrom/属性洗炼配置窗口.cs","166"
"admin","NetClientFrom.属性洗炼配置窗口","洗炼_法宝数值洗炼消耗数值","NumericUpDown","","admin-source/current/NetClientFrom/属性洗炼配置窗口.cs","168"
"admin","NetClientFrom.属性洗炼配置窗口","textBox13","TextBox","","admin-source/current/NetClientFrom/属性洗炼配置窗口.cs","170"
"admin","NetClientFrom.属性洗炼配置窗口","洗炼_法宝数值洗炼开关","CheckBox","","admin-source/current/NetClientFrom/属性洗炼配置窗口.cs","172"
"admin","NetClientFrom.属性洗炼配置窗口","洗炼_法宝道具洗炼消耗材料数量","NumericUpDown","","admin-source/current/NetClientFrom/属性洗炼配置窗口.cs","174"
"admin","NetClientFrom.属性洗炼配置窗口","洗炼_法宝道具洗炼材料","TextBox","","admin-source/current/NetClientFrom/属性洗炼配置窗口.cs","176"
"admin","NetClientFrom.属性洗炼配置窗口","textBox16","TextBox","","admin-source/current/NetClientFrom/属性洗炼配置窗口.cs","178"
"admin","NetClientFrom.属性洗炼配置窗口","洗炼_法宝道具洗炼开关","CheckBox","","admin-source/current/NetClientFrom/属性洗炼配置窗口.cs","180"
"admin","NetClientFrom.属性洗炼配置窗口","洗炼_法宝出最高属性次数","NumericUpDown","","admin-source/current/NetClientFrom/属性洗炼配置窗口.cs","182"
"admin","NetClientFrom.属性洗炼配置窗口","textBox17","TextBox","","admin-source/current/NetClientFrom/属性洗炼配置窗口.cs","184"
"admin","NetClientFrom.属性洗炼配置窗口","洗炼_法宝出最大条数次数","NumericUpDown","","admin-source/current/NetClientFrom/属性洗炼配置窗口.cs","186"
"admin","NetClientFrom.属性洗炼配置窗口","textBox18","TextBox","","admin-source/current/NetClientFrom/属性洗炼配置窗口.cs","188"
"admin","NetClientFrom.属性洗炼配置窗口","洗炼_法宝最高条数","NumericUpDown","","admin-source/current/NetClientFrom/属性洗炼配置窗口.cs","190"
"admin","NetClientFrom.属性洗炼配置窗口","label12","Label","","admin-source/current/NetClientFrom/属性洗炼配置窗口.cs","192"
"admin","NetClientFrom.属性洗炼配置窗口","洗炼_法宝最低条数","NumericUpDown","","admin-source/current/NetClientFrom/属性洗炼配置窗口.cs","194"
"admin","NetClientFrom.属性洗炼配置窗口","textBox19","TextBox","","admin-source/current/NetClientFrom/属性洗炼配置窗口.cs","196"
"admin","NetClientFrom.属性洗炼配置窗口","洗炼_法宝最大重复条数","NumericUpDown","","admin-source/current/NetClientFrom/属性洗炼配置窗口.cs","198"
"admin","NetClientFrom.属性洗炼配置窗口","textBox20","TextBox","","admin-source/current/NetClientFrom/属性洗炼配置窗口.cs","200"
"admin","NetClientFrom.属性洗炼配置窗口","洗炼_法宝属性重复开关","CheckBox","","admin-source/current/NetClientFrom/属性洗炼配置窗口.cs","202"
"admin","NetClientFrom.属性洗炼配置窗口","洗炼_法宝名字","TextBox","","admin-source/current/NetClientFrom/属性洗炼配置窗口.cs","204"
"admin","NetClientFrom.属性洗炼配置窗口","textBox22","TextBox","","admin-source/current/NetClientFrom/属性洗炼配置窗口.cs","206"
"admin","NetClientFrom.属性洗炼配置窗口","洗炼_法宝锁定消耗数值","NumericUpDown","","admin-source/current/NetClientFrom/属性洗炼配置窗口.cs","208"
"admin","NetClientFrom.属性洗炼配置窗口","洗炼_法宝锁定消耗类型","ComboBox","","admin-source/current/NetClientFrom/属性洗炼配置窗口.cs","210"
"admin","NetClientFrom.属性洗炼配置窗口","textBox23","TextBox","","admin-source/current/NetClientFrom/属性洗炼配置窗口.cs","212"
"admin","NetClientFrom.属性洗炼配置窗口","洗炼_法宝锁定开关","CheckBox","","admin-source/current/NetClientFrom/属性洗炼配置窗口.cs","214"
"admin","NetClientFrom.属性洗炼配置窗口","洗炼_法宝开关","CheckBox","","admin-source/current/NetClientFrom/属性洗炼配置窗口.cs","216"
"admin","NetClientFrom.属性洗炼配置窗口","label13","Label","","admin-source/current/NetClientFrom/属性洗炼配置窗口.cs","218"
"admin","NetClientFrom.属性洗炼配置窗口","洗炼_梭子描述文字","TextBox","","admin-source/current/NetClientFrom/属性洗炼配置窗口.cs","220"
"admin","NetClientFrom.属性洗炼配置窗口","textBox25","TextBox","","admin-source/current/NetClientFrom/属性洗炼配置窗口.cs","222"
"admin","NetClientFrom.属性洗炼配置窗口","洗炼_梭子描述开关","CheckBox","","admin-source/current/NetClientFrom/属性洗炼配置窗口.cs","224"
"admin","NetClientFrom.属性洗炼配置窗口","洗炼_梭子数值洗炼类型","ComboBox","","admin-source/current/NetClientFrom/属性洗炼配置窗口.cs","226"
"admin","NetClientFrom.属性洗炼配置窗口","洗炼_梭子数值洗炼消耗数值","NumericUpDown","","admin-source/current/NetClientFrom/属性洗炼配置窗口.cs","228"
"admin","NetClientFrom.属性洗炼配置窗口","textBox26","TextBox","","admin-source/current/NetClientFrom/属性洗炼配置窗口.cs","230"
"admin","NetClientFrom.属性洗炼配置窗口","洗炼_梭子数值洗炼开关","CheckBox","","admin-source/current/NetClientFrom/属性洗炼配置窗口.cs","232"
"admin","NetClientFrom.属性洗炼配置窗口","洗炼_梭子道具洗炼消耗材料数量","NumericUpDown","","admin-source/current/NetClientFrom/属性洗炼配置窗口.cs","234"
"admin","NetClientFrom.属性洗炼配置窗口","洗炼_梭子道具洗炼材料","TextBox","","admin-source/current/NetClientFrom/属性洗炼配置窗口.cs","236"
"admin","NetClientFrom.属性洗炼配置窗口","textBox28","TextBox","","admin-source/current/NetClientFrom/属性洗炼配置窗口.cs","238"
"admin","NetClientFrom.属性洗炼配置窗口","洗炼_梭子道具洗炼开关","CheckBox","","admin-source/current/NetClientFrom/属性洗炼配置窗口.cs","240"
"admin","NetClientFrom.属性洗炼配置窗口","洗炼_梭子出最高属性次数","NumericUpDown","","admin-source/current/NetClientFrom/属性洗炼配置窗口.cs","242"
"admin","NetClientFrom.属性洗炼配置窗口","textBox29","TextBox","","admin-source/current/NetClientFrom/属性洗炼配置窗口.cs","244"
"admin","NetClientFrom.属性洗炼配置窗口","洗炼_梭子出最大条数次数","NumericUpDown","","admin-source/current/NetClientFrom/属性洗炼配置窗口.cs","246"
"admin","NetClientFrom.属性洗炼配置窗口","textBox30","TextBox","","admin-source/current/NetClientFrom/属性洗炼配置窗口.cs","248"
"admin","NetClientFrom.属性洗炼配置窗口","洗炼_梭子最高条数","NumericUpDown","","admin-source/current/NetClientFrom/属性洗炼配置窗口.cs","250"
"admin","NetClientFrom.属性洗炼配置窗口","label14","Label","","admin-source/current/NetClientFrom/属性洗炼配置窗口.cs","252"
"admin","NetClientFrom.属性洗炼配置窗口","洗炼_梭子最低条数","NumericUpDown","","admin-source/current/NetClientFrom/属性洗炼配置窗口.cs","254"
"admin","NetClientFrom.属性洗炼配置窗口","textBox31","TextBox","","admin-source/current/NetClientFrom/属性洗炼配置窗口.cs","256"
"admin","NetClientFrom.属性洗炼配置窗口","洗炼_梭子最大重复条数","NumericUpDown","","admin-source/current/NetClientFrom/属性洗炼配置窗口.cs","258"
"admin","NetClientFrom.属性洗炼配置窗口","textBox32","TextBox","","admin-source/current/NetClientFrom/属性洗炼配置窗口.cs","260"
"admin","NetClientFrom.属性洗炼配置窗口","洗炼_梭子属性重复开关","CheckBox","","admin-source/current/NetClientFrom/属性洗炼配置窗口.cs","262"
"admin","NetClientFrom.属性洗炼配置窗口","洗炼_梭子名字","TextBox","","admin-source/current/NetClientFrom/属性洗炼配置窗口.cs","264"
"admin","NetClientFrom.属性洗炼配置窗口","textBox34","TextBox","","admin-source/current/NetClientFrom/属性洗炼配置窗口.cs","266"
"admin","NetClientFrom.属性洗炼配置窗口","洗炼_梭子锁定消耗数值","NumericUpDown","","admin-source/current/NetClientFrom/属性洗炼配置窗口.cs","268"
"admin","NetClientFrom.属性洗炼配置窗口","洗炼_梭子锁定消耗类型","ComboBox","","admin-source/current/NetClientFrom/属性洗炼配置窗口.cs","270"
"admin","NetClientFrom.属性洗炼配置窗口","textBox35","TextBox","","admin-source/current/NetClientFrom/属性洗炼配置窗口.cs","272"
"admin","NetClientFrom.属性洗炼配置窗口","洗炼_梭子锁定开关","CheckBox","","admin-source/current/NetClientFrom/属性洗炼配置窗口.cs","274"
"admin","NetClientFrom.属性洗炼配置窗口","洗炼_梭子开关","CheckBox","","admin-source/current/NetClientFrom/属性洗炼配置窗口.cs","276"
"admin","NetClientFrom.属性洗炼配置窗口","label15","Label","","admin-source/current/NetClientFrom/属性洗炼配置窗口.cs","278"
"admin","NetClientFrom.属性洗炼配置窗口","洗炼_铭牌描述文字","TextBox","","admin-source/current/NetClientFrom/属性洗炼配置窗口.cs","280"
"admin","NetClientFrom.属性洗炼配置窗口","textBox37","TextBox","","admin-source/current/NetClientFrom/属性洗炼配置窗口.cs","282"
"admin","NetClientFrom.属性洗炼配置窗口","洗炼_铭牌描述开关","CheckBox","","admin-source/current/NetClientFrom/属性洗炼配置窗口.cs","284"
"admin","NetClientFrom.属性洗炼配置窗口","洗炼_铭牌数值洗炼类型","ComboBox","","admin-source/current/NetClientFrom/属性洗炼配置窗口.cs","286"
"admin","NetClientFrom.属性洗炼配置窗口","洗炼_铭牌数值洗炼消耗数值","NumericUpDown","","admin-source/current/NetClientFrom/属性洗炼配置窗口.cs","288"
"admin","NetClientFrom.属性洗炼配置窗口","textBox38","TextBox","","admin-source/current/NetClientFrom/属性洗炼配置窗口.cs","290"
"admin","NetClientFrom.属性洗炼配置窗口","洗炼_铭牌数值洗炼开关","CheckBox","","admin-source/current/NetClientFrom/属性洗炼配置窗口.cs","292"
"admin","NetClientFrom.属性洗炼配置窗口","洗炼_铭牌道具洗炼消耗材料数量","NumericUpDown","","admin-source/current/NetClientFrom/属性洗炼配置窗口.cs","294"
"admin","NetClientFrom.属性洗炼配置窗口","洗炼_铭牌道具洗炼材料","TextBox","","admin-source/current/NetClientFrom/属性洗炼配置窗口.cs","296"
"admin","NetClientFrom.属性洗炼配置窗口","textBox40","TextBox","","admin-source/current/NetClientFrom/属性洗炼配置窗口.cs","298"
"admin","NetClientFrom.属性洗炼配置窗口","洗炼_铭牌道具洗炼开关","CheckBox","","admin-source/current/NetClientFrom/属性洗炼配置窗口.cs","300"
"admin","NetClientFrom.属性洗炼配置窗口","洗炼_铭牌出最高属性次数","NumericUpDown","","admin-source/current/NetClientFrom/属性洗炼配置窗口.cs","302"
"admin","NetClientFrom.属性洗炼配置窗口","textBox41","TextBox","","admin-source/current/NetClientFrom/属性洗炼配置窗口.cs","304"
"admin","NetClientFrom.属性洗炼配置窗口","洗炼_铭牌出最大条数次数","NumericUpDown","","admin-source/current/NetClientFrom/属性洗炼配置窗口.cs","306"
"admin","NetClientFrom.属性洗炼配置窗口","textBox42","TextBox","","admin-source/current/NetClientFrom/属性洗炼配置窗口.cs","308"
"admin","NetClientFrom.属性洗炼配置窗口","洗炼_铭牌最高条数","NumericUpDown","","admin-source/current/NetClientFrom/属性洗炼配置窗口.cs","310"
"admin","NetClientFrom.属性洗炼配置窗口","label16","Label","","admin-source/current/NetClientFrom/属性洗炼配置窗口.cs","312"
"admin","NetClientFrom.属性洗炼配置窗口","洗炼_铭牌最低条数","NumericUpDown","","admin-source/current/NetClientFrom/属性洗炼配置窗口.cs","314"
"admin","NetClientFrom.属性洗炼配置窗口","textBox43","TextBox","","admin-source/current/NetClientFrom/属性洗炼配置窗口.cs","316"
"admin","NetClientFrom.属性洗炼配置窗口","洗炼_铭牌最大重复条数","NumericUpDown","","admin-source/current/NetClientFrom/属性洗炼配置窗口.cs","318"
"admin","NetClientFrom.属性洗炼配置窗口","textBox44","TextBox","","admin-source/current/NetClientFrom/属性洗炼配置窗口.cs","320"
"admin","NetClientFrom.属性洗炼配置窗口","洗炼_铭牌属性重复开关","CheckBox","","admin-source/current/NetClientFrom/属性洗炼配置窗口.cs","322"
"admin","NetClientFrom.属性洗炼配置窗口","洗炼_铭牌名字","TextBox","","admin-source/current/NetClientFrom/属性洗炼配置窗口.cs","324"
"admin","NetClientFrom.属性洗炼配置窗口","textBox46","TextBox","","admin-source/current/NetClientFrom/属性洗炼配置窗口.cs","326"
"admin","NetClientFrom.属性洗炼配置窗口","洗炼_铭牌锁定消耗数值","NumericUpDown","","admin-source/current/NetClientFrom/属性洗炼配置窗口.cs","328"
"admin","NetClientFrom.属性洗炼配置窗口","洗炼_铭牌锁定消耗类型","ComboBox","","admin-source/current/NetClientFrom/属性洗炼配置窗口.cs","330"
"admin","NetClientFrom.属性洗炼配置窗口","textBox47","TextBox","","admin-source/current/NetClientFrom/属性洗炼配置窗口.cs","332"
"admin","NetClientFrom.属性洗炼配置窗口","洗炼_铭牌锁定开关","CheckBox","","admin-source/current/NetClientFrom/属性洗炼配置窗口.cs","334"
"admin","NetClientFrom.属性洗炼配置窗口","洗炼_铭牌开关","CheckBox","","admin-source/current/NetClientFrom/属性洗炼配置窗口.cs","336"
"admin","NetClientFrom.属性洗炼配置窗口","label17","Label","","admin-source/current/NetClientFrom/属性洗炼配置窗口.cs","338"
"admin","NetClientFrom.属性洗炼配置窗口","洗炼_仙器描述文字","TextBox","","admin-source/current/NetClientFrom/属性洗炼配置窗口.cs","340"
"admin","NetClientFrom.属性洗炼配置窗口","textBox49","TextBox","","admin-source/current/NetClientFrom/属性洗炼配置窗口.cs","342"
"admin","NetClientFrom.属性洗炼配置窗口","洗炼_仙器描述开关","CheckBox","","admin-source/current/NetClientFrom/属性洗炼配置窗口.cs","344"
"admin","NetClientFrom.属性洗炼配置窗口","洗炼_仙器数值洗炼类型","ComboBox","","admin-source/current/NetClientFrom/属性洗炼配置窗口.cs","346"
"admin","NetClientFrom.属性洗炼配置窗口","洗炼_仙器数值洗炼消耗数值","NumericUpDown","","admin-source/current/NetClientFrom/属性洗炼配置窗口.cs","348"
"admin","NetClientFrom.属性洗炼配置窗口","textBox50","TextBox","","admin-source/current/NetClientFrom/属性洗炼配置窗口.cs","350"
"admin","NetClientFrom.属性洗炼配置窗口","洗炼_仙器数值洗炼开关","CheckBox","","admin-source/current/NetClientFrom/属性洗炼配置窗口.cs","352"
"admin","NetClientFrom.属性洗炼配置窗口","洗炼_仙器道具洗炼消耗材料数量","NumericUpDown","","admin-source/current/NetClientFrom/属性洗炼配置窗口.cs","354"
"admin","NetClientFrom.属性洗炼配置窗口","洗炼_仙器道具洗炼材料","TextBox","","admin-source/current/NetClientFrom/属性洗炼配置窗口.cs","356"
"admin","NetClientFrom.属性洗炼配置窗口","textBox52","TextBox","","admin-source/current/NetClientFrom/属性洗炼配置窗口.cs","358"
"admin","NetClientFrom.属性洗炼配置窗口","洗炼_仙器道具洗炼开关","CheckBox","","admin-source/current/NetClientFrom/属性洗炼配置窗口.cs","360"
"admin","NetClientFrom.属性洗炼配置窗口","洗炼_仙器出最高属性次数","NumericUpDown","","admin-source/current/NetClientFrom/属性洗炼配置窗口.cs","362"
"admin","NetClientFrom.属性洗炼配置窗口","textBox53","TextBox","","admin-source/current/NetClientFrom/属性洗炼配置窗口.cs","364"
"admin","NetClientFrom.属性洗炼配置窗口","洗炼_仙器出最大条数次数","NumericUpDown","","admin-source/current/NetClientFrom/属性洗炼配置窗口.cs","366"
"admin","NetClientFrom.属性洗炼配置窗口","textBox54","TextBox","","admin-source/current/NetClientFrom/属性洗炼配置窗口.cs","368"
"admin","NetClientFrom.属性洗炼配置窗口","洗炼_仙器最高条数","NumericUpDown","","admin-source/current/NetClientFrom/属性洗炼配置窗口.cs","370"
"admin","NetClientFrom.属性洗炼配置窗口","label18","Label","","admin-source/current/NetClientFrom/属性洗炼配置窗口.cs","372"
"admin","NetClientFrom.属性洗炼配置窗口","洗炼_仙器最低条数","NumericUpDown","","admin-source/current/NetClientFrom/属性洗炼配置窗口.cs","374"
"admin","NetClientFrom.属性洗炼配置窗口","textBox55","TextBox","","admin-source/current/NetClientFrom/属性洗炼配置窗口.cs","376"
"admin","NetClientFrom.属性洗炼配置窗口","洗炼_仙器最大重复条数","NumericUpDown","","admin-source/current/NetClientFrom/属性洗炼配置窗口.cs","378"
"admin","NetClientFrom.属性洗炼配置窗口","textBox56","TextBox","","admin-source/current/NetClientFrom/属性洗炼配置窗口.cs","380"
"admin","NetClientFrom.属性洗炼配置窗口","洗炼_仙器属性重复开关","CheckBox","","admin-source/current/NetClientFrom/属性洗炼配置窗口.cs","382"
"admin","NetClientFrom.属性洗炼配置窗口","洗炼_仙器名字","TextBox","","admin-source/current/NetClientFrom/属性洗炼配置窗口.cs","384"
"admin","NetClientFrom.属性洗炼配置窗口","textBox58","TextBox","","admin-source/current/NetClientFrom/属性洗炼配置窗口.cs","386"
"admin","NetClientFrom.属性洗炼配置窗口","洗炼_仙器锁定消耗数值","NumericUpDown","","admin-source/current/NetClientFrom/属性洗炼配置窗口.cs","388"
"admin","NetClientFrom.属性洗炼配置窗口","洗炼_仙器锁定消耗类型","ComboBox","","admin-source/current/NetClientFrom/属性洗炼配置窗口.cs","390"
"admin","NetClientFrom.属性洗炼配置窗口","textBox59","TextBox","","admin-source/current/NetClientFrom/属性洗炼配置窗口.cs","392"
"admin","NetClientFrom.属性洗炼配置窗口","洗炼_仙器锁定开关","CheckBox","","admin-source/current/NetClientFrom/属性洗炼配置窗口.cs","394"
"admin","NetClientFrom.属性洗炼配置窗口","洗炼_仙器开关","CheckBox","","admin-source/current/NetClientFrom/属性洗炼配置窗口.cs","396"
"admin","NetClientFrom.属性洗炼配置窗口","label19","Label","","admin-source/current/NetClientFrom/属性洗炼配置窗口.cs","398"
"admin","NetClientFrom.属性洗炼配置窗口","洗炼_灵幡描述文字","TextBox","","admin-source/current/NetClientFrom/属性洗炼配置窗口.cs","400"
"admin","NetClientFrom.属性洗炼配置窗口","textBox61","TextBox","","admin-source/current/NetClientFrom/属性洗炼配置窗口.cs","402"
"admin","NetClientFrom.属性洗炼配置窗口","洗炼_灵幡描述开关","CheckBox","","admin-source/current/NetClientFrom/属性洗炼配置窗口.cs","404"
"admin","NetClientFrom.属性洗炼配置窗口","洗炼_灵幡数值洗炼类型","ComboBox","","admin-source/current/NetClientFrom/属性洗炼配置窗口.cs","406"
"admin","NetClientFrom.属性洗炼配置窗口","洗炼_灵幡数值洗炼消耗数值","NumericUpDown","","admin-source/current/NetClientFrom/属性洗炼配置窗口.cs","408"
"admin","NetClientFrom.属性洗炼配置窗口","textBox62","TextBox","","admin-source/current/NetClientFrom/属性洗炼配置窗口.cs","410"
"admin","NetClientFrom.属性洗炼配置窗口","洗炼_灵幡数值洗炼开关","CheckBox","","admin-source/current/NetClientFrom/属性洗炼配置窗口.cs","412"
"admin","NetClientFrom.属性洗炼配置窗口","洗炼_灵幡道具洗炼消耗材料数量","NumericUpDown","","admin-source/current/NetClientFrom/属性洗炼配置窗口.cs","414"
"admin","NetClientFrom.属性洗炼配置窗口","洗炼_灵幡道具洗炼材料","TextBox","","admin-source/current/NetClientFrom/属性洗炼配置窗口.cs","416"
"admin","NetClientFrom.属性洗炼配置窗口","textBox64","TextBox","","admin-source/current/NetClientFrom/属性洗炼配置窗口.cs","418"
"admin","NetClientFrom.属性洗炼配置窗口","洗炼_灵幡道具洗炼开关","CheckBox","","admin-source/current/NetClientFrom/属性洗炼配置窗口.cs","420"
"admin","NetClientFrom.属性洗炼配置窗口","洗炼_灵幡出最高属性次数","NumericUpDown","","admin-source/current/NetClientFrom/属性洗炼配置窗口.cs","422"
"admin","NetClientFrom.属性洗炼配置窗口","textBox65","TextBox","","admin-source/current/NetClientFrom/属性洗炼配置窗口.cs","424"
"admin","NetClientFrom.属性洗炼配置窗口","洗炼_灵幡出最大条数次数","NumericUpDown","","admin-source/current/NetClientFrom/属性洗炼配置窗口.cs","426"
"admin","NetClientFrom.属性洗炼配置窗口","textBox66","TextBox","","admin-source/current/NetClientFrom/属性洗炼配置窗口.cs","428"
"admin","NetClientFrom.属性洗炼配置窗口","洗炼_灵幡最高条数","NumericUpDown","","admin-source/current/NetClientFrom/属性洗炼配置窗口.cs","430"
"admin","NetClientFrom.属性洗炼配置窗口","label20","Label","","admin-source/current/NetClientFrom/属性洗炼配置窗口.cs","432"
"admin","NetClientFrom.属性洗炼配置窗口","洗炼_灵幡最低条数","NumericUpDown","","admin-source/current/NetClientFrom/属性洗炼配置窗口.cs","434"
"admin","NetClientFrom.属性洗炼配置窗口","textBox67","TextBox","","admin-source/current/NetClientFrom/属性洗炼配置窗口.cs","436"
"admin","NetClientFrom.属性洗炼配置窗口","洗炼_灵幡最大重复条数","NumericUpDown","","admin-source/current/NetClientFrom/属性洗炼配置窗口.cs","438"
"admin","NetClientFrom.属性洗炼配置窗口","textBox68","TextBox","","admin-source/current/NetClientFrom/属性洗炼配置窗口.cs","440"
"admin","NetClientFrom.属性洗炼配置窗口","洗炼_灵幡属性重复开关","CheckBox","","admin-source/current/NetClientFrom/属性洗炼配置窗口.cs","442"
"admin","NetClientFrom.属性洗炼配置窗口","洗炼_灵幡名字","TextBox","","admin-source/current/NetClientFrom/属性洗炼配置窗口.cs","444"
"admin","NetClientFrom.属性洗炼配置窗口","textBox70","TextBox","","admin-source/current/NetClientFrom/属性洗炼配置窗口.cs","446"
"admin","NetClientFrom.属性洗炼配置窗口","洗炼_灵幡锁定消耗数值","NumericUpDown","","admin-source/current/NetClientFrom/属性洗炼配置窗口.cs","448"
"admin","NetClientFrom.属性洗炼配置窗口","洗炼_灵幡锁定消耗类型","ComboBox","","admin-source/current/NetClientFrom/属性洗炼配置窗口.cs","450"
"admin","NetClientFrom.属性洗炼配置窗口","textBox71","TextBox","","admin-source/current/NetClientFrom/属性洗炼配置窗口.cs","452"
"admin","NetClientFrom.属性洗炼配置窗口","洗炼_灵幡锁定开关","CheckBox","","admin-source/current/NetClientFrom/属性洗炼配置窗口.cs","454"
"admin","NetClientFrom.属性洗炼配置窗口","洗炼_灵幡开关","CheckBox","","admin-source/current/NetClientFrom/属性洗炼配置窗口.cs","456"
"admin","NetClientFrom.属性洗炼配置窗口","label21","Label","","admin-source/current/NetClientFrom/属性洗炼配置窗口.cs","458"
"admin","NetClientFrom.属性洗炼配置窗口","洗炼_背包开关","CheckBox","","admin-source/current/NetClientFrom/属性洗炼配置窗口.cs","460"
"admin","NetClientFrom.属性洗炼配置窗口","洗炼_自动停止比例","NumericUpDown","","admin-source/current/NetClientFrom/属性洗炼配置窗口.cs","462"
"admin","NetClientFrom.属性洗炼配置窗口","textBox6","TextBox","","admin-source/current/NetClientFrom/属性洗炼配置窗口.cs","464"
"admin","NetClientFrom.属性洗炼配置窗口","label22","Label","","admin-source/current/NetClientFrom/属性洗炼配置窗口.cs","466"
"admin","NetClientFrom.属性洗炼配置窗口","I","属性洗炼配置窗口","","admin-source/current/NetClientFrom/属性洗炼配置窗口.cs","468"
"admin","NetClientFrom.异兽录配置窗口","i","异兽录配置窗口","","admin-source/current/NetClientFrom/异兽录配置窗口.cs","13"
"admin","NetClientFrom.异兽录配置窗口","components","IContainer","","admin-source/current/NetClientFrom/异兽录配置窗口.cs","15"
"admin","NetClientFrom.异兽录配置窗口","异兽录_开关","CheckBox","","admin-source/current/NetClientFrom/异兽录配置窗口.cs","17"
"admin","NetClientFrom.异兽录配置窗口","异兽录_重载按钮","Button","","admin-source/current/NetClientFrom/异兽录配置窗口.cs","19"
"admin","NetClientFrom.异兽录配置窗口","异兽录_保存按钮","Button","","admin-source/current/NetClientFrom/异兽录配置窗口.cs","21"
"admin","NetClientFrom.异兽录配置窗口","groupBox1","GroupBox","","admin-source/current/NetClientFrom/异兽录配置窗口.cs","23"
"admin","NetClientFrom.异兽录配置窗口","异兽录_形象","NumericUpDown","","admin-source/current/NetClientFrom/异兽录配置窗口.cs","25"
"admin","NetClientFrom.异兽录配置窗口","label9","Label","","admin-source/current/NetClientFrom/异兽录配置窗口.cs","27"
"admin","NetClientFrom.异兽录配置窗口","异兽录_朝向","ComboBox","","admin-source/current/NetClientFrom/异兽录配置窗口.cs","29"
"admin","NetClientFrom.异兽录配置窗口","label8","Label","","admin-source/current/NetClientFrom/异兽录配置窗口.cs","31"
"admin","NetClientFrom.异兽录配置窗口","异兽录_坐标Y","NumericUpDown","","admin-source/current/NetClientFrom/异兽录配置窗口.cs","33"
"admin","NetClientFrom.异兽录配置窗口","异兽录_坐标X","NumericUpDown","","admin-source/current/NetClientFrom/异兽录配置窗口.cs","35"
"admin","NetClientFrom.异兽录配置窗口","label7","Label","","admin-source/current/NetClientFrom/异兽录配置窗口.cs","37"
"admin","NetClientFrom.异兽录配置窗口","label5","Label","","admin-source/current/NetClientFrom/异兽录配置窗口.cs","39"
"admin","NetClientFrom.异兽录配置窗口","异兽录_npc称号","TextBox","","admin-source/current/NetClientFrom/异兽录配置窗口.cs","41"
"admin","NetClientFrom.异兽录配置窗口","label4","Label","","admin-source/current/NetClientFrom/异兽录配置窗口.cs","43"
"admin","NetClientFrom.异兽录配置窗口","异兽录_npc名字","TextBox","","admin-source/current/NetClientFrom/异兽录配置窗口.cs","45"
"admin","NetClientFrom.异兽录配置窗口","异兽录_变异加成数值","NumericUpDown","","admin-source/current/NetClientFrom/异兽录配置窗口.cs","47"
"admin","NetClientFrom.异兽录配置窗口","异兽录_变异加成属性","ComboBox","","admin-source/current/NetClientFrom/异兽录配置窗口.cs","49"
"admin","NetClientFrom.异兽录配置窗口","地狱道_名字","TextBox","","admin-source/current/NetClientFrom/异兽录配置窗口.cs","51"
"admin","NetClientFrom.异兽录配置窗口","textBox1","TextBox","","admin-source/current/NetClientFrom/异兽录配置窗口.cs","53"
"admin","NetClientFrom.异兽录配置窗口","异兽录_变异别称","TextBox","","admin-source/current/NetClientFrom/异兽录配置窗口.cs","55"
"admin","NetClientFrom.异兽录配置窗口","异兽录_神兽别称","TextBox","","admin-source/current/NetClientFrom/异兽录配置窗口.cs","57"
"admin","NetClientFrom.异兽录配置窗口","textBox4","TextBox","","admin-source/current/NetClientFrom/异兽录配置窗口.cs","59"
"admin","NetClientFrom.异兽录配置窗口","异兽录_神兽加成数值","NumericUpDown","","admin-source/current/NetClientFrom/异兽录配置窗口.cs","61"
"admin","NetClientFrom.异兽录配置窗口","异兽录_神兽加成属性","ComboBox","","admin-source/current/NetClientFrom/异兽录配置窗口.cs","63"
"admin","NetClientFrom.异兽录配置窗口","textBox5","TextBox","","admin-source/current/NetClientFrom/异兽录配置窗口.cs","65"
"admin","NetClientFrom.异兽录配置窗口","异兽录_仙元别称","TextBox","","admin-source/current/NetClientFrom/异兽录配置窗口.cs","67"
"admin","NetClientFrom.异兽录配置窗口","textBox7","TextBox","","admin-source/current/NetClientFrom/异兽录配置窗口.cs","69"
"admin","NetClientFrom.异兽录配置窗口","异兽录_仙元加成数值","NumericUpDown","","admin-source/current/NetClientFrom/异兽录配置窗口.cs","71"
"admin","NetClientFrom.异兽录配置窗口","异兽录_仙元加成属性","ComboBox","","admin-source/current/NetClientFrom/异兽录配置窗口.cs","73"
"admin","NetClientFrom.异兽录配置窗口","textBox8","TextBox","","admin-source/current/NetClientFrom/异兽录配置窗口.cs","75"
"admin","NetClientFrom.异兽录配置窗口","异兽录_元灵别称","TextBox","","admin-source/current/NetClientFrom/异兽录配置窗口.cs","77"
"admin","NetClientFrom.异兽录配置窗口","textBox10","TextBox","","admin-source/current/NetClientFrom/异兽录配置窗口.cs","79"
"admin","NetClientFrom.异兽录配置窗口","异兽录_元灵加成数值","NumericUpDown","","admin-source/current/NetClientFrom/异兽录配置窗口.cs","81"
"admin","NetClientFrom.异兽录配置窗口","异兽录_元灵加成属性","ComboBox","","admin-source/current/NetClientFrom/异兽录配置窗口.cs","83"
"admin","NetClientFrom.异兽录配置窗口","textBox11","TextBox","","admin-source/current/NetClientFrom/异兽录配置窗口.cs","85"
"admin","NetClientFrom.异兽录配置窗口","异兽录_御灵别称","TextBox","","admin-source/current/NetClientFrom/异兽录配置窗口.cs","87"
"admin","NetClientFrom.异兽录配置窗口","textBox13","TextBox","","admin-source/current/NetClientFrom/异兽录配置窗口.cs","89"
"admin","NetClientFrom.异兽录配置窗口","异兽录_御灵加成数值","NumericUpDown","","admin-source/current/NetClientFrom/异兽录配置窗口.cs","91"
"admin","NetClientFrom.异兽录配置窗口","异兽录_御灵加成属性","ComboBox","","admin-source/current/NetClientFrom/异兽录配置窗口.cs","93"
"admin","NetClientFrom.异兽录配置窗口","textBox14","TextBox","","admin-source/current/NetClientFrom/异兽录配置窗口.cs","95"
"admin","NetClientFrom.异兽录配置窗口","textBox15","TextBox","","admin-source/current/NetClientFrom/异兽录配置窗口.cs","97"
"admin","NetClientFrom.异兽录配置窗口","异兽录_特效道具","TextBox","","admin-source/current/NetClientFrom/异兽录配置窗口.cs","99"
"admin","NetClientFrom.异兽录配置窗口","label1","Label","","admin-source/current/NetClientFrom/异兽录配置窗口.cs","101"
"admin","NetClientFrom.异兽录配置窗口","异兽录_异兽列表","DataGridView","","admin-source/current/NetClientFrom/异兽录配置窗口.cs","103"
"admin","NetClientFrom.异兽录配置窗口","textBox17","TextBox","","admin-source/current/NetClientFrom/异兽录配置窗口.cs","105"
"admin","NetClientFrom.异兽录配置窗口","异兽录_添加宠物","TextBox","","admin-source/current/NetClientFrom/异兽录配置窗口.cs","107"
"admin","NetClientFrom.异兽录配置窗口","异兽录_所属类型","ComboBox","","admin-source/current/NetClientFrom/异兽录配置窗口.cs","109"
"admin","NetClientFrom.异兽录配置窗口","异兽录_添加数值","NumericUpDown","","admin-source/current/NetClientFrom/异兽录配置窗口.cs","111"
"admin","NetClientFrom.异兽录配置窗口","异兽录_添加属性","ComboBox","","admin-source/current/NetClientFrom/异兽录配置窗口.cs","113"
"admin","NetClientFrom.异兽录配置窗口","异兽录_添加按钮","Button","","admin-source/current/NetClientFrom/异兽录配置窗口.cs","115"
"admin","NetClientFrom.异兽录配置窗口","textBox6","TextBox","","admin-source/current/NetClientFrom/异兽录配置窗口.cs","117"
"admin","NetClientFrom.异兽录配置窗口","textBox2","TextBox","","admin-source/current/NetClientFrom/异兽录配置窗口.cs","119"
"admin","NetClientFrom.异兽录配置窗口","textBox12","TextBox","","admin-source/current/NetClientFrom/异兽录配置窗口.cs","121"
"admin","NetClientFrom.异兽录配置窗口","textBox18","TextBox","","admin-source/current/NetClientFrom/异兽录配置窗口.cs","123"
"admin","NetClientFrom.异兽录配置窗口","textBox20","TextBox","","admin-source/current/NetClientFrom/异兽录配置窗口.cs","125"
"admin","NetClientFrom.异兽录配置窗口","宠物名字","DataGridViewTextBoxColumn","","admin-source/current/NetClientFrom/异兽录配置窗口.cs","127"
"admin","NetClientFrom.异兽录配置窗口","分类","DataGridViewComboBoxColumn","","admin-source/current/NetClientFrom/异兽录配置窗口.cs","129"
"admin","NetClientFrom.异兽录配置窗口","加成属性","DataGridViewComboBoxColumn","","admin-source/current/NetClientFrom/异兽录配置窗口.cs","131"
"admin","NetClientFrom.异兽录配置窗口","数值","DataGridViewTextBoxColumn","","admin-source/current/NetClientFrom/异兽录配置窗口.cs","133"
"admin","NetClientFrom.异兽录配置窗口","I","异兽录配置窗口","","admin-source/current/NetClientFrom/异兽录配置窗口.cs","135"
"admin","NetClientFrom.推荐拉人配置窗口","i","推荐拉人配置窗口","","admin-source/current/NetClientFrom/推荐拉人配置窗口.cs","11"
"admin","NetClientFrom.推荐拉人配置窗口","components","IContainer","","admin-source/current/NetClientFrom/推荐拉人配置窗口.cs","13"
"admin","NetClientFrom.推荐拉人配置窗口","推荐_开关","CheckBox","","admin-source/current/NetClientFrom/推荐拉人配置窗口.cs","15"
"admin","NetClientFrom.推荐拉人配置窗口","推荐_重载按钮","Button","","admin-source/current/NetClientFrom/推荐拉人配置窗口.cs","17"
"admin","NetClientFrom.推荐拉人配置窗口","推荐_保存按钮","Button","","admin-source/current/NetClientFrom/推荐拉人配置窗口.cs","19"
"admin","NetClientFrom.推荐拉人配置窗口","推荐_禁止相同IP推荐","CheckBox","","admin-source/current/NetClientFrom/推荐拉人配置窗口.cs","21"
"admin","NetClientFrom.推荐拉人配置窗口","推荐_禁止相同MAC推荐","CheckBox","","admin-source/current/NetClientFrom/推荐拉人配置窗口.cs","23"
"admin","NetClientFrom.推荐拉人配置窗口","推荐_禁止相同QQ推荐","CheckBox","","admin-source/current/NetClientFrom/推荐拉人配置窗口.cs","25"
"admin","NetClientFrom.推荐拉人配置窗口","推荐_禁止推荐自己","CheckBox","","admin-source/current/NetClientFrom/推荐拉人配置窗口.cs","27"
"admin","NetClientFrom.推荐拉人配置窗口","groupBox1","GroupBox","","admin-source/current/NetClientFrom/推荐拉人配置窗口.cs","29"
"admin","NetClientFrom.推荐拉人配置窗口","推荐_被推荐人奖励数值","TextBox","","admin-source/current/NetClientFrom/推荐拉人配置窗口.cs","31"
"admin","NetClientFrom.推荐拉人配置窗口","推荐_被推荐人奖励类型","ComboBox","","admin-source/current/NetClientFrom/推荐拉人配置窗口.cs","33"
"admin","NetClientFrom.推荐拉人配置窗口","textBox5","TextBox","","admin-source/current/NetClientFrom/推荐拉人配置窗口.cs","35"
"admin","NetClientFrom.推荐拉人配置窗口","textBox2","TextBox","","admin-source/current/NetClientFrom/推荐拉人配置窗口.cs","37"
"admin","NetClientFrom.推荐拉人配置窗口","推荐_推荐人奖励数值","TextBox","","admin-source/current/NetClientFrom/推荐拉人配置窗口.cs","39"
"admin","NetClientFrom.推荐拉人配置窗口","推荐_推荐人奖励类型","ComboBox","","admin-source/current/NetClientFrom/推荐拉人配置窗口.cs","41"
"admin","NetClientFrom.推荐拉人配置窗口","textBox1","TextBox","","admin-source/current/NetClientFrom/推荐拉人配置窗口.cs","43"
"admin","NetClientFrom.推荐拉人配置窗口","推荐_被推荐人最低充值","NumericUpDown","","admin-source/current/NetClientFrom/推荐拉人配置窗口.cs","45"
"admin","NetClientFrom.推荐拉人配置窗口","textBox3","TextBox","","admin-source/current/NetClientFrom/推荐拉人配置窗口.cs","47"
"admin","NetClientFrom.推荐拉人配置窗口","推荐_推荐人返利奖励数值","NumericUpDown","","admin-source/current/NetClientFrom/推荐拉人配置窗口.cs","49"
"admin","NetClientFrom.推荐拉人配置窗口","推荐_推荐人返利奖励类型","ComboBox","","admin-source/current/NetClientFrom/推荐拉人配置窗口.cs","51"
"admin","NetClientFrom.推荐拉人配置窗口","推荐_推荐人获得充值返利开关","CheckBox","","admin-source/current/NetClientFrom/推荐拉人配置窗口.cs","53"
"admin","NetClientFrom.推荐拉人配置窗口","label5","Label","","admin-source/current/NetClientFrom/推荐拉人配置窗口.cs","55"
"admin","NetClientFrom.推荐拉人配置窗口","groupBox2","GroupBox","","admin-source/current/NetClientFrom/推荐拉人配置窗口.cs","57"
"admin","NetClientFrom.推荐拉人配置窗口","推荐_推荐100人奖励数值","NumericUpDown","","admin-source/current/NetClientFrom/推荐拉人配置窗口.cs","59"
"admin","NetClientFrom.推荐拉人配置窗口","推荐_推荐100人奖励类型","ComboBox","","admin-source/current/NetClientFrom/推荐拉人配置窗口.cs","61"
"admin","NetClientFrom.推荐拉人配置窗口","textBox10","TextBox","","admin-source/current/NetClientFrom/推荐拉人配置窗口.cs","63"
"admin","NetClientFrom.推荐拉人配置窗口","推荐_推荐80人奖励数值","NumericUpDown","","admin-source/current/NetClientFrom/推荐拉人配置窗口.cs","65"
"admin","NetClientFrom.推荐拉人配置窗口","推荐_推荐80人奖励类型","ComboBox","","admin-source/current/NetClientFrom/推荐拉人配置窗口.cs","67"
"admin","NetClientFrom.推荐拉人配置窗口","textBox11","TextBox","","admin-source/current/NetClientFrom/推荐拉人配置窗口.cs","69"
"admin","NetClientFrom.推荐拉人配置窗口","推荐_推荐60人奖励数值","NumericUpDown","","admin-source/current/NetClientFrom/推荐拉人配置窗口.cs","71"
"admin","NetClientFrom.推荐拉人配置窗口","推荐_推荐60人奖励类型","ComboBox","","admin-source/current/NetClientFrom/推荐拉人配置窗口.cs","73"
"admin","NetClientFrom.推荐拉人配置窗口","textBox12","TextBox","","admin-source/current/NetClientFrom/推荐拉人配置窗口.cs","75"
"admin","NetClientFrom.推荐拉人配置窗口","推荐_推荐40人奖励数值","NumericUpDown","","admin-source/current/NetClientFrom/推荐拉人配置窗口.cs","77"
"admin","NetClientFrom.推荐拉人配置窗口","推荐_推荐40人奖励类型","ComboBox","","admin-source/current/NetClientFrom/推荐拉人配置窗口.cs","79"
"admin","NetClientFrom.推荐拉人配置窗口","textBox9","TextBox","","admin-source/current/NetClientFrom/推荐拉人配置窗口.cs","81"
"admin","NetClientFrom.推荐拉人配置窗口","推荐_推荐20人奖励数值","NumericUpDown","","admin-source/current/NetClientFrom/推荐拉人配置窗口.cs","83"
"admin","NetClientFrom.推荐拉人配置窗口","推荐_推荐20人奖励类型","ComboBox","","admin-source/current/NetClientFrom/推荐拉人配置窗口.cs","85"
"admin","NetClientFrom.推荐拉人配置窗口","textBox8","TextBox","","admin-source/current/NetClientFrom/推荐拉人配置窗口.cs","87"
"admin","NetClientFrom.推荐拉人配置窗口","推荐_推荐10人奖励数值","NumericUpDown","","admin-source/current/NetClientFrom/推荐拉人配置窗口.cs","89"
"admin","NetClientFrom.推荐拉人配置窗口","推荐_推荐10人奖励类型","ComboBox","","admin-source/current/NetClientFrom/推荐拉人配置窗口.cs","91"
"admin","NetClientFrom.推荐拉人配置窗口","textBox7","TextBox","","admin-source/current/NetClientFrom/推荐拉人配置窗口.cs","93"
"admin","NetClientFrom.推荐拉人配置窗口","推荐_推荐5人奖励数值","NumericUpDown","","admin-source/current/NetClientFrom/推荐拉人配置窗口.cs","95"
"admin","NetClientFrom.推荐拉人配置窗口","推荐_推荐5人奖励类型","ComboBox","","admin-source/current/NetClientFrom/推荐拉人配置窗口.cs","97"
"admin","NetClientFrom.推荐拉人配置窗口","textBox6","TextBox","","admin-source/current/NetClientFrom/推荐拉人配置窗口.cs","99"
"admin","NetClientFrom.推荐拉人配置窗口","推荐_累计推荐奖励开关","CheckBox","","admin-source/current/NetClientFrom/推荐拉人配置窗口.cs","101"
"admin","NetClientFrom.推荐拉人配置窗口","I","推荐拉人配置窗口","","admin-source/current/NetClientFrom/推荐拉人配置窗口.cs","103"
"admin","NetClientFrom.无双争夺战配置窗口","i","无双争夺战配置窗口","","admin-source/current/NetClientFrom/无双争夺战配置窗口.cs","12"
"admin","NetClientFrom.无双争夺战配置窗口","components","IContainer","","admin-source/current/NetClientFrom/无双争夺战配置窗口.cs","14"
"admin","NetClientFrom.无双争夺战配置窗口","无双_开关","CheckBox","","admin-source/current/NetClientFrom/无双争夺战配置窗口.cs","16"
"admin","NetClientFrom.无双争夺战配置窗口","无双_重载按钮","Button","","admin-source/current/NetClientFrom/无双争夺战配置窗口.cs","18"
"admin","NetClientFrom.无双争夺战配置窗口","无双_保存按钮","Button","","admin-source/current/NetClientFrom/无双争夺战配置窗口.cs","20"
"admin","NetClientFrom.无双争夺战配置窗口","groupBox1","GroupBox","","admin-source/current/NetClientFrom/无双争夺战配置窗口.cs","22"
"admin","NetClientFrom.无双争夺战配置窗口","无双_形象","NumericUpDown","","admin-source/current/NetClientFrom/无双争夺战配置窗口.cs","24"
"admin","NetClientFrom.无双争夺战配置窗口","label9","Label","","admin-source/current/NetClientFrom/无双争夺战配置窗口.cs","26"
"admin","NetClientFrom.无双争夺战配置窗口","无双_朝向","ComboBox","","admin-source/current/NetClientFrom/无双争夺战配置窗口.cs","28"
"admin","NetClientFrom.无双争夺战配置窗口","label8","Label","","admin-source/current/NetClientFrom/无双争夺战配置窗口.cs","30"
"admin","NetClientFrom.无双争夺战配置窗口","无双_坐标Y","NumericUpDown","","admin-source/current/NetClientFrom/无双争夺战配置窗口.cs","32"
"admin","NetClientFrom.无双争夺战配置窗口","无双_坐标X","NumericUpDown","","admin-source/current/NetClientFrom/无双争夺战配置窗口.cs","34"
"admin","NetClientFrom.无双争夺战配置窗口","label7","Label","","admin-source/current/NetClientFrom/无双争夺战配置窗口.cs","36"
"admin","NetClientFrom.无双争夺战配置窗口","label5","Label","","admin-source/current/NetClientFrom/无双争夺战配置窗口.cs","38"
"admin","NetClientFrom.无双争夺战配置窗口","无双_npc称号","TextBox","","admin-source/current/NetClientFrom/无双争夺战配置窗口.cs","40"
"admin","NetClientFrom.无双争夺战配置窗口","label4","Label","","admin-source/current/NetClientFrom/无双争夺战配置窗口.cs","42"
"admin","NetClientFrom.无双争夺战配置窗口","无双_npc名字","TextBox","","admin-source/current/NetClientFrom/无双争夺战配置窗口.cs","44"
"admin","NetClientFrom.无双争夺战配置窗口","groupBox2","GroupBox","","admin-source/current/NetClientFrom/无双争夺战配置窗口.cs","46"
"admin","NetClientFrom.无双争夺战配置窗口","无双_匹配开关","CheckBox","","admin-source/current/NetClientFrom/无双争夺战配置窗口.cs","48"
"admin","NetClientFrom.无双争夺战配置窗口","无双_同IP战斗开关","CheckBox","","admin-source/current/NetClientFrom/无双争夺战配置窗口.cs","50"
"admin","NetClientFrom.无双争夺战配置窗口","无双_活动战场地图","TextBox","","admin-source/current/NetClientFrom/无双争夺战配置窗口.cs","52"
"admin","NetClientFrom.无双争夺战配置窗口","textBox2","TextBox","","admin-source/current/NetClientFrom/无双争夺战配置窗口.cs","54"
"admin","NetClientFrom.无双争夺战配置窗口","无双_活动开始时间","TextBox","","admin-source/current/NetClientFrom/无双争夺战配置窗口.cs","56"
"admin","NetClientFrom.无双争夺战配置窗口","地狱道_名字","TextBox","","admin-source/current/NetClientFrom/无双争夺战配置窗口.cs","58"
"admin","NetClientFrom.无双争夺战配置窗口","无双_无双大圣奖励","TextBox","","admin-source/current/NetClientFrom/无双争夺战配置窗口.cs","60"
"admin","NetClientFrom.无双争夺战配置窗口","textBox9","TextBox","","admin-source/current/NetClientFrom/无双争夺战配置窗口.cs","62"
"admin","NetClientFrom.无双争夺战配置窗口","textBox7","TextBox","","admin-source/current/NetClientFrom/无双争夺战配置窗口.cs","64"
"admin","NetClientFrom.无双争夺战配置窗口","无双_胜利夺取积分","NumericUpDown","","admin-source/current/NetClientFrom/无双争夺战配置窗口.cs","66"
"admin","NetClientFrom.无双争夺战配置窗口","textBox6","TextBox","","admin-source/current/NetClientFrom/无双争夺战配置窗口.cs","68"
"admin","NetClientFrom.无双争夺战配置窗口","无双_初始无双积分","NumericUpDown","","admin-source/current/NetClientFrom/无双争夺战配置窗口.cs","70"
"admin","NetClientFrom.无双争夺战配置窗口","textBox5","TextBox","","admin-source/current/NetClientFrom/无双争夺战配置窗口.cs","72"
"admin","NetClientFrom.无双争夺战配置窗口","无双_开启最低人数","NumericUpDown","","admin-source/current/NetClientFrom/无双争夺战配置窗口.cs","74"
"admin","NetClientFrom.无双争夺战配置窗口","textBox4","TextBox","","admin-source/current/NetClientFrom/无双争夺战配置窗口.cs","76"
"admin","NetClientFrom.无双争夺战配置窗口","textBox3","TextBox","","admin-source/current/NetClientFrom/无双争夺战配置窗口.cs","78"
"admin","NetClientFrom.无双争夺战配置窗口","无双_报名花费价格","NumericUpDown","","admin-source/current/NetClientFrom/无双争夺战配置窗口.cs","80"
"admin","NetClientFrom.无双争夺战配置窗口","无双_报名花费类型","ComboBox","","admin-source/current/NetClientFrom/无双争夺战配置窗口.cs","82"
"admin","NetClientFrom.无双争夺战配置窗口","textBox13","TextBox","","admin-source/current/NetClientFrom/无双争夺战配置窗口.cs","84"
"admin","NetClientFrom.无双争夺战配置窗口","无双_积分兑换比例","NumericUpDown","","admin-source/current/NetClientFrom/无双争夺战配置窗口.cs","86"
"admin","NetClientFrom.无双争夺战配置窗口","textBox12","TextBox","","admin-source/current/NetClientFrom/无双争夺战配置窗口.cs","88"
"admin","NetClientFrom.无双争夺战配置窗口","无双_积分兑换类型","ComboBox","","admin-source/current/NetClientFrom/无双争夺战配置窗口.cs","90"
"admin","NetClientFrom.无双争夺战配置窗口","无双_活动开始线路","TextBox","","admin-source/current/NetClientFrom/无双争夺战配置窗口.cs","92"
"admin","NetClientFrom.无双争夺战配置窗口","textBox11","TextBox","","admin-source/current/NetClientFrom/无双争夺战配置窗口.cs","94"
"admin","NetClientFrom.无双争夺战配置窗口","无双_参拜获得奖励","TextBox","","admin-source/current/NetClientFrom/无双争夺战配置窗口.cs","96"
"admin","NetClientFrom.无双争夺战配置窗口","textBox18","TextBox","","admin-source/current/NetClientFrom/无双争夺战配置窗口.cs","98"
"admin","NetClientFrom.无双争夺战配置窗口","textBox15","TextBox","","admin-source/current/NetClientFrom/无双争夺战配置窗口.cs","100"
"admin","NetClientFrom.无双争夺战配置窗口","无双_参拜消耗价格","NumericUpDown","","admin-source/current/NetClientFrom/无双争夺战配置窗口.cs","102"
"admin","NetClientFrom.无双争夺战配置窗口","textBox14","TextBox","","admin-source/current/NetClientFrom/无双争夺战配置窗口.cs","104"
"admin","NetClientFrom.无双争夺战配置窗口","无双_每日参拜次数","NumericUpDown","","admin-source/current/NetClientFrom/无双争夺战配置窗口.cs","106"
"admin","NetClientFrom.无双争夺战配置窗口","groupBox3","GroupBox","","admin-source/current/NetClientFrom/无双争夺战配置窗口.cs","108"
"admin","NetClientFrom.无双争夺战配置窗口","无双_圣榜第四奖励","TextBox","","admin-source/current/NetClientFrom/无双争夺战配置窗口.cs","110"
"admin","NetClientFrom.无双争夺战配置窗口","textBox25","TextBox","","admin-source/current/NetClientFrom/无双争夺战配置窗口.cs","112"
"admin","NetClientFrom.无双争夺战配置窗口","无双_圣榜第二奖励","TextBox","","admin-source/current/NetClientFrom/无双争夺战配置窗口.cs","114"
"admin","NetClientFrom.无双争夺战配置窗口","textBox27","TextBox","","admin-source/current/NetClientFrom/无双争夺战配置窗口.cs","116"
"admin","NetClientFrom.无双争夺战配置窗口","无双_圣榜第九奖励","TextBox","","admin-source/current/NetClientFrom/无双争夺战配置窗口.cs","118"
"admin","NetClientFrom.无双争夺战配置窗口","textBox29","TextBox","","admin-source/current/NetClientFrom/无双争夺战配置窗口.cs","120"
"admin","NetClientFrom.无双争夺战配置窗口","textBox30","TextBox","","admin-source/current/NetClientFrom/无双争夺战配置窗口.cs","122"
"admin","NetClientFrom.无双争夺战配置窗口","textBox31","TextBox","","admin-source/current/NetClientFrom/无双争夺战配置窗口.cs","124"
"admin","NetClientFrom.无双争夺战配置窗口","textBox32","TextBox","","admin-source/current/NetClientFrom/无双争夺战配置窗口.cs","126"
"admin","NetClientFrom.无双争夺战配置窗口","textBox33","TextBox","","admin-source/current/NetClientFrom/无双争夺战配置窗口.cs","128"
"admin","NetClientFrom.无双争夺战配置窗口","textBox34","TextBox","","admin-source/current/NetClientFrom/无双争夺战配置窗口.cs","130"
"admin","NetClientFrom.无双争夺战配置窗口","无双_圣榜第三奖励","TextBox","","admin-source/current/NetClientFrom/无双争夺战配置窗口.cs","132"
"admin","NetClientFrom.无双争夺战配置窗口","textBox36","TextBox","","admin-source/current/NetClientFrom/无双争夺战配置窗口.cs","134"
"admin","NetClientFrom.无双争夺战配置窗口","无双_圣榜第一奖励","TextBox","","admin-source/current/NetClientFrom/无双争夺战配置窗口.cs","136"
"admin","NetClientFrom.无双争夺战配置窗口","textBox38","TextBox","","admin-source/current/NetClientFrom/无双争夺战配置窗口.cs","138"
"admin","NetClientFrom.无双争夺战配置窗口","无双_圣榜第十奖励","TextBox","","admin-source/current/NetClientFrom/无双争夺战配置窗口.cs","140"
"admin","NetClientFrom.无双争夺战配置窗口","无双_圣榜第八奖励","TextBox","","admin-source/current/NetClientFrom/无双争夺战配置窗口.cs","142"
"admin","NetClientFrom.无双争夺战配置窗口","无双_圣榜第六奖励","TextBox","","admin-source/current/NetClientFrom/无双争夺战配置窗口.cs","144"
"admin","NetClientFrom.无双争夺战配置窗口","无双_圣榜第七奖励","TextBox","","admin-source/current/NetClientFrom/无双争夺战配置窗口.cs","146"
"admin","NetClientFrom.无双争夺战配置窗口","无双_圣榜第五奖励","TextBox","","admin-source/current/NetClientFrom/无双争夺战配置窗口.cs","148"
"admin","NetClientFrom.无双争夺战配置窗口","groupBox4","GroupBox","","admin-source/current/NetClientFrom/无双争夺战配置窗口.cs","150"
"admin","NetClientFrom.无双争夺战配置窗口","无双_连胜200奖励","TextBox","","admin-source/current/NetClientFrom/无双争夺战配置窗口.cs","152"
"admin","NetClientFrom.无双争夺战配置窗口","无双_连胜50奖励","TextBox","","admin-source/current/NetClientFrom/无双争夺战配置窗口.cs","154"
"admin","NetClientFrom.无双争夺战配置窗口","无双_连胜10奖励","TextBox","","admin-source/current/NetClientFrom/无双争夺战配置窗口.cs","156"
"admin","NetClientFrom.无双争夺战配置窗口","无双_连胜30奖励","TextBox","","admin-source/current/NetClientFrom/无双争夺战配置窗口.cs","158"
"admin","NetClientFrom.无双争夺战配置窗口","无双_累胜500奖励","TextBox","","admin-source/current/NetClientFrom/无双争夺战配置窗口.cs","160"
"admin","NetClientFrom.无双争夺战配置窗口","无双_累胜200奖励","TextBox","","admin-source/current/NetClientFrom/无双争夺战配置窗口.cs","162"
"admin","NetClientFrom.无双争夺战配置窗口","textBox45","TextBox","","admin-source/current/NetClientFrom/无双争夺战配置窗口.cs","164"
"admin","NetClientFrom.无双争夺战配置窗口","无双_累胜50奖励","TextBox","","admin-source/current/NetClientFrom/无双争夺战配置窗口.cs","166"
"admin","NetClientFrom.无双争夺战配置窗口","textBox47","TextBox","","admin-source/current/NetClientFrom/无双争夺战配置窗口.cs","168"
"admin","NetClientFrom.无双争夺战配置窗口","无双_连胜100奖励","TextBox","","admin-source/current/NetClientFrom/无双争夺战配置窗口.cs","170"
"admin","NetClientFrom.无双争夺战配置窗口","textBox49","TextBox","","admin-source/current/NetClientFrom/无双争夺战配置窗口.cs","172"
"admin","NetClientFrom.无双争夺战配置窗口","textBox50","TextBox","","admin-source/current/NetClientFrom/无双争夺战配置窗口.cs","174"
"admin","NetClientFrom.无双争夺战配置窗口","textBox51","TextBox","","admin-source/current/NetClientFrom/无双争夺战配置窗口.cs","176"
"admin","NetClientFrom.无双争夺战配置窗口","textBox52","TextBox","","admin-source/current/NetClientFrom/无双争夺战配置窗口.cs","178"
"admin","NetClientFrom.无双争夺战配置窗口","textBox53","TextBox","","admin-source/current/NetClientFrom/无双争夺战配置窗口.cs","180"
"admin","NetClientFrom.无双争夺战配置窗口","textBox54","TextBox","","admin-source/current/NetClientFrom/无双争夺战配置窗口.cs","182"
"admin","NetClientFrom.无双争夺战配置窗口","无双_累胜100奖励","TextBox","","admin-source/current/NetClientFrom/无双争夺战配置窗口.cs","184"
"admin","NetClientFrom.无双争夺战配置窗口","textBox56","TextBox","","admin-source/current/NetClientFrom/无双争夺战配置窗口.cs","186"
"admin","NetClientFrom.无双争夺战配置窗口","无双_累胜20奖励","TextBox","","admin-source/current/NetClientFrom/无双争夺战配置窗口.cs","188"
"admin","NetClientFrom.无双争夺战配置窗口","textBox58","TextBox","","admin-source/current/NetClientFrom/无双争夺战配置窗口.cs","190"
"admin","NetClientFrom.无双争夺战配置窗口","textBox16","TextBox","","admin-source/current/NetClientFrom/无双争夺战配置窗口.cs","192"
"admin","NetClientFrom.无双争夺战配置窗口","无双_参拜消耗类型","ComboBox","","admin-source/current/NetClientFrom/无双争夺战配置窗口.cs","194"
"admin","NetClientFrom.无双争夺战配置窗口","无双_开始前公告","TextBox","","admin-source/current/NetClientFrom/无双争夺战配置窗口.cs","196"
"admin","NetClientFrom.无双争夺战配置窗口","textBox60","TextBox","","admin-source/current/NetClientFrom/无双争夺战配置窗口.cs","198"
"admin","NetClientFrom.无双争夺战配置窗口","无双_开始后公告","TextBox","","admin-source/current/NetClientFrom/无双争夺战配置窗口.cs","200"
"admin","NetClientFrom.无双争夺战配置窗口","textBox62","TextBox","","admin-source/current/NetClientFrom/无双争夺战配置窗口.cs","202"
"admin","NetClientFrom.无双争夺战配置窗口","无双_结束后公告","TextBox","","admin-source/current/NetClientFrom/无双争夺战配置窗口.cs","204"
"admin","NetClientFrom.无双争夺战配置窗口","textBox64","TextBox","","admin-source/current/NetClientFrom/无双争夺战配置窗口.cs","206"
"admin","NetClientFrom.无双争夺战配置窗口","groupBox5","GroupBox","","admin-source/current/NetClientFrom/无双争夺战配置窗口.cs","208"
"admin","NetClientFrom.无双争夺战配置窗口","无双_活动状态","TextBox","","admin-source/current/NetClientFrom/无双争夺战配置窗口.cs","210"
"admin","NetClientFrom.无双争夺战配置窗口","textBox66","TextBox","","admin-source/current/NetClientFrom/无双争夺战配置窗口.cs","212"
"admin","NetClientFrom.无双争夺战配置窗口","无双_刷新战场按钮","Button","","admin-source/current/NetClientFrom/无双争夺战配置窗口.cs","214"
"admin","NetClientFrom.无双争夺战配置窗口","无双_结束按钮","Button","","admin-source/current/NetClientFrom/无双争夺战配置窗口.cs","216"
"admin","NetClientFrom.无双争夺战配置窗口","无双_开启按钮","Button","","admin-source/current/NetClientFrom/无双争夺战配置窗口.cs","218"
"admin","NetClientFrom.无双争夺战配置窗口","无双_战场列表","DataGridView","","admin-source/current/NetClientFrom/无双争夺战配置窗口.cs","220"
"admin","NetClientFrom.无双争夺战配置窗口","道友名字","DataGridViewTextBoxColumn","","admin-source/current/NetClientFrom/无双争夺战配置窗口.cs","222"
"admin","NetClientFrom.无双争夺战配置窗口","是否报名","DataGridViewTextBoxColumn","","admin-source/current/NetClientFrom/无双争夺战配置窗口.cs","224"
"admin","NetClientFrom.无双争夺战配置窗口","当前状态","DataGridViewTextBoxColumn","","admin-source/current/NetClientFrom/无双争夺战配置窗口.cs","226"
"admin","NetClientFrom.无双争夺战配置窗口","无双积分","DataGridViewTextBoxColumn","","admin-source/current/NetClientFrom/无双争夺战配置窗口.cs","228"
"admin","NetClientFrom.无双争夺战配置窗口","无双_战场人数","Label","","admin-source/current/NetClientFrom/无双争夺战配置窗口.cs","230"
"admin","NetClientFrom.无双争夺战配置窗口","textBox1","TextBox","","admin-source/current/NetClientFrom/无双争夺战配置窗口.cs","232"
"admin","NetClientFrom.无双争夺战配置窗口","无双_每次参拜雕像增幅","NumericUpDown","","admin-source/current/NetClientFrom/无双争夺战配置窗口.cs","234"
"admin","NetClientFrom.无双争夺战配置窗口","I","无双争夺战配置窗口","","admin-source/current/NetClientFrom/无双争夺战配置窗口.cs","236"
"admin","NetClientFrom.时装坐姿染色配置窗口","i","时装坐姿染色配置窗口","","admin-source/current/NetClientFrom/时装坐姿染色配置窗口.cs","12"
"admin","NetClientFrom.时装坐姿染色配置窗口","components","IContainer","","admin-source/current/NetClientFrom/时装坐姿染色配置窗口.cs","14"
"admin","NetClientFrom.时装坐姿染色配置窗口","坐姿_重载按钮","Button","","admin-source/current/NetClientFrom/时装坐姿染色配置窗口.cs","16"
"admin","NetClientFrom.时装坐姿染色配置窗口","坐姿_保存按钮","Button","","admin-source/current/NetClientFrom/时装坐姿染色配置窗口.cs","18"
"admin","NetClientFrom.时装坐姿染色配置窗口","groupBox1","GroupBox","","admin-source/current/NetClientFrom/时装坐姿染色配置窗口.cs","20"
"admin","NetClientFrom.时装坐姿染色配置窗口","label6","Label","","admin-source/current/NetClientFrom/时装坐姿染色配置窗口.cs","22"
"admin","NetClientFrom.时装坐姿染色配置窗口","坐姿_添加时装ID","TextBox","","admin-source/current/NetClientFrom/时装坐姿染色配置窗口.cs","24"
"admin","NetClientFrom.时装坐姿染色配置窗口","坐姿_时装开关","CheckBox","","admin-source/current/NetClientFrom/时装坐姿染色配置窗口.cs","26"
"admin","NetClientFrom.时装坐姿染色配置窗口","坐姿_添加时装按钮","Button","","admin-source/current/NetClientFrom/时装坐姿染色配置窗口.cs","28"
"admin","NetClientFrom.时装坐姿染色配置窗口","label2","Label","","admin-source/current/NetClientFrom/时装坐姿染色配置窗口.cs","30"
"admin","NetClientFrom.时装坐姿染色配置窗口","坐姿_添加站姿ID","TextBox","","admin-source/current/NetClientFrom/时装坐姿染色配置窗口.cs","32"
"admin","NetClientFrom.时装坐姿染色配置窗口","label1","Label","","admin-source/current/NetClientFrom/时装坐姿染色配置窗口.cs","34"
"admin","NetClientFrom.时装坐姿染色配置窗口","坐姿_添加坐姿ID","TextBox","","admin-source/current/NetClientFrom/时装坐姿染色配置窗口.cs","36"
"admin","NetClientFrom.时装坐姿染色配置窗口","坐姿_时装列表","DataGridView","","admin-source/current/NetClientFrom/时装坐姿染色配置窗口.cs","38"
"admin","NetClientFrom.时装坐姿染色配置窗口","groupBox2","GroupBox","","admin-source/current/NetClientFrom/时装坐姿染色配置窗口.cs","40"
"admin","NetClientFrom.时装坐姿染色配置窗口","坐姿_染色战斗显示开关","CheckBox","","admin-source/current/NetClientFrom/时装坐姿染色配置窗口.cs","42"
"admin","NetClientFrom.时装坐姿染色配置窗口","坐姿_染色开关","CheckBox","","admin-source/current/NetClientFrom/时装坐姿染色配置窗口.cs","44"
"admin","NetClientFrom.时装坐姿染色配置窗口","label3","Label","","admin-source/current/NetClientFrom/时装坐姿染色配置窗口.cs","46"
"admin","NetClientFrom.时装坐姿染色配置窗口","坐姿_染色消耗数量","NumericUpDown","","admin-source/current/NetClientFrom/时装坐姿染色配置窗口.cs","48"
"admin","NetClientFrom.时装坐姿染色配置窗口","坐姿_添加染色按钮","Button","","admin-source/current/NetClientFrom/时装坐姿染色配置窗口.cs","50"
"admin","NetClientFrom.时装坐姿染色配置窗口","坐姿_染色列表","TextBox","","admin-source/current/NetClientFrom/时装坐姿染色配置窗口.cs","52"
"admin","NetClientFrom.时装坐姿染色配置窗口","label5","Label","","admin-source/current/NetClientFrom/时装坐姿染色配置窗口.cs","54"
"admin","NetClientFrom.时装坐姿染色配置窗口","label4","Label","","admin-source/current/NetClientFrom/时装坐姿染色配置窗口.cs","56"
"admin","NetClientFrom.时装坐姿染色配置窗口","坐姿_染色坐姿ID","TextBox","","admin-source/current/NetClientFrom/时装坐姿染色配置窗口.cs","58"
"admin","NetClientFrom.时装坐姿染色配置窗口","坐姿_染色坐姿列表","DataGridView","","admin-source/current/NetClientFrom/时装坐姿染色配置窗口.cs","60"
"admin","NetClientFrom.时装坐姿染色配置窗口","label7","Label","","admin-source/current/NetClientFrom/时装坐姿染色配置窗口.cs","62"
"admin","NetClientFrom.时装坐姿染色配置窗口","修改窗口_时装","Panel","","admin-source/current/NetClientFrom/时装坐姿染色配置窗口.cs","64"
"admin","NetClientFrom.时装坐姿染色配置窗口","label8","Label","","admin-source/current/NetClientFrom/时装坐姿染色配置窗口.cs","66"
"admin","NetClientFrom.时装坐姿染色配置窗口","时装修改_站姿ID","TextBox","","admin-source/current/NetClientFrom/时装坐姿染色配置窗口.cs","68"
"admin","NetClientFrom.时装坐姿染色配置窗口","label9","Label","","admin-source/current/NetClientFrom/时装坐姿染色配置窗口.cs","70"
"admin","NetClientFrom.时装坐姿染色配置窗口","时装修改_坐姿ID","TextBox","","admin-source/current/NetClientFrom/时装坐姿染色配置窗口.cs","72"
"admin","NetClientFrom.时装坐姿染色配置窗口","label10","Label","","admin-source/current/NetClientFrom/时装坐姿染色配置窗口.cs","74"
"admin","NetClientFrom.时装坐姿染色配置窗口","时装修改_时装ID","TextBox","","admin-source/current/NetClientFrom/时装坐姿染色配置窗口.cs","76"
"admin","NetClientFrom.时装坐姿染色配置窗口","时装修改_取消按钮","Button","","admin-source/current/NetClientFrom/时装坐姿染色配置窗口.cs","78"
"admin","NetClientFrom.时装坐姿染色配置窗口","时装修改_确定按钮","Button","","admin-source/current/NetClientFrom/时装坐姿染色配置窗口.cs","80"
"admin","NetClientFrom.时装坐姿染色配置窗口","修改窗口_坐姿","Panel","","admin-source/current/NetClientFrom/时装坐姿染色配置窗口.cs","82"
"admin","NetClientFrom.时装坐姿染色配置窗口","坐姿修改_取消按钮","Button","","admin-source/current/NetClientFrom/时装坐姿染色配置窗口.cs","84"
"admin","NetClientFrom.时装坐姿染色配置窗口","坐姿修改_确定按钮","Button","","admin-source/current/NetClientFrom/时装坐姿染色配置窗口.cs","86"
"admin","NetClientFrom.时装坐姿染色配置窗口","坐姿修改_染色列表","TextBox","","admin-source/current/NetClientFrom/时装坐姿染色配置窗口.cs","88"
"admin","NetClientFrom.时装坐姿染色配置窗口","label12","Label","","admin-source/current/NetClientFrom/时装坐姿染色配置窗口.cs","90"
"admin","NetClientFrom.时装坐姿染色配置窗口","label11","Label","","admin-source/current/NetClientFrom/时装坐姿染色配置窗口.cs","92"
"admin","NetClientFrom.时装坐姿染色配置窗口","坐姿修改_坐姿ID","TextBox","","admin-source/current/NetClientFrom/时装坐姿染色配置窗口.cs","94"
"admin","NetClientFrom.时装坐姿染色配置窗口","原始坐姿ID","DataGridViewTextBoxColumn","","admin-source/current/NetClientFrom/时装坐姿染色配置窗口.cs","96"
"admin","NetClientFrom.时装坐姿染色配置窗口","染色列表","DataGridViewTextBoxColumn","","admin-source/current/NetClientFrom/时装坐姿染色配置窗口.cs","98"
"admin","NetClientFrom.时装坐姿染色配置窗口","时装ID","DataGridViewTextBoxColumn","","admin-source/current/NetClientFrom/时装坐姿染色配置窗口.cs","100"
"admin","NetClientFrom.时装坐姿染色配置窗口","坐姿ID","DataGridViewTextBoxColumn","","admin-source/current/NetClientFrom/时装坐姿染色配置窗口.cs","102"
"admin","NetClientFrom.时装坐姿染色配置窗口","站姿ID","DataGridViewTextBoxColumn","","admin-source/current/NetClientFrom/时装坐姿染色配置窗口.cs","104"
"admin","NetClientFrom.时装坐姿染色配置窗口","I","时装坐姿染色配置窗口","","admin-source/current/NetClientFrom/时装坐姿染色配置窗口.cs","106"
"admin","NetClientFrom.活跃度奖励配置窗口","i","活跃度奖励配置窗口","","admin-source/current/NetClientFrom/活跃度奖励配置窗口.cs","11"
"admin","NetClientFrom.活跃度奖励配置窗口","components","IContainer","","admin-source/current/NetClientFrom/活跃度奖励配置窗口.cs","13"
"admin","NetClientFrom.活跃度奖励配置窗口","活跃度_开关","CheckBox","","admin-source/current/NetClientFrom/活跃度奖励配置窗口.cs","15"
"admin","NetClientFrom.活跃度奖励配置窗口","活跃度_重载按钮","Button","","admin-source/current/NetClientFrom/活跃度奖励配置窗口.cs","17"
"admin","NetClientFrom.活跃度奖励配置窗口","活跃度_保存按钮","Button","","admin-source/current/NetClientFrom/活跃度奖励配置窗口.cs","19"
"admin","NetClientFrom.活跃度奖励配置窗口","活跃度_普通玩家可领取开关","CheckBox","","admin-source/current/NetClientFrom/活跃度奖励配置窗口.cs","21"
"admin","NetClientFrom.活跃度奖励配置窗口","活跃度50奖励_道具","TextBox","","admin-source/current/NetClientFrom/活跃度奖励配置窗口.cs","23"
"admin","NetClientFrom.活跃度奖励配置窗口","活跃度50奖励_金元宝","NumericUpDown","","admin-source/current/NetClientFrom/活跃度奖励配置窗口.cs","25"
"admin","NetClientFrom.活跃度奖励配置窗口","textBox6","TextBox","","admin-source/current/NetClientFrom/活跃度奖励配置窗口.cs","27"
"admin","NetClientFrom.活跃度奖励配置窗口","textBox1","TextBox","","admin-source/current/NetClientFrom/活跃度奖励配置窗口.cs","29"
"admin","NetClientFrom.活跃度奖励配置窗口","textBox2","TextBox","","admin-source/current/NetClientFrom/活跃度奖励配置窗口.cs","31"
"admin","NetClientFrom.活跃度奖励配置窗口","活跃度50奖励_银元宝","NumericUpDown","","admin-source/current/NetClientFrom/活跃度奖励配置窗口.cs","33"
"admin","NetClientFrom.活跃度奖励配置窗口","textBox3","TextBox","","admin-source/current/NetClientFrom/活跃度奖励配置窗口.cs","35"
"admin","NetClientFrom.活跃度奖励配置窗口","活跃度50奖励_累充点","NumericUpDown","","admin-source/current/NetClientFrom/活跃度奖励配置窗口.cs","37"
"admin","NetClientFrom.活跃度奖励配置窗口","textBox4","TextBox","","admin-source/current/NetClientFrom/活跃度奖励配置窗口.cs","39"
"admin","NetClientFrom.活跃度奖励配置窗口","活跃度50奖励_南极点","NumericUpDown","","admin-source/current/NetClientFrom/活跃度奖励配置窗口.cs","41"
"admin","NetClientFrom.活跃度奖励配置窗口","textBox5","TextBox","","admin-source/current/NetClientFrom/活跃度奖励配置窗口.cs","43"
"admin","NetClientFrom.活跃度奖励配置窗口","textBox7","TextBox","","admin-source/current/NetClientFrom/活跃度奖励配置窗口.cs","45"
"admin","NetClientFrom.活跃度奖励配置窗口","textBox8","TextBox","","admin-source/current/NetClientFrom/活跃度奖励配置窗口.cs","47"
"admin","NetClientFrom.活跃度奖励配置窗口","活跃度100奖励_南极点","NumericUpDown","","admin-source/current/NetClientFrom/活跃度奖励配置窗口.cs","49"
"admin","NetClientFrom.活跃度奖励配置窗口","textBox9","TextBox","","admin-source/current/NetClientFrom/活跃度奖励配置窗口.cs","51"
"admin","NetClientFrom.活跃度奖励配置窗口","活跃度100奖励_累充点","NumericUpDown","","admin-source/current/NetClientFrom/活跃度奖励配置窗口.cs","53"
"admin","NetClientFrom.活跃度奖励配置窗口","textBox10","TextBox","","admin-source/current/NetClientFrom/活跃度奖励配置窗口.cs","55"
"admin","NetClientFrom.活跃度奖励配置窗口","活跃度100奖励_银元宝","NumericUpDown","","admin-source/current/NetClientFrom/活跃度奖励配置窗口.cs","57"
"admin","NetClientFrom.活跃度奖励配置窗口","textBox11","TextBox","","admin-source/current/NetClientFrom/活跃度奖励配置窗口.cs","59"
"admin","NetClientFrom.活跃度奖励配置窗口","活跃度100奖励_道具","TextBox","","admin-source/current/NetClientFrom/活跃度奖励配置窗口.cs","61"
"admin","NetClientFrom.活跃度奖励配置窗口","活跃度100奖励_金元宝","NumericUpDown","","admin-source/current/NetClientFrom/活跃度奖励配置窗口.cs","63"
"admin","NetClientFrom.活跃度奖励配置窗口","textBox13","TextBox","","admin-source/current/NetClientFrom/活跃度奖励配置窗口.cs","65"
"admin","NetClientFrom.活跃度奖励配置窗口","textBox14","TextBox","","admin-source/current/NetClientFrom/活跃度奖励配置窗口.cs","67"
"admin","NetClientFrom.活跃度奖励配置窗口","textBox15","TextBox","","admin-source/current/NetClientFrom/活跃度奖励配置窗口.cs","69"
"admin","NetClientFrom.活跃度奖励配置窗口","活跃度150奖励_南极点","NumericUpDown","","admin-source/current/NetClientFrom/活跃度奖励配置窗口.cs","71"
"admin","NetClientFrom.活跃度奖励配置窗口","textBox16","TextBox","","admin-source/current/NetClientFrom/活跃度奖励配置窗口.cs","73"
"admin","NetClientFrom.活跃度奖励配置窗口","活跃度150奖励_累充点","NumericUpDown","","admin-source/current/NetClientFrom/活跃度奖励配置窗口.cs","75"
"admin","NetClientFrom.活跃度奖励配置窗口","textBox17","TextBox","","admin-source/current/NetClientFrom/活跃度奖励配置窗口.cs","77"
"admin","NetClientFrom.活跃度奖励配置窗口","活跃度150奖励_银元宝","NumericUpDown","","admin-source/current/NetClientFrom/活跃度奖励配置窗口.cs","79"
"admin","NetClientFrom.活跃度奖励配置窗口","textBox18","TextBox","","admin-source/current/NetClientFrom/活跃度奖励配置窗口.cs","81"
"admin","NetClientFrom.活跃度奖励配置窗口","活跃度150奖励_道具","TextBox","","admin-source/current/NetClientFrom/活跃度奖励配置窗口.cs","83"
"admin","NetClientFrom.活跃度奖励配置窗口","活跃度150奖励_金元宝","NumericUpDown","","admin-source/current/NetClientFrom/活跃度奖励配置窗口.cs","85"
"admin","NetClientFrom.活跃度奖励配置窗口","textBox20","TextBox","","admin-source/current/NetClientFrom/活跃度奖励配置窗口.cs","87"
"admin","NetClientFrom.活跃度奖励配置窗口","textBox21","TextBox","","admin-source/current/NetClientFrom/活跃度奖励配置窗口.cs","89"
"admin","NetClientFrom.活跃度奖励配置窗口","textBox22","TextBox","","admin-source/current/NetClientFrom/活跃度奖励配置窗口.cs","91"
"admin","NetClientFrom.活跃度奖励配置窗口","活跃度200奖励_南极点","NumericUpDown","","admin-source/current/NetClientFrom/活跃度奖励配置窗口.cs","93"
"admin","NetClientFrom.活跃度奖励配置窗口","textBox23","TextBox","","admin-source/current/NetClientFrom/活跃度奖励配置窗口.cs","95"
"admin","NetClientFrom.活跃度奖励配置窗口","活跃度200奖励_累充点","NumericUpDown","","admin-source/current/NetClientFrom/活跃度奖励配置窗口.cs","97"
"admin","NetClientFrom.活跃度奖励配置窗口","textBox24","TextBox","","admin-source/current/NetClientFrom/活跃度奖励配置窗口.cs","99"
"admin","NetClientFrom.活跃度奖励配置窗口","活跃度200奖励_银元宝","NumericUpDown","","admin-source/current/NetClientFrom/活跃度奖励配置窗口.cs","101"
"admin","NetClientFrom.活跃度奖励配置窗口","textBox25","TextBox","","admin-source/current/NetClientFrom/活跃度奖励配置窗口.cs","103"
"admin","NetClientFrom.活跃度奖励配置窗口","活跃度200奖励_道具","TextBox","","admin-source/current/NetClientFrom/活跃度奖励配置窗口.cs","105"
"admin","NetClientFrom.活跃度奖励配置窗口","活跃度200奖励_金元宝","NumericUpDown","","admin-source/current/NetClientFrom/活跃度奖励配置窗口.cs","107"
"admin","NetClientFrom.活跃度奖励配置窗口","textBox27","TextBox","","admin-source/current/NetClientFrom/活跃度奖励配置窗口.cs","109"
"admin","NetClientFrom.活跃度奖励配置窗口","textBox28","TextBox","","admin-source/current/NetClientFrom/活跃度奖励配置窗口.cs","111"
"admin","NetClientFrom.活跃度奖励配置窗口","textBox29","TextBox","","admin-source/current/NetClientFrom/活跃度奖励配置窗口.cs","113"
"admin","NetClientFrom.活跃度奖励配置窗口","活跃度250奖励_南极点","NumericUpDown","","admin-source/current/NetClientFrom/活跃度奖励配置窗口.cs","115"
"admin","NetClientFrom.活跃度奖励配置窗口","textBox30","TextBox","","admin-source/current/NetClientFrom/活跃度奖励配置窗口.cs","117"
"admin","NetClientFrom.活跃度奖励配置窗口","活跃度250奖励_累充点","NumericUpDown","","admin-source/current/NetClientFrom/活跃度奖励配置窗口.cs","119"
"admin","NetClientFrom.活跃度奖励配置窗口","textBox31","TextBox","","admin-source/current/NetClientFrom/活跃度奖励配置窗口.cs","121"
"admin","NetClientFrom.活跃度奖励配置窗口","活跃度250奖励_银元宝","NumericUpDown","","admin-source/current/NetClientFrom/活跃度奖励配置窗口.cs","123"
"admin","NetClientFrom.活跃度奖励配置窗口","textBox32","TextBox","","admin-source/current/NetClientFrom/活跃度奖励配置窗口.cs","125"
"admin","NetClientFrom.活跃度奖励配置窗口","活跃度250奖励_道具","TextBox","","admin-source/current/NetClientFrom/活跃度奖励配置窗口.cs","127"
"admin","NetClientFrom.活跃度奖励配置窗口","活跃度250奖励_金元宝","NumericUpDown","","admin-source/current/NetClientFrom/活跃度奖励配置窗口.cs","129"
"admin","NetClientFrom.活跃度奖励配置窗口","textBox34","TextBox","","admin-source/current/NetClientFrom/活跃度奖励配置窗口.cs","131"
"admin","NetClientFrom.活跃度奖励配置窗口","textBox35","TextBox","","admin-source/current/NetClientFrom/活跃度奖励配置窗口.cs","133"
"admin","NetClientFrom.活跃度奖励配置窗口","textBox36","TextBox","","admin-source/current/NetClientFrom/活跃度奖励配置窗口.cs","135"
"admin","NetClientFrom.活跃度奖励配置窗口","活跃度300奖励_南极点","NumericUpDown","","admin-source/current/NetClientFrom/活跃度奖励配置窗口.cs","137"
"admin","NetClientFrom.活跃度奖励配置窗口","textBox37","TextBox","","admin-source/current/NetClientFrom/活跃度奖励配置窗口.cs","139"
"admin","NetClientFrom.活跃度奖励配置窗口","活跃度300奖励_累充点","NumericUpDown","","admin-source/current/NetClientFrom/活跃度奖励配置窗口.cs","141"
"admin","NetClientFrom.活跃度奖励配置窗口","textBox38","TextBox","","admin-source/current/NetClientFrom/活跃度奖励配置窗口.cs","143"
"admin","NetClientFrom.活跃度奖励配置窗口","活跃度300奖励_银元宝","NumericUpDown","","admin-source/current/NetClientFrom/活跃度奖励配置窗口.cs","145"
"admin","NetClientFrom.活跃度奖励配置窗口","textBox39","TextBox","","admin-source/current/NetClientFrom/活跃度奖励配置窗口.cs","147"
"admin","NetClientFrom.活跃度奖励配置窗口","活跃度300奖励_道具","TextBox","","admin-source/current/NetClientFrom/活跃度奖励配置窗口.cs","149"
"admin","NetClientFrom.活跃度奖励配置窗口","活跃度300奖励_金元宝","NumericUpDown","","admin-source/current/NetClientFrom/活跃度奖励配置窗口.cs","151"
"admin","NetClientFrom.活跃度奖励配置窗口","textBox41","TextBox","","admin-source/current/NetClientFrom/活跃度奖励配置窗口.cs","153"
"admin","NetClientFrom.活跃度奖励配置窗口","I","活跃度奖励配置窗口","","admin-source/current/NetClientFrom/活跃度奖励配置窗口.cs","155"
"admin","NetClientFrom.浮生录配置窗口","i","浮生录配置窗口","","admin-source/current/NetClientFrom/浮生录配置窗口.cs","12"
"admin","NetClientFrom.浮生录配置窗口","components","IContainer","","admin-source/current/NetClientFrom/浮生录配置窗口.cs","14"
"admin","NetClientFrom.浮生录配置窗口","groupBox1","GroupBox","","admin-source/current/NetClientFrom/浮生录配置窗口.cs","16"
"admin","NetClientFrom.浮生录配置窗口","浮生录_形象","NumericUpDown","","admin-source/current/NetClientFrom/浮生录配置窗口.cs","18"
"admin","NetClientFrom.浮生录配置窗口","label9","Label","","admin-source/current/NetClientFrom/浮生录配置窗口.cs","20"
"admin","NetClientFrom.浮生录配置窗口","浮生录_朝向","ComboBox","","admin-source/current/NetClientFrom/浮生录配置窗口.cs","22"
"admin","NetClientFrom.浮生录配置窗口","label8","Label","","admin-source/current/NetClientFrom/浮生录配置窗口.cs","24"
"admin","NetClientFrom.浮生录配置窗口","浮生录_坐标Y","NumericUpDown","","admin-source/current/NetClientFrom/浮生录配置窗口.cs","26"
"admin","NetClientFrom.浮生录配置窗口","浮生录_坐标X","NumericUpDown","","admin-source/current/NetClientFrom/浮生录配置窗口.cs","28"
"admin","NetClientFrom.浮生录配置窗口","label7","Label","","admin-source/current/NetClientFrom/浮生录配置窗口.cs","30"
"admin","NetClientFrom.浮生录配置窗口","label5","Label","","admin-source/current/NetClientFrom/浮生录配置窗口.cs","32"
"admin","NetClientFrom.浮生录配置窗口","浮生录_npc称号","TextBox","","admin-source/current/NetClientFrom/浮生录配置窗口.cs","34"
"admin","NetClientFrom.浮生录配置窗口","label4","Label","","admin-source/current/NetClientFrom/浮生录配置窗口.cs","36"
"admin","NetClientFrom.浮生录配置窗口","浮生录_npc名字","TextBox","","admin-source/current/NetClientFrom/浮生录配置窗口.cs","38"
"admin","NetClientFrom.浮生录配置窗口","浮生录_开关","CheckBox","","admin-source/current/NetClientFrom/浮生录配置窗口.cs","40"
"admin","NetClientFrom.浮生录配置窗口","浮生录_重载按钮","Button","","admin-source/current/NetClientFrom/浮生录配置窗口.cs","42"
"admin","NetClientFrom.浮生录配置窗口","浮生录_保存按钮","Button","","admin-source/current/NetClientFrom/浮生录配置窗口.cs","44"
"admin","NetClientFrom.浮生录配置窗口","浮生录_道具抽取开关","CheckBox","","admin-source/current/NetClientFrom/浮生录配置窗口.cs","46"
"admin","NetClientFrom.浮生录配置窗口","浮生录_道具10连抽开关","CheckBox","","admin-source/current/NetClientFrom/浮生录配置窗口.cs","48"
"admin","NetClientFrom.浮生录配置窗口","地狱道_名字","TextBox","","admin-source/current/NetClientFrom/浮生录配置窗口.cs","50"
"admin","NetClientFrom.浮生录配置窗口","浮生录_道具名字","TextBox","","admin-source/current/NetClientFrom/浮生录配置窗口.cs","52"
"admin","NetClientFrom.浮生录配置窗口","浮生录_道具消耗数量","NumericUpDown","","admin-source/current/NetClientFrom/浮生录配置窗口.cs","54"
"admin","NetClientFrom.浮生录配置窗口","textBox11","TextBox","","admin-source/current/NetClientFrom/浮生录配置窗口.cs","56"
"admin","NetClientFrom.浮生录配置窗口","textBox1","TextBox","","admin-source/current/NetClientFrom/浮生录配置窗口.cs","58"
"admin","NetClientFrom.浮生录配置窗口","浮生录_数值消耗数量","NumericUpDown","","admin-source/current/NetClientFrom/浮生录配置窗口.cs","60"
"admin","NetClientFrom.浮生录配置窗口","textBox3","TextBox","","admin-source/current/NetClientFrom/浮生录配置窗口.cs","62"
"admin","NetClientFrom.浮生录配置窗口","浮生录_数值10连抽开关","CheckBox","","admin-source/current/NetClientFrom/浮生录配置窗口.cs","64"
"admin","NetClientFrom.浮生录配置窗口","浮生录_数值抽取开关","CheckBox","","admin-source/current/NetClientFrom/浮生录配置窗口.cs","66"
"admin","NetClientFrom.浮生录配置窗口","浮生录_消耗类型","ComboBox","","admin-source/current/NetClientFrom/浮生录配置窗口.cs","68"
"admin","NetClientFrom.浮生录配置窗口","textBox2","TextBox","","admin-source/current/NetClientFrom/浮生录配置窗口.cs","70"
"admin","NetClientFrom.浮生录配置窗口","浮生录_特效道具","TextBox","","admin-source/current/NetClientFrom/浮生录配置窗口.cs","72"
"admin","NetClientFrom.浮生录配置窗口","浮生录_一星几率","NumericUpDown","","admin-source/current/NetClientFrom/浮生录配置窗口.cs","74"
"admin","NetClientFrom.浮生录配置窗口","textBox5","TextBox","","admin-source/current/NetClientFrom/浮生录配置窗口.cs","76"
"admin","NetClientFrom.浮生录配置窗口","浮生录_二星几率","NumericUpDown","","admin-source/current/NetClientFrom/浮生录配置窗口.cs","78"
"admin","NetClientFrom.浮生录配置窗口","textBox6","TextBox","","admin-source/current/NetClientFrom/浮生录配置窗口.cs","80"
"admin","NetClientFrom.浮生录配置窗口","浮生录_三星几率","NumericUpDown","","admin-source/current/NetClientFrom/浮生录配置窗口.cs","82"
"admin","NetClientFrom.浮生录配置窗口","textBox7","TextBox","","admin-source/current/NetClientFrom/浮生录配置窗口.cs","84"
"admin","NetClientFrom.浮生录配置窗口","浮生录_四星几率","NumericUpDown","","admin-source/current/NetClientFrom/浮生录配置窗口.cs","86"
"admin","NetClientFrom.浮生录配置窗口","textBox8","TextBox","","admin-source/current/NetClientFrom/浮生录配置窗口.cs","88"
"admin","NetClientFrom.浮生录配置窗口","浮生录_五星几率","NumericUpDown","","admin-source/current/NetClientFrom/浮生录配置窗口.cs","90"
"admin","NetClientFrom.浮生录配置窗口","textBox9","TextBox","","admin-source/current/NetClientFrom/浮生录配置窗口.cs","92"
"admin","NetClientFrom.浮生录配置窗口","浮生录_乱世书属性","ComboBox","","admin-source/current/NetClientFrom/浮生录配置窗口.cs","94"
"admin","NetClientFrom.浮生录配置窗口","textBox10","TextBox","","admin-source/current/NetClientFrom/浮生录配置窗口.cs","96"
"admin","NetClientFrom.浮生录配置窗口","浮生录_乱世书数值","NumericUpDown","","admin-source/current/NetClientFrom/浮生录配置窗口.cs","98"
"admin","NetClientFrom.浮生录配置窗口","浮生录_千钧卷数值","NumericUpDown","","admin-source/current/NetClientFrom/浮生录配置窗口.cs","100"
"admin","NetClientFrom.浮生录配置窗口","浮生录_千钧卷属性","ComboBox","","admin-source/current/NetClientFrom/浮生录配置窗口.cs","102"
"admin","NetClientFrom.浮生录配置窗口","textBox12","TextBox","","admin-source/current/NetClientFrom/浮生录配置窗口.cs","104"
"admin","NetClientFrom.浮生录配置窗口","浮生录_灵虚卷数值","NumericUpDown","","admin-source/current/NetClientFrom/浮生录配置窗口.cs","106"
"admin","NetClientFrom.浮生录配置窗口","浮生录_灵虚卷属性","ComboBox","","admin-source/current/NetClientFrom/浮生录配置窗口.cs","108"
"admin","NetClientFrom.浮生录配置窗口","textBox13","TextBox","","admin-source/current/NetClientFrom/浮生录配置窗口.cs","110"
"admin","NetClientFrom.浮生录配置窗口","浮生录_御元卷数值","NumericUpDown","","admin-source/current/NetClientFrom/浮生录配置窗口.cs","112"
"admin","NetClientFrom.浮生录配置窗口","浮生录_御元卷属性","ComboBox","","admin-source/current/NetClientFrom/浮生录配置窗口.cs","114"
"admin","NetClientFrom.浮生录配置窗口","textBox14","TextBox","","admin-source/current/NetClientFrom/浮生录配置窗口.cs","116"
"admin","NetClientFrom.浮生录配置窗口","浮生录_乘风卷数值","NumericUpDown","","admin-source/current/NetClientFrom/浮生录配置窗口.cs","118"
"admin","NetClientFrom.浮生录配置窗口","浮生录_乘风卷属性","ComboBox","","admin-source/current/NetClientFrom/浮生录配置窗口.cs","120"
"admin","NetClientFrom.浮生录配置窗口","textBox15","TextBox","","admin-source/current/NetClientFrom/浮生录配置窗口.cs","122"
"admin","NetClientFrom.浮生录配置窗口","浮生录_化身列表","DataGridView","","admin-source/current/NetClientFrom/浮生录配置窗口.cs","124"
"admin","NetClientFrom.浮生录配置窗口","textBox16","TextBox","","admin-source/current/NetClientFrom/浮生录配置窗口.cs","126"
"admin","NetClientFrom.浮生录配置窗口","浮生录_添加化身名字","TextBox","","admin-source/current/NetClientFrom/浮生录配置窗口.cs","128"
"admin","NetClientFrom.浮生录配置窗口","浮生录_添加化身分类","ComboBox","","admin-source/current/NetClientFrom/浮生录配置窗口.cs","130"
"admin","NetClientFrom.浮生录配置窗口","浮生录_添加化身星级","ComboBox","","admin-source/current/NetClientFrom/浮生录配置窗口.cs","132"
"admin","NetClientFrom.浮生录配置窗口","textBox18","TextBox","","admin-source/current/NetClientFrom/浮生录配置窗口.cs","134"
"admin","NetClientFrom.浮生录配置窗口","浮生录_添加化身碎化","NumericUpDown","","admin-source/current/NetClientFrom/浮生录配置窗口.cs","136"
"admin","NetClientFrom.浮生录配置窗口","textBox19","TextBox","","admin-source/current/NetClientFrom/浮生录配置窗口.cs","138"
"admin","NetClientFrom.浮生录配置窗口","textBox20","TextBox","","admin-source/current/NetClientFrom/浮生录配置窗口.cs","140"
"admin","NetClientFrom.浮生录配置窗口","浮生录_添加化身按钮","Button","","admin-source/current/NetClientFrom/浮生录配置窗口.cs","142"
"admin","NetClientFrom.浮生录配置窗口","groupBox2","GroupBox","","admin-source/current/NetClientFrom/浮生录配置窗口.cs","144"
"admin","NetClientFrom.浮生录配置窗口","label17","Label","","admin-source/current/NetClientFrom/浮生录配置窗口.cs","146"
"admin","NetClientFrom.浮生录配置窗口","label1","Label","","admin-source/current/NetClientFrom/浮生录配置窗口.cs","148"
"admin","NetClientFrom.浮生录配置窗口","textBox4","TextBox","","admin-source/current/NetClientFrom/浮生录配置窗口.cs","150"
"admin","NetClientFrom.浮生录配置窗口","textBox22","TextBox","","admin-source/current/NetClientFrom/浮生录配置窗口.cs","152"
"admin","NetClientFrom.浮生录配置窗口","textBox24","TextBox","","admin-source/current/NetClientFrom/浮生录配置窗口.cs","154"
"admin","NetClientFrom.浮生录配置窗口","textBox26","TextBox","","admin-source/current/NetClientFrom/浮生录配置窗口.cs","156"
"admin","NetClientFrom.浮生录配置窗口","textBox28","TextBox","","admin-source/current/NetClientFrom/浮生录配置窗口.cs","158"
"admin","NetClientFrom.浮生录配置窗口","化身名字","DataGridViewTextBoxColumn","","admin-source/current/NetClientFrom/浮生录配置窗口.cs","160"
"admin","NetClientFrom.浮生录配置窗口","化身分类","DataGridViewComboBoxColumn","","admin-source/current/NetClientFrom/浮生录配置窗口.cs","162"
"admin","NetClientFrom.浮生录配置窗口","化身星级","DataGridViewComboBoxColumn","","admin-source/current/NetClientFrom/浮生录配置窗口.cs","164"
"admin","NetClientFrom.浮生录配置窗口","碎化数量","DataGridViewTextBoxColumn","","admin-source/current/NetClientFrom/浮生录配置窗口.cs","166"
"admin","NetClientFrom.浮生录配置窗口","I","浮生录配置窗口","","admin-source/current/NetClientFrom/浮生录配置窗口.cs","168"
"admin","NetClientFrom.特权会员配置窗口","i","特权会员配置窗口","","admin-source/current/NetClientFrom/特权会员配置窗口.cs","11"
"admin","NetClientFrom.特权会员配置窗口","components","IContainer","","admin-source/current/NetClientFrom/特权会员配置窗口.cs","13"
"admin","NetClientFrom.特权会员配置窗口","特权会员_开关","CheckBox","","admin-source/current/NetClientFrom/特权会员配置窗口.cs","15"
"admin","NetClientFrom.特权会员配置窗口","特权会员_重载按钮","Button","","admin-source/current/NetClientFrom/特权会员配置窗口.cs","17"
"admin","NetClientFrom.特权会员配置窗口","特权会员_保存按钮","Button","","admin-source/current/NetClientFrom/特权会员配置窗口.cs","19"
"admin","NetClientFrom.特权会员配置窗口","groupBox1","GroupBox","","admin-source/current/NetClientFrom/特权会员配置窗口.cs","21"
"admin","NetClientFrom.特权会员配置窗口","特权会员_形象","NumericUpDown","","admin-source/current/NetClientFrom/特权会员配置窗口.cs","23"
"admin","NetClientFrom.特权会员配置窗口","label9","Label","","admin-source/current/NetClientFrom/特权会员配置窗口.cs","25"
"admin","NetClientFrom.特权会员配置窗口","特权会员_朝向","ComboBox","","admin-source/current/NetClientFrom/特权会员配置窗口.cs","27"
"admin","NetClientFrom.特权会员配置窗口","label8","Label","","admin-source/current/NetClientFrom/特权会员配置窗口.cs","29"
"admin","NetClientFrom.特权会员配置窗口","特权会员_坐标Y","NumericUpDown","","admin-source/current/NetClientFrom/特权会员配置窗口.cs","31"
"admin","NetClientFrom.特权会员配置窗口","特权会员_坐标X","NumericUpDown","","admin-source/current/NetClientFrom/特权会员配置窗口.cs","33"
"admin","NetClientFrom.特权会员配置窗口","label7","Label","","admin-source/current/NetClientFrom/特权会员配置窗口.cs","35"
"admin","NetClientFrom.特权会员配置窗口","label5","Label","","admin-source/current/NetClientFrom/特权会员配置窗口.cs","37"
"admin","NetClientFrom.特权会员配置窗口","特权会员_npc称号","TextBox","","admin-source/current/NetClientFrom/特权会员配置窗口.cs","39"
"admin","NetClientFrom.特权会员配置窗口","label4","Label","","admin-source/current/NetClientFrom/特权会员配置窗口.cs","41"
"admin","NetClientFrom.特权会员配置窗口","特权会员_npc名字","TextBox","","admin-source/current/NetClientFrom/特权会员配置窗口.cs","43"
"admin","NetClientFrom.特权会员配置窗口","groupBox2","GroupBox","","admin-source/current/NetClientFrom/特权会员配置窗口.cs","45"
"admin","NetClientFrom.特权会员配置窗口","label2","Label","","admin-source/current/NetClientFrom/特权会员配置窗口.cs","47"
"admin","NetClientFrom.特权会员配置窗口","label3","Label","","admin-source/current/NetClientFrom/特权会员配置窗口.cs","49"
"admin","NetClientFrom.特权会员配置窗口","特权会员_会员地图","TextBox","","admin-source/current/NetClientFrom/特权会员配置窗口.cs","51"
"admin","NetClientFrom.特权会员配置窗口","特权会员_每周分红","NumericUpDown","","admin-source/current/NetClientFrom/特权会员配置窗口.cs","53"
"admin","NetClientFrom.特权会员配置窗口","label6","Label","","admin-source/current/NetClientFrom/特权会员配置窗口.cs","55"
"admin","NetClientFrom.特权会员配置窗口","特权会员_每日福利","TextBox","","admin-source/current/NetClientFrom/特权会员配置窗口.cs","57"
"admin","NetClientFrom.特权会员配置窗口","label10","Label","","admin-source/current/NetClientFrom/特权会员配置窗口.cs","59"
"admin","NetClientFrom.特权会员配置窗口","特权会员_指定称号","TextBox","","admin-source/current/NetClientFrom/特权会员配置窗口.cs","61"
"admin","NetClientFrom.特权会员配置窗口","label12","Label","","admin-source/current/NetClientFrom/特权会员配置窗口.cs","63"
"admin","NetClientFrom.特权会员配置窗口","label11","Label","","admin-source/current/NetClientFrom/特权会员配置窗口.cs","65"
"admin","NetClientFrom.特权会员配置窗口","特权会员_分红比例","NumericUpDown","","admin-source/current/NetClientFrom/特权会员配置窗口.cs","67"
"admin","NetClientFrom.特权会员配置窗口","label1","Label","","admin-source/current/NetClientFrom/特权会员配置窗口.cs","69"
"admin","NetClientFrom.特权会员配置窗口","I","特权会员配置窗口","","admin-source/current/NetClientFrom/特权会员配置窗口.cs","71"
"admin","NetClientFrom.百炼合成配置窗口","i","百炼合成配置窗口","","admin-source/current/NetClientFrom/百炼合成配置窗口.cs","11"
"admin","NetClientFrom.百炼合成配置窗口","components","IContainer","","admin-source/current/NetClientFrom/百炼合成配置窗口.cs","13"
"admin","NetClientFrom.百炼合成配置窗口","groupBox1","GroupBox","","admin-source/current/NetClientFrom/百炼合成配置窗口.cs","15"
"admin","NetClientFrom.百炼合成配置窗口","label1","Label","","admin-source/current/NetClientFrom/百炼合成配置窗口.cs","17"
"admin","NetClientFrom.百炼合成配置窗口","百炼_npc对话","TextBox","","admin-source/current/NetClientFrom/百炼合成配置窗口.cs","19"
"admin","NetClientFrom.百炼合成配置窗口","百炼_形象","NumericUpDown","","admin-source/current/NetClientFrom/百炼合成配置窗口.cs","21"
"admin","NetClientFrom.百炼合成配置窗口","label9","Label","","admin-source/current/NetClientFrom/百炼合成配置窗口.cs","23"
"admin","NetClientFrom.百炼合成配置窗口","百炼_朝向","ComboBox","","admin-source/current/NetClientFrom/百炼合成配置窗口.cs","25"
"admin","NetClientFrom.百炼合成配置窗口","label8","Label","","admin-source/current/NetClientFrom/百炼合成配置窗口.cs","27"
"admin","NetClientFrom.百炼合成配置窗口","百炼_坐标Y","NumericUpDown","","admin-source/current/NetClientFrom/百炼合成配置窗口.cs","29"
"admin","NetClientFrom.百炼合成配置窗口","百炼_坐标X","NumericUpDown","","admin-source/current/NetClientFrom/百炼合成配置窗口.cs","31"
"admin","NetClientFrom.百炼合成配置窗口","label7","Label","","admin-source/current/NetClientFrom/百炼合成配置窗口.cs","33"
"admin","NetClientFrom.百炼合成配置窗口","label5","Label","","admin-source/current/NetClientFrom/百炼合成配置窗口.cs","35"
"admin","NetClientFrom.百炼合成配置窗口","百炼_npc称号","TextBox","","admin-source/current/NetClientFrom/百炼合成配置窗口.cs","37"
"admin","NetClientFrom.百炼合成配置窗口","label4","Label","","admin-source/current/NetClientFrom/百炼合成配置窗口.cs","39"
"admin","NetClientFrom.百炼合成配置窗口","百炼_npc名字","TextBox","","admin-source/current/NetClientFrom/百炼合成配置窗口.cs","41"
"admin","NetClientFrom.百炼合成配置窗口","百炼_开关","CheckBox","","admin-source/current/NetClientFrom/百炼合成配置窗口.cs","43"
"admin","NetClientFrom.百炼合成配置窗口","百炼_重载按钮","Button","","admin-source/current/NetClientFrom/百炼合成配置窗口.cs","45"
"admin","NetClientFrom.百炼合成配置窗口","百炼_保存按钮","Button","","admin-source/current/NetClientFrom/百炼合成配置窗口.cs","47"
"admin","NetClientFrom.百炼合成配置窗口","textBox11","TextBox","","admin-source/current/NetClientFrom/百炼合成配置窗口.cs","49"
"admin","NetClientFrom.百炼合成配置窗口","百炼_合成几率","NumericUpDown","","admin-source/current/NetClientFrom/百炼合成配置窗口.cs","51"
"admin","NetClientFrom.百炼合成配置窗口","百炼_合成数量","NumericUpDown","","admin-source/current/NetClientFrom/百炼合成配置窗口.cs","53"
"admin","NetClientFrom.百炼合成配置窗口","textBox3","TextBox","","admin-source/current/NetClientFrom/百炼合成配置窗口.cs","55"
"admin","NetClientFrom.百炼合成配置窗口","百炼_配方材料1数量","NumericUpDown","","admin-source/current/NetClientFrom/百炼合成配置窗口.cs","57"
"admin","NetClientFrom.百炼合成配置窗口","百炼_提交格子数量","ComboBox","","admin-source/current/NetClientFrom/百炼合成配置窗口.cs","59"
"admin","NetClientFrom.百炼合成配置窗口","textBox2","TextBox","","admin-source/current/NetClientFrom/百炼合成配置窗口.cs","61"
"admin","NetClientFrom.百炼合成配置窗口","百炼_道具名字","TextBox","","admin-source/current/NetClientFrom/百炼合成配置窗口.cs","63"
"admin","NetClientFrom.百炼合成配置窗口","地狱道_名字","TextBox","","admin-source/current/NetClientFrom/百炼合成配置窗口.cs","65"
"admin","NetClientFrom.百炼合成配置窗口","百炼_配方材料1","TextBox","","admin-source/current/NetClientFrom/百炼合成配置窗口.cs","67"
"admin","NetClientFrom.百炼合成配置窗口","textBox10","TextBox","","admin-source/current/NetClientFrom/百炼合成配置窗口.cs","69"
"admin","NetClientFrom.百炼合成配置窗口","textBox36","TextBox","","admin-source/current/NetClientFrom/百炼合成配置窗口.cs","71"
"admin","NetClientFrom.百炼合成配置窗口","百炼_配方材料10","TextBox","","admin-source/current/NetClientFrom/百炼合成配置窗口.cs","73"
"admin","NetClientFrom.百炼合成配置窗口","textBox38","TextBox","","admin-source/current/NetClientFrom/百炼合成配置窗口.cs","75"
"admin","NetClientFrom.百炼合成配置窗口","百炼_配方材料10数量","NumericUpDown","","admin-source/current/NetClientFrom/百炼合成配置窗口.cs","77"
"admin","NetClientFrom.百炼合成配置窗口","textBox39","TextBox","","admin-source/current/NetClientFrom/百炼合成配置窗口.cs","79"
"admin","NetClientFrom.百炼合成配置窗口","百炼_配方材料5","TextBox","","admin-source/current/NetClientFrom/百炼合成配置窗口.cs","81"
"admin","NetClientFrom.百炼合成配置窗口","textBox41","TextBox","","admin-source/current/NetClientFrom/百炼合成配置窗口.cs","83"
"admin","NetClientFrom.百炼合成配置窗口","百炼_配方材料5数量","NumericUpDown","","admin-source/current/NetClientFrom/百炼合成配置窗口.cs","85"
"admin","NetClientFrom.百炼合成配置窗口","textBox30","TextBox","","admin-source/current/NetClientFrom/百炼合成配置窗口.cs","87"
"admin","NetClientFrom.百炼合成配置窗口","百炼_配方材料9","TextBox","","admin-source/current/NetClientFrom/百炼合成配置窗口.cs","89"
"admin","NetClientFrom.百炼合成配置窗口","textBox32","TextBox","","admin-source/current/NetClientFrom/百炼合成配置窗口.cs","91"
"admin","NetClientFrom.百炼合成配置窗口","百炼_配方材料9数量","NumericUpDown","","admin-source/current/NetClientFrom/百炼合成配置窗口.cs","93"
"admin","NetClientFrom.百炼合成配置窗口","textBox33","TextBox","","admin-source/current/NetClientFrom/百炼合成配置窗口.cs","95"
"admin","NetClientFrom.百炼合成配置窗口","百炼_配方材料4","TextBox","","admin-source/current/NetClientFrom/百炼合成配置窗口.cs","97"
"admin","NetClientFrom.百炼合成配置窗口","textBox35","TextBox","","admin-source/current/NetClientFrom/百炼合成配置窗口.cs","99"
"admin","NetClientFrom.百炼合成配置窗口","百炼_配方材料4数量","NumericUpDown","","admin-source/current/NetClientFrom/百炼合成配置窗口.cs","101"
"admin","NetClientFrom.百炼合成配置窗口","textBox24","TextBox","","admin-source/current/NetClientFrom/百炼合成配置窗口.cs","103"
"admin","NetClientFrom.百炼合成配置窗口","百炼_配方材料8","TextBox","","admin-source/current/NetClientFrom/百炼合成配置窗口.cs","105"
"admin","NetClientFrom.百炼合成配置窗口","textBox26","TextBox","","admin-source/current/NetClientFrom/百炼合成配置窗口.cs","107"
"admin","NetClientFrom.百炼合成配置窗口","百炼_配方材料8数量","NumericUpDown","","admin-source/current/NetClientFrom/百炼合成配置窗口.cs","109"
"admin","NetClientFrom.百炼合成配置窗口","textBox27","TextBox","","admin-source/current/NetClientFrom/百炼合成配置窗口.cs","111"
"admin","NetClientFrom.百炼合成配置窗口","百炼_配方材料3","TextBox","","admin-source/current/NetClientFrom/百炼合成配置窗口.cs","113"
"admin","NetClientFrom.百炼合成配置窗口","textBox29","TextBox","","admin-source/current/NetClientFrom/百炼合成配置窗口.cs","115"
"admin","NetClientFrom.百炼合成配置窗口","百炼_配方材料3数量","NumericUpDown","","admin-source/current/NetClientFrom/百炼合成配置窗口.cs","117"
"admin","NetClientFrom.百炼合成配置窗口","textBox18","TextBox","","admin-source/current/NetClientFrom/百炼合成配置窗口.cs","119"
"admin","NetClientFrom.百炼合成配置窗口","百炼_配方材料7","TextBox","","admin-source/current/NetClientFrom/百炼合成配置窗口.cs","121"
"admin","NetClientFrom.百炼合成配置窗口","textBox20","TextBox","","admin-source/current/NetClientFrom/百炼合成配置窗口.cs","123"
"admin","NetClientFrom.百炼合成配置窗口","百炼_配方材料7数量","NumericUpDown","","admin-source/current/NetClientFrom/百炼合成配置窗口.cs","125"
"admin","NetClientFrom.百炼合成配置窗口","textBox21","TextBox","","admin-source/current/NetClientFrom/百炼合成配置窗口.cs","127"
"admin","NetClientFrom.百炼合成配置窗口","百炼_配方材料2","TextBox","","admin-source/current/NetClientFrom/百炼合成配置窗口.cs","129"
"admin","NetClientFrom.百炼合成配置窗口","textBox23","TextBox","","admin-source/current/NetClientFrom/百炼合成配置窗口.cs","131"
"admin","NetClientFrom.百炼合成配置窗口","百炼_配方材料2数量","NumericUpDown","","admin-source/current/NetClientFrom/百炼合成配置窗口.cs","133"
"admin","NetClientFrom.百炼合成配置窗口","textBox15","TextBox","","admin-source/current/NetClientFrom/百炼合成配置窗口.cs","135"
"admin","NetClientFrom.百炼合成配置窗口","百炼_配方材料6","TextBox","","admin-source/current/NetClientFrom/百炼合成配置窗口.cs","137"
"admin","NetClientFrom.百炼合成配置窗口","textBox17","TextBox","","admin-source/current/NetClientFrom/百炼合成配置窗口.cs","139"
"admin","NetClientFrom.百炼合成配置窗口","百炼_配方材料6数量","NumericUpDown","","admin-source/current/NetClientFrom/百炼合成配置窗口.cs","141"
"admin","NetClientFrom.百炼合成配置窗口","textBox14","TextBox","","admin-source/current/NetClientFrom/百炼合成配置窗口.cs","143"
"admin","NetClientFrom.百炼合成配置窗口","百炼_合成列表","DataGridView","","admin-source/current/NetClientFrom/百炼合成配置窗口.cs","145"
"admin","NetClientFrom.百炼合成配置窗口","百炼_打开新增按钮","Button","","admin-source/current/NetClientFrom/百炼合成配置窗口.cs","147"
"admin","NetClientFrom.百炼合成配置窗口","修改窗口","Panel","","admin-source/current/NetClientFrom/百炼合成配置窗口.cs","149"
"admin","NetClientFrom.百炼合成配置窗口","修改_取消按钮","Button","","admin-source/current/NetClientFrom/百炼合成配置窗口.cs","151"
"admin","NetClientFrom.百炼合成配置窗口","修改_确定按钮","Button","","admin-source/current/NetClientFrom/百炼合成配置窗口.cs","153"
"admin","NetClientFrom.百炼合成配置窗口","label3","Label","","admin-source/current/NetClientFrom/百炼合成配置窗口.cs","155"
"admin","NetClientFrom.百炼合成配置窗口","textBox1","TextBox","","admin-source/current/NetClientFrom/百炼合成配置窗口.cs","157"
"admin","NetClientFrom.百炼合成配置窗口","百炼_对话文本","TextBox","","admin-source/current/NetClientFrom/百炼合成配置窗口.cs","159"
"admin","NetClientFrom.百炼合成配置窗口","textBox4","TextBox","","admin-source/current/NetClientFrom/百炼合成配置窗口.cs","161"
"admin","NetClientFrom.百炼合成配置窗口","百炼_权重值","NumericUpDown","","admin-source/current/NetClientFrom/百炼合成配置窗口.cs","163"
"admin","NetClientFrom.百炼合成配置窗口","label2","Label","","admin-source/current/NetClientFrom/百炼合成配置窗口.cs","165"
"admin","NetClientFrom.百炼合成配置窗口","权重值","DataGridViewTextBoxColumn","","admin-source/current/NetClientFrom/百炼合成配置窗口.cs","167"
"admin","NetClientFrom.百炼合成配置窗口","道具名字","DataGridViewTextBoxColumn","","admin-source/current/NetClientFrom/百炼合成配置窗口.cs","169"
"admin","NetClientFrom.百炼合成配置窗口","合成数量","DataGridViewTextBoxColumn","","admin-source/current/NetClientFrom/百炼合成配置窗口.cs","171"
"admin","NetClientFrom.百炼合成配置窗口","几率","DataGridViewTextBoxColumn","","admin-source/current/NetClientFrom/百炼合成配置窗口.cs","173"
"admin","NetClientFrom.百炼合成配置窗口","格子","DataGridViewTextBoxColumn","","admin-source/current/NetClientFrom/百炼合成配置窗口.cs","175"
"admin","NetClientFrom.百炼合成配置窗口","合成配方材料","DataGridViewTextBoxColumn","","admin-source/current/NetClientFrom/百炼合成配置窗口.cs","177"
"admin","NetClientFrom.百炼合成配置窗口","百炼_可叠加","CheckBox","","admin-source/current/NetClientFrom/百炼合成配置窗口.cs","179"
"admin","NetClientFrom.百炼合成配置窗口","I","百炼合成配置窗口","","admin-source/current/NetClientFrom/百炼合成配置窗口.cs","181"
"admin","NetClientFrom.盲盒配置窗口","i","盲盒配置窗口","","admin-source/current/NetClientFrom/盲盒配置窗口.cs","12"
"admin","NetClientFrom.盲盒配置窗口","components","IContainer","","admin-source/current/NetClientFrom/盲盒配置窗口.cs","14"
"admin","NetClientFrom.盲盒配置窗口","盲盒_开关","CheckBox","","admin-source/current/NetClientFrom/盲盒配置窗口.cs","16"
"admin","NetClientFrom.盲盒配置窗口","盲盒_重载按钮","Button","","admin-source/current/NetClientFrom/盲盒配置窗口.cs","18"
"admin","NetClientFrom.盲盒配置窗口","盲盒_保存按钮","Button","","admin-source/current/NetClientFrom/盲盒配置窗口.cs","20"
"admin","NetClientFrom.盲盒配置窗口","盲盒_合成列表","DataGridView","","admin-source/current/NetClientFrom/盲盒配置窗口.cs","22"
"admin","NetClientFrom.盲盒配置窗口","盲盒_配置列表","DataGridView","","admin-source/current/NetClientFrom/盲盒配置窗口.cs","24"
"admin","NetClientFrom.盲盒配置窗口","修改窗口","GroupBox","","admin-source/current/NetClientFrom/盲盒配置窗口.cs","26"
"admin","NetClientFrom.盲盒配置窗口","修改_取消按钮","Button","","admin-source/current/NetClientFrom/盲盒配置窗口.cs","28"
"admin","NetClientFrom.盲盒配置窗口","修改_确定按钮","Button","","admin-source/current/NetClientFrom/盲盒配置窗口.cs","30"
"admin","NetClientFrom.盲盒配置窗口","修改_礼包名字","TextBox","","admin-source/current/NetClientFrom/盲盒配置窗口.cs","32"
"admin","NetClientFrom.盲盒配置窗口","label3","Label","","admin-source/current/NetClientFrom/盲盒配置窗口.cs","34"
"admin","NetClientFrom.盲盒配置窗口","盲盒_添加名字","TextBox","","admin-source/current/NetClientFrom/盲盒配置窗口.cs","36"
"admin","NetClientFrom.盲盒配置窗口","textBox4","TextBox","","admin-source/current/NetClientFrom/盲盒配置窗口.cs","38"
"admin","NetClientFrom.盲盒配置窗口","盲盒_添加按钮","Button","","admin-source/current/NetClientFrom/盲盒配置窗口.cs","40"
"admin","NetClientFrom.盲盒配置窗口","奖励类型","DataGridViewComboBoxColumn","","admin-source/current/NetClientFrom/盲盒配置窗口.cs","42"
"admin","NetClientFrom.盲盒配置窗口","奖励名字","DataGridViewTextBoxColumn","","admin-source/current/NetClientFrom/盲盒配置窗口.cs","44"
"admin","NetClientFrom.盲盒配置窗口","获得几率","DataGridViewTextBoxColumn","","admin-source/current/NetClientFrom/盲盒配置窗口.cs","46"
"admin","NetClientFrom.盲盒配置窗口","最低数量","DataGridViewTextBoxColumn","","admin-source/current/NetClientFrom/盲盒配置窗口.cs","48"
"admin","NetClientFrom.盲盒配置窗口","最高数量","DataGridViewTextBoxColumn","","admin-source/current/NetClientFrom/盲盒配置窗口.cs","50"
"admin","NetClientFrom.盲盒配置窗口","label1","Label","","admin-source/current/NetClientFrom/盲盒配置窗口.cs","52"
"admin","NetClientFrom.盲盒配置窗口","label2","Label","","admin-source/current/NetClientFrom/盲盒配置窗口.cs","54"
"admin","NetClientFrom.盲盒配置窗口","修改_多奖励开关","CheckBox","","admin-source/current/NetClientFrom/盲盒配置窗口.cs","56"
"admin","NetClientFrom.盲盒配置窗口","盲盒名字","DataGridViewTextBoxColumn","","admin-source/current/NetClientFrom/盲盒配置窗口.cs","58"
"admin","NetClientFrom.盲盒配置窗口","多奖励开关","DataGridViewTextBoxColumn","","admin-source/current/NetClientFrom/盲盒配置窗口.cs","60"
"admin","NetClientFrom.盲盒配置窗口","盲盒内容","DataGridViewTextBoxColumn","","admin-source/current/NetClientFrom/盲盒配置窗口.cs","62"
"admin","NetClientFrom.盲盒配置窗口","I","盲盒配置窗口","","admin-source/current/NetClientFrom/盲盒配置窗口.cs","64"
"admin","NetClientFrom.礼包开元宝配置窗口","i","礼包开元宝配置窗口","","admin-source/current/NetClientFrom/礼包开元宝配置窗口.cs","12"
"admin","NetClientFrom.礼包开元宝配置窗口","components","IContainer","","admin-source/current/NetClientFrom/礼包开元宝配置窗口.cs","14"
"admin","NetClientFrom.礼包开元宝配置窗口","元宝礼包_重载按钮","Button","","admin-source/current/NetClientFrom/礼包开元宝配置窗口.cs","16"
"admin","NetClientFrom.礼包开元宝配置窗口","元宝礼包_保存按钮","Button","","admin-source/current/NetClientFrom/礼包开元宝配置窗口.cs","18"
"admin","NetClientFrom.礼包开元宝配置窗口","元宝礼包_开关","CheckBox","","admin-source/current/NetClientFrom/礼包开元宝配置窗口.cs","20"
"admin","NetClientFrom.礼包开元宝配置窗口","label7","Label","","admin-source/current/NetClientFrom/礼包开元宝配置窗口.cs","22"
"admin","NetClientFrom.礼包开元宝配置窗口","label8","Label","","admin-source/current/NetClientFrom/礼包开元宝配置窗口.cs","24"
"admin","NetClientFrom.礼包开元宝配置窗口","元宝礼包_金元宝","NumericUpDown","","admin-source/current/NetClientFrom/礼包开元宝配置窗口.cs","26"
"admin","NetClientFrom.礼包开元宝配置窗口","元宝礼包_礼包名字","TextBox","","admin-source/current/NetClientFrom/礼包开元宝配置窗口.cs","28"
"admin","NetClientFrom.礼包开元宝配置窗口","label1","Label","","admin-source/current/NetClientFrom/礼包开元宝配置窗口.cs","30"
"admin","NetClientFrom.礼包开元宝配置窗口","元宝礼包_银元宝","NumericUpDown","","admin-source/current/NetClientFrom/礼包开元宝配置窗口.cs","32"
"admin","NetClientFrom.礼包开元宝配置窗口","元宝礼包_礼包列表","DataGridView","","admin-source/current/NetClientFrom/礼包开元宝配置窗口.cs","34"
"admin","NetClientFrom.礼包开元宝配置窗口","元宝礼包_添加按钮","Button","","admin-source/current/NetClientFrom/礼包开元宝配置窗口.cs","36"
"admin","NetClientFrom.礼包开元宝配置窗口","修改窗口","Panel","","admin-source/current/NetClientFrom/礼包开元宝配置窗口.cs","38"
"admin","NetClientFrom.礼包开元宝配置窗口","label2","Label","","admin-source/current/NetClientFrom/礼包开元宝配置窗口.cs","40"
"admin","NetClientFrom.礼包开元宝配置窗口","修改_银元宝","NumericUpDown","","admin-source/current/NetClientFrom/礼包开元宝配置窗口.cs","42"
"admin","NetClientFrom.礼包开元宝配置窗口","label3","Label","","admin-source/current/NetClientFrom/礼包开元宝配置窗口.cs","44"
"admin","NetClientFrom.礼包开元宝配置窗口","label4","Label","","admin-source/current/NetClientFrom/礼包开元宝配置窗口.cs","46"
"admin","NetClientFrom.礼包开元宝配置窗口","修改_金元宝","NumericUpDown","","admin-source/current/NetClientFrom/礼包开元宝配置窗口.cs","48"
"admin","NetClientFrom.礼包开元宝配置窗口","修改_名字","TextBox","","admin-source/current/NetClientFrom/礼包开元宝配置窗口.cs","50"
"admin","NetClientFrom.礼包开元宝配置窗口","修改_取消按钮","Button","","admin-source/current/NetClientFrom/礼包开元宝配置窗口.cs","52"
"admin","NetClientFrom.礼包开元宝配置窗口","修改_确定按钮","Button","","admin-source/current/NetClientFrom/礼包开元宝配置窗口.cs","54"
"admin","NetClientFrom.礼包开元宝配置窗口","label9","Label","","admin-source/current/NetClientFrom/礼包开元宝配置窗口.cs","56"
"admin","NetClientFrom.礼包开元宝配置窗口","修改_奇宝点","NumericUpDown","","admin-source/current/NetClientFrom/礼包开元宝配置窗口.cs","58"
"admin","NetClientFrom.礼包开元宝配置窗口","label6","Label","","admin-source/current/NetClientFrom/礼包开元宝配置窗口.cs","60"
"admin","NetClientFrom.礼包开元宝配置窗口","修改_南极点","NumericUpDown","","admin-source/current/NetClientFrom/礼包开元宝配置窗口.cs","62"
"admin","NetClientFrom.礼包开元宝配置窗口","label5","Label","","admin-source/current/NetClientFrom/礼包开元宝配置窗口.cs","64"
"admin","NetClientFrom.礼包开元宝配置窗口","修改_累充点","NumericUpDown","","admin-source/current/NetClientFrom/礼包开元宝配置窗口.cs","66"
"admin","NetClientFrom.礼包开元宝配置窗口","label10","Label","","admin-source/current/NetClientFrom/礼包开元宝配置窗口.cs","68"
"admin","NetClientFrom.礼包开元宝配置窗口","元宝礼包_南极点","NumericUpDown","","admin-source/current/NetClientFrom/礼包开元宝配置窗口.cs","70"
"admin","NetClientFrom.礼包开元宝配置窗口","label11","Label","","admin-source/current/NetClientFrom/礼包开元宝配置窗口.cs","72"
"admin","NetClientFrom.礼包开元宝配置窗口","元宝礼包_累充点","NumericUpDown","","admin-source/current/NetClientFrom/礼包开元宝配置窗口.cs","74"
"admin","NetClientFrom.礼包开元宝配置窗口","label12","Label","","admin-source/current/NetClientFrom/礼包开元宝配置窗口.cs","76"
"admin","NetClientFrom.礼包开元宝配置窗口","元宝礼包_奇宝点","NumericUpDown","","admin-source/current/NetClientFrom/礼包开元宝配置窗口.cs","78"
"admin","NetClientFrom.礼包开元宝配置窗口","label13","Label","","admin-source/current/NetClientFrom/礼包开元宝配置窗口.cs","80"
"admin","NetClientFrom.礼包开元宝配置窗口","修改_灵气值","NumericUpDown","","admin-source/current/NetClientFrom/礼包开元宝配置窗口.cs","82"
"admin","NetClientFrom.礼包开元宝配置窗口","礼包名字","DataGridViewTextBoxColumn","","admin-source/current/NetClientFrom/礼包开元宝配置窗口.cs","84"
"admin","NetClientFrom.礼包开元宝配置窗口","金元宝","DataGridViewTextBoxColumn","","admin-source/current/NetClientFrom/礼包开元宝配置窗口.cs","86"
"admin","NetClientFrom.礼包开元宝配置窗口","银元宝","DataGridViewTextBoxColumn","","admin-source/current/NetClientFrom/礼包开元宝配置窗口.cs","88"
"admin","NetClientFrom.礼包开元宝配置窗口","累充点","DataGridViewTextBoxColumn","","admin-source/current/NetClientFrom/礼包开元宝配置窗口.cs","90"
"admin","NetClientFrom.礼包开元宝配置窗口","南极点","DataGridViewTextBoxColumn","","admin-source/current/NetClientFrom/礼包开元宝配置窗口.cs","92"
"admin","NetClientFrom.礼包开元宝配置窗口","奇宝点","DataGridViewTextBoxColumn","","admin-source/current/NetClientFrom/礼包开元宝配置窗口.cs","94"
"admin","NetClientFrom.礼包开元宝配置窗口","Column1","DataGridViewTextBoxColumn","","admin-source/current/NetClientFrom/礼包开元宝配置窗口.cs","96"
"admin","NetClientFrom.礼包开元宝配置窗口","label14","Label","","admin-source/current/NetClientFrom/礼包开元宝配置窗口.cs","98"
"admin","NetClientFrom.礼包开元宝配置窗口","元宝礼包_灵气值","NumericUpDown","","admin-source/current/NetClientFrom/礼包开元宝配置窗口.cs","100"
"admin","NetClientFrom.礼包开元宝配置窗口","I","礼包开元宝配置窗口","","admin-source/current/NetClientFrom/礼包开元宝配置窗口.cs","102"
"admin","NetClientFrom.等级道行限制配置窗口","i","等级道行限制配置窗口","","admin-source/current/NetClientFrom/等级道行限制配置窗口.cs","11"
"admin","NetClientFrom.等级道行限制配置窗口","components","IContainer","","admin-source/current/NetClientFrom/等级道行限制配置窗口.cs","13"
"admin","NetClientFrom.等级道行限制配置窗口","检测_重载按钮","Button","","admin-source/current/NetClientFrom/等级道行限制配置窗口.cs","15"
"admin","NetClientFrom.等级道行限制配置窗口","检测_保存按钮","Button","","admin-source/current/NetClientFrom/等级道行限制配置窗口.cs","17"
"admin","NetClientFrom.等级道行限制配置窗口","检测_最低等级","NumericUpDown","","admin-source/current/NetClientFrom/等级道行限制配置窗口.cs","19"
"admin","NetClientFrom.等级道行限制配置窗口","textBox11","TextBox","","admin-source/current/NetClientFrom/等级道行限制配置窗口.cs","21"
"admin","NetClientFrom.等级道行限制配置窗口","检测_等级开关","CheckBox","","admin-source/current/NetClientFrom/等级道行限制配置窗口.cs","23"
"admin","NetClientFrom.等级道行限制配置窗口","检测_最高等级","NumericUpDown","","admin-source/current/NetClientFrom/等级道行限制配置窗口.cs","25"
"admin","NetClientFrom.等级道行限制配置窗口","textBox1","TextBox","","admin-source/current/NetClientFrom/等级道行限制配置窗口.cs","27"
"admin","NetClientFrom.等级道行限制配置窗口","检测_最高道行","NumericUpDown","","admin-source/current/NetClientFrom/等级道行限制配置窗口.cs","29"
"admin","NetClientFrom.等级道行限制配置窗口","textBox2","TextBox","","admin-source/current/NetClientFrom/等级道行限制配置窗口.cs","31"
"admin","NetClientFrom.等级道行限制配置窗口","检测_最低道行","NumericUpDown","","admin-source/current/NetClientFrom/等级道行限制配置窗口.cs","33"
"admin","NetClientFrom.等级道行限制配置窗口","textBox3","TextBox","","admin-source/current/NetClientFrom/等级道行限制配置窗口.cs","35"
"admin","NetClientFrom.等级道行限制配置窗口","检测_道行开关","CheckBox","","admin-source/current/NetClientFrom/等级道行限制配置窗口.cs","37"
"admin","NetClientFrom.等级道行限制配置窗口","label5","Label","","admin-source/current/NetClientFrom/等级道行限制配置窗口.cs","39"
"admin","NetClientFrom.等级道行限制配置窗口","I","等级道行限制配置窗口","","admin-source/current/NetClientFrom/等级道行限制配置窗口.cs","41"
"admin","NetClientFrom.签到配置窗口","i","签到配置窗口","","admin-source/current/NetClientFrom/签到配置窗口.cs","11"
"admin","NetClientFrom.签到配置窗口","components","IContainer","","admin-source/current/NetClientFrom/签到配置窗口.cs","13"
"admin","NetClientFrom.签到配置窗口","签到_开关","CheckBox","","admin-source/current/NetClientFrom/签到配置窗口.cs","15"
"admin","NetClientFrom.签到配置窗口","签到_重载按钮","Button","","admin-source/current/NetClientFrom/签到配置窗口.cs","17"
"admin","NetClientFrom.签到配置窗口","签到_保存按钮","Button","","admin-source/current/NetClientFrom/签到配置窗口.cs","19"
"admin","NetClientFrom.签到配置窗口","地狱道_名字","TextBox","","admin-source/current/NetClientFrom/签到配置窗口.cs","21"
"admin","NetClientFrom.签到配置窗口","签到每日_道具","TextBox","","admin-source/current/NetClientFrom/签到配置窗口.cs","23"
"admin","NetClientFrom.签到配置窗口","签到每日_金元宝","NumericUpDown","","admin-source/current/NetClientFrom/签到配置窗口.cs","25"
"admin","NetClientFrom.签到配置窗口","textBox1","TextBox","","admin-source/current/NetClientFrom/签到配置窗口.cs","27"
"admin","NetClientFrom.签到配置窗口","textBox2","TextBox","","admin-source/current/NetClientFrom/签到配置窗口.cs","29"
"admin","NetClientFrom.签到配置窗口","textBox3","TextBox","","admin-source/current/NetClientFrom/签到配置窗口.cs","31"
"admin","NetClientFrom.签到配置窗口","签到每日_银元宝","NumericUpDown","","admin-source/current/NetClientFrom/签到配置窗口.cs","33"
"admin","NetClientFrom.签到配置窗口","textBox4","TextBox","","admin-source/current/NetClientFrom/签到配置窗口.cs","35"
"admin","NetClientFrom.签到配置窗口","签到每日_南极点","NumericUpDown","","admin-source/current/NetClientFrom/签到配置窗口.cs","37"
"admin","NetClientFrom.签到配置窗口","textBox5","TextBox","","admin-source/current/NetClientFrom/签到配置窗口.cs","39"
"admin","NetClientFrom.签到配置窗口","签到每日_累充点","NumericUpDown","","admin-source/current/NetClientFrom/签到配置窗口.cs","41"
"admin","NetClientFrom.签到配置窗口","textBox6","TextBox","","admin-source/current/NetClientFrom/签到配置窗口.cs","43"
"admin","NetClientFrom.签到配置窗口","签到5日_累充点","NumericUpDown","","admin-source/current/NetClientFrom/签到配置窗口.cs","45"
"admin","NetClientFrom.签到配置窗口","textBox7","TextBox","","admin-source/current/NetClientFrom/签到配置窗口.cs","47"
"admin","NetClientFrom.签到配置窗口","签到5日_南极点","NumericUpDown","","admin-source/current/NetClientFrom/签到配置窗口.cs","49"
"admin","NetClientFrom.签到配置窗口","textBox8","TextBox","","admin-source/current/NetClientFrom/签到配置窗口.cs","51"
"admin","NetClientFrom.签到配置窗口","签到5日_银元宝","NumericUpDown","","admin-source/current/NetClientFrom/签到配置窗口.cs","53"
"admin","NetClientFrom.签到配置窗口","textBox9","TextBox","","admin-source/current/NetClientFrom/签到配置窗口.cs","55"
"admin","NetClientFrom.签到配置窗口","textBox10","TextBox","","admin-source/current/NetClientFrom/签到配置窗口.cs","57"
"admin","NetClientFrom.签到配置窗口","textBox11","TextBox","","admin-source/current/NetClientFrom/签到配置窗口.cs","59"
"admin","NetClientFrom.签到配置窗口","签到5日_道具","TextBox","","admin-source/current/NetClientFrom/签到配置窗口.cs","61"
"admin","NetClientFrom.签到配置窗口","签到5日_金元宝","NumericUpDown","","admin-source/current/NetClientFrom/签到配置窗口.cs","63"
"admin","NetClientFrom.签到配置窗口","textBox13","TextBox","","admin-source/current/NetClientFrom/签到配置窗口.cs","65"
"admin","NetClientFrom.签到配置窗口","签到10日_累充点","NumericUpDown","","admin-source/current/NetClientFrom/签到配置窗口.cs","67"
"admin","NetClientFrom.签到配置窗口","textBox14","TextBox","","admin-source/current/NetClientFrom/签到配置窗口.cs","69"
"admin","NetClientFrom.签到配置窗口","签到10日_南极点","NumericUpDown","","admin-source/current/NetClientFrom/签到配置窗口.cs","71"
"admin","NetClientFrom.签到配置窗口","textBox15","TextBox","","admin-source/current/NetClientFrom/签到配置窗口.cs","73"
"admin","NetClientFrom.签到配置窗口","签到10日_银元宝","NumericUpDown","","admin-source/current/NetClientFrom/签到配置窗口.cs","75"
"admin","NetClientFrom.签到配置窗口","textBox16","TextBox","","admin-source/current/NetClientFrom/签到配置窗口.cs","77"
"admin","NetClientFrom.签到配置窗口","textBox17","TextBox","","admin-source/current/NetClientFrom/签到配置窗口.cs","79"
"admin","NetClientFrom.签到配置窗口","textBox18","TextBox","","admin-source/current/NetClientFrom/签到配置窗口.cs","81"
"admin","NetClientFrom.签到配置窗口","签到10日_道具","TextBox","","admin-source/current/NetClientFrom/签到配置窗口.cs","83"
"admin","NetClientFrom.签到配置窗口","签到10日_金元宝","NumericUpDown","","admin-source/current/NetClientFrom/签到配置窗口.cs","85"
"admin","NetClientFrom.签到配置窗口","textBox20","TextBox","","admin-source/current/NetClientFrom/签到配置窗口.cs","87"
"admin","NetClientFrom.签到配置窗口","签到20日_累充点","NumericUpDown","","admin-source/current/NetClientFrom/签到配置窗口.cs","89"
"admin","NetClientFrom.签到配置窗口","textBox21","TextBox","","admin-source/current/NetClientFrom/签到配置窗口.cs","91"
"admin","NetClientFrom.签到配置窗口","签到20日_南极点","NumericUpDown","","admin-source/current/NetClientFrom/签到配置窗口.cs","93"
"admin","NetClientFrom.签到配置窗口","textBox22","TextBox","","admin-source/current/NetClientFrom/签到配置窗口.cs","95"
"admin","NetClientFrom.签到配置窗口","签到20日_银元宝","NumericUpDown","","admin-source/current/NetClientFrom/签到配置窗口.cs","97"
"admin","NetClientFrom.签到配置窗口","textBox23","TextBox","","admin-source/current/NetClientFrom/签到配置窗口.cs","99"
"admin","NetClientFrom.签到配置窗口","textBox24","TextBox","","admin-source/current/NetClientFrom/签到配置窗口.cs","101"
"admin","NetClientFrom.签到配置窗口","textBox25","TextBox","","admin-source/current/NetClientFrom/签到配置窗口.cs","103"
"admin","NetClientFrom.签到配置窗口","签到20日_道具","TextBox","","admin-source/current/NetClientFrom/签到配置窗口.cs","105"
"admin","NetClientFrom.签到配置窗口","签到20日_金元宝","NumericUpDown","","admin-source/current/NetClientFrom/签到配置窗口.cs","107"
"admin","NetClientFrom.签到配置窗口","textBox27","TextBox","","admin-source/current/NetClientFrom/签到配置窗口.cs","109"
"admin","NetClientFrom.签到配置窗口","签到30日_累充点","NumericUpDown","","admin-source/current/NetClientFrom/签到配置窗口.cs","111"
"admin","NetClientFrom.签到配置窗口","textBox28","TextBox","","admin-source/current/NetClientFrom/签到配置窗口.cs","113"
"admin","NetClientFrom.签到配置窗口","签到30日_南极点","NumericUpDown","","admin-source/current/NetClientFrom/签到配置窗口.cs","115"
"admin","NetClientFrom.签到配置窗口","textBox29","TextBox","","admin-source/current/NetClientFrom/签到配置窗口.cs","117"
"admin","NetClientFrom.签到配置窗口","签到30日_银元宝","NumericUpDown","","admin-source/current/NetClientFrom/签到配置窗口.cs","119"
"admin","NetClientFrom.签到配置窗口","textBox30","TextBox","","admin-source/current/NetClientFrom/签到配置窗口.cs","121"
"admin","NetClientFrom.签到配置窗口","textBox31","TextBox","","admin-source/current/NetClientFrom/签到配置窗口.cs","123"
"admin","NetClientFrom.签到配置窗口","textBox32","TextBox","","admin-source/current/NetClientFrom/签到配置窗口.cs","125"
"admin","NetClientFrom.签到配置窗口","签到30日_道具","TextBox","","admin-source/current/NetClientFrom/签到配置窗口.cs","127"
"admin","NetClientFrom.签到配置窗口","签到30日_金元宝","NumericUpDown","","admin-source/current/NetClientFrom/签到配置窗口.cs","129"
"admin","NetClientFrom.签到配置窗口","textBox34","TextBox","","admin-source/current/NetClientFrom/签到配置窗口.cs","131"
"admin","NetClientFrom.签到配置窗口","签到40日_累充点","NumericUpDown","","admin-source/current/NetClientFrom/签到配置窗口.cs","133"
"admin","NetClientFrom.签到配置窗口","textBox35","TextBox","","admin-source/current/NetClientFrom/签到配置窗口.cs","135"
"admin","NetClientFrom.签到配置窗口","签到40日_南极点","NumericUpDown","","admin-source/current/NetClientFrom/签到配置窗口.cs","137"
"admin","NetClientFrom.签到配置窗口","textBox36","TextBox","","admin-source/current/NetClientFrom/签到配置窗口.cs","139"
"admin","NetClientFrom.签到配置窗口","签到40日_银元宝","NumericUpDown","","admin-source/current/NetClientFrom/签到配置窗口.cs","141"
"admin","NetClientFrom.签到配置窗口","textBox37","TextBox","","admin-source/current/NetClientFrom/签到配置窗口.cs","143"
"admin","NetClientFrom.签到配置窗口","textBox38","TextBox","","admin-source/current/NetClientFrom/签到配置窗口.cs","145"
"admin","NetClientFrom.签到配置窗口","textBox39","TextBox","","admin-source/current/NetClientFrom/签到配置窗口.cs","147"
"admin","NetClientFrom.签到配置窗口","签到40日_道具","TextBox","","admin-source/current/NetClientFrom/签到配置窗口.cs","149"
"admin","NetClientFrom.签到配置窗口","签到40日_金元宝","NumericUpDown","","admin-source/current/NetClientFrom/签到配置窗口.cs","151"
"admin","NetClientFrom.签到配置窗口","textBox41","TextBox","","admin-source/current/NetClientFrom/签到配置窗口.cs","153"
"admin","NetClientFrom.签到配置窗口","签到50日_累充点","NumericUpDown","","admin-source/current/NetClientFrom/签到配置窗口.cs","155"
"admin","NetClientFrom.签到配置窗口","textBox42","TextBox","","admin-source/current/NetClientFrom/签到配置窗口.cs","157"
"admin","NetClientFrom.签到配置窗口","签到50日_南极点","NumericUpDown","","admin-source/current/NetClientFrom/签到配置窗口.cs","159"
"admin","NetClientFrom.签到配置窗口","textBox43","TextBox","","admin-source/current/NetClientFrom/签到配置窗口.cs","161"
"admin","NetClientFrom.签到配置窗口","签到50日_银元宝","NumericUpDown","","admin-source/current/NetClientFrom/签到配置窗口.cs","163"
"admin","NetClientFrom.签到配置窗口","textBox44","TextBox","","admin-source/current/NetClientFrom/签到配置窗口.cs","165"
"admin","NetClientFrom.签到配置窗口","textBox45","TextBox","","admin-source/current/NetClientFrom/签到配置窗口.cs","167"
"admin","NetClientFrom.签到配置窗口","textBox46","TextBox","","admin-source/current/NetClientFrom/签到配置窗口.cs","169"
"admin","NetClientFrom.签到配置窗口","签到50日_道具","TextBox","","admin-source/current/NetClientFrom/签到配置窗口.cs","171"
"admin","NetClientFrom.签到配置窗口","签到50日_金元宝","NumericUpDown","","admin-source/current/NetClientFrom/签到配置窗口.cs","173"
"admin","NetClientFrom.签到配置窗口","textBox48","TextBox","","admin-source/current/NetClientFrom/签到配置窗口.cs","175"
"admin","NetClientFrom.签到配置窗口","签到60日_累充点","NumericUpDown","","admin-source/current/NetClientFrom/签到配置窗口.cs","177"
"admin","NetClientFrom.签到配置窗口","textBox49","TextBox","","admin-source/current/NetClientFrom/签到配置窗口.cs","179"
"admin","NetClientFrom.签到配置窗口","签到60日_南极点","NumericUpDown","","admin-source/current/NetClientFrom/签到配置窗口.cs","181"
"admin","NetClientFrom.签到配置窗口","textBox50","TextBox","","admin-source/current/NetClientFrom/签到配置窗口.cs","183"
"admin","NetClientFrom.签到配置窗口","签到60日_银元宝","NumericUpDown","","admin-source/current/NetClientFrom/签到配置窗口.cs","185"
"admin","NetClientFrom.签到配置窗口","textBox51","TextBox","","admin-source/current/NetClientFrom/签到配置窗口.cs","187"
"admin","NetClientFrom.签到配置窗口","textBox52","TextBox","","admin-source/current/NetClientFrom/签到配置窗口.cs","189"
"admin","NetClientFrom.签到配置窗口","textBox53","TextBox","","admin-source/current/NetClientFrom/签到配置窗口.cs","191"
"admin","NetClientFrom.签到配置窗口","签到60日_道具","TextBox","","admin-source/current/NetClientFrom/签到配置窗口.cs","193"
"admin","NetClientFrom.签到配置窗口","签到60日_金元宝","NumericUpDown","","admin-source/current/NetClientFrom/签到配置窗口.cs","195"
"admin","NetClientFrom.签到配置窗口","textBox55","TextBox","","admin-source/current/NetClientFrom/签到配置窗口.cs","197"
"admin","NetClientFrom.签到配置窗口","签到70日_累充点","NumericUpDown","","admin-source/current/NetClientFrom/签到配置窗口.cs","199"
"admin","NetClientFrom.签到配置窗口","textBox56","TextBox","","admin-source/current/NetClientFrom/签到配置窗口.cs","201"
"admin","NetClientFrom.签到配置窗口","签到70日_南极点","NumericUpDown","","admin-source/current/NetClientFrom/签到配置窗口.cs","203"
"admin","NetClientFrom.签到配置窗口","textBox57","TextBox","","admin-source/current/NetClientFrom/签到配置窗口.cs","205"
"admin","NetClientFrom.签到配置窗口","签到70日_银元宝","NumericUpDown","","admin-source/current/NetClientFrom/签到配置窗口.cs","207"
"admin","NetClientFrom.签到配置窗口","textBox58","TextBox","","admin-source/current/NetClientFrom/签到配置窗口.cs","209"
"admin","NetClientFrom.签到配置窗口","textBox59","TextBox","","admin-source/current/NetClientFrom/签到配置窗口.cs","211"
"admin","NetClientFrom.签到配置窗口","textBox60","TextBox","","admin-source/current/NetClientFrom/签到配置窗口.cs","213"
"admin","NetClientFrom.签到配置窗口","签到70日_道具","TextBox","","admin-source/current/NetClientFrom/签到配置窗口.cs","215"
"admin","NetClientFrom.签到配置窗口","签到70日_金元宝","NumericUpDown","","admin-source/current/NetClientFrom/签到配置窗口.cs","217"
"admin","NetClientFrom.签到配置窗口","textBox62","TextBox","","admin-source/current/NetClientFrom/签到配置窗口.cs","219"
"admin","NetClientFrom.签到配置窗口","签到100日_累充点","NumericUpDown","","admin-source/current/NetClientFrom/签到配置窗口.cs","221"
"admin","NetClientFrom.签到配置窗口","textBox63","TextBox","","admin-source/current/NetClientFrom/签到配置窗口.cs","223"
"admin","NetClientFrom.签到配置窗口","签到100日_南极点","NumericUpDown","","admin-source/current/NetClientFrom/签到配置窗口.cs","225"
"admin","NetClientFrom.签到配置窗口","textBox64","TextBox","","admin-source/current/NetClientFrom/签到配置窗口.cs","227"
"admin","NetClientFrom.签到配置窗口","签到100日_银元宝","NumericUpDown","","admin-source/current/NetClientFrom/签到配置窗口.cs","229"
"admin","NetClientFrom.签到配置窗口","textBox65","TextBox","","admin-source/current/NetClientFrom/签到配置窗口.cs","231"
"admin","NetClientFrom.签到配置窗口","textBox66","TextBox","","admin-source/current/NetClientFrom/签到配置窗口.cs","233"
"admin","NetClientFrom.签到配置窗口","textBox67","TextBox","","admin-source/current/NetClientFrom/签到配置窗口.cs","235"
"admin","NetClientFrom.签到配置窗口","签到100日_道具","TextBox","","admin-source/current/NetClientFrom/签到配置窗口.cs","237"
"admin","NetClientFrom.签到配置窗口","签到100日_金元宝","NumericUpDown","","admin-source/current/NetClientFrom/签到配置窗口.cs","239"
"admin","NetClientFrom.签到配置窗口","textBox69","TextBox","","admin-source/current/NetClientFrom/签到配置窗口.cs","241"
"admin","NetClientFrom.签到配置窗口","签到90日_累充点","NumericUpDown","","admin-source/current/NetClientFrom/签到配置窗口.cs","243"
"admin","NetClientFrom.签到配置窗口","textBox70","TextBox","","admin-source/current/NetClientFrom/签到配置窗口.cs","245"
"admin","NetClientFrom.签到配置窗口","签到90日_南极点","NumericUpDown","","admin-source/current/NetClientFrom/签到配置窗口.cs","247"
"admin","NetClientFrom.签到配置窗口","textBox71","TextBox","","admin-source/current/NetClientFrom/签到配置窗口.cs","249"
"admin","NetClientFrom.签到配置窗口","签到90日_银元宝","NumericUpDown","","admin-source/current/NetClientFrom/签到配置窗口.cs","251"
"admin","NetClientFrom.签到配置窗口","textBox72","TextBox","","admin-source/current/NetClientFrom/签到配置窗口.cs","253"
"admin","NetClientFrom.签到配置窗口","textBox73","TextBox","","admin-source/current/NetClientFrom/签到配置窗口.cs","255"
"admin","NetClientFrom.签到配置窗口","textBox74","TextBox","","admin-source/current/NetClientFrom/签到配置窗口.cs","257"
"admin","NetClientFrom.签到配置窗口","签到90日_道具","TextBox","","admin-source/current/NetClientFrom/签到配置窗口.cs","259"
"admin","NetClientFrom.签到配置窗口","签到90日_金元宝","NumericUpDown","","admin-source/current/NetClientFrom/签到配置窗口.cs","261"
"admin","NetClientFrom.签到配置窗口","textBox76","TextBox","","admin-source/current/NetClientFrom/签到配置窗口.cs","263"
"admin","NetClientFrom.签到配置窗口","签到80日_累充点","NumericUpDown","","admin-source/current/NetClientFrom/签到配置窗口.cs","265"
"admin","NetClientFrom.签到配置窗口","textBox77","TextBox","","admin-source/current/NetClientFrom/签到配置窗口.cs","267"
"admin","NetClientFrom.签到配置窗口","签到80日_南极点","NumericUpDown","","admin-source/current/NetClientFrom/签到配置窗口.cs","269"
"admin","NetClientFrom.签到配置窗口","textBox78","TextBox","","admin-source/current/NetClientFrom/签到配置窗口.cs","271"
"admin","NetClientFrom.签到配置窗口","签到80日_银元宝","NumericUpDown","","admin-source/current/NetClientFrom/签到配置窗口.cs","273"
"admin","NetClientFrom.签到配置窗口","textBox79","TextBox","","admin-source/current/NetClientFrom/签到配置窗口.cs","275"
"admin","NetClientFrom.签到配置窗口","textBox80","TextBox","","admin-source/current/NetClientFrom/签到配置窗口.cs","277"
"admin","NetClientFrom.签到配置窗口","textBox81","TextBox","","admin-source/current/NetClientFrom/签到配置窗口.cs","279"
"admin","NetClientFrom.签到配置窗口","签到80日_道具","TextBox","","admin-source/current/NetClientFrom/签到配置窗口.cs","281"
"admin","NetClientFrom.签到配置窗口","签到80日_金元宝","NumericUpDown","","admin-source/current/NetClientFrom/签到配置窗口.cs","283"
"admin","NetClientFrom.签到配置窗口","label1","Label","","admin-source/current/NetClientFrom/签到配置窗口.cs","285"
"admin","NetClientFrom.签到配置窗口","I","签到配置窗口","","admin-source/current/NetClientFrom/签到配置窗口.cs","287"
"admin","NetClientFrom.累充返利配置窗口","i","累充返利配置窗口","","admin-source/current/NetClientFrom/累充返利配置窗口.cs","11"
"admin","NetClientFrom.累充返利配置窗口","components","IContainer","","admin-source/current/NetClientFrom/累充返利配置窗口.cs","13"
"admin","NetClientFrom.累充返利配置窗口","累充返利_开关","CheckBox","","admin-source/current/NetClientFrom/累充返利配置窗口.cs","15"
"admin","NetClientFrom.累充返利配置窗口","累充返利_重载按钮","Button","","admin-source/current/NetClientFrom/累充返利配置窗口.cs","17"
"admin","NetClientFrom.累充返利配置窗口","累充返利_保存按钮","Button","","admin-source/current/NetClientFrom/累充返利配置窗口.cs","19"
"admin","NetClientFrom.累充返利配置窗口","groupBox1","GroupBox","","admin-source/current/NetClientFrom/累充返利配置窗口.cs","21"
"admin","NetClientFrom.累充返利配置窗口","累充返利_累充列表","DataGridView","","admin-source/current/NetClientFrom/累充返利配置窗口.cs","23"
"admin","NetClientFrom.累充返利配置窗口","累充金额","DataGridViewTextBoxColumn","","admin-source/current/NetClientFrom/累充返利配置窗口.cs","25"
"admin","NetClientFrom.累充返利配置窗口","返利奖品1","DataGridViewTextBoxColumn","","admin-source/current/NetClientFrom/累充返利配置窗口.cs","27"
"admin","NetClientFrom.累充返利配置窗口","数量1","DataGridViewTextBoxColumn","","admin-source/current/NetClientFrom/累充返利配置窗口.cs","29"
"admin","NetClientFrom.累充返利配置窗口","返利奖品2","DataGridViewTextBoxColumn","","admin-source/current/NetClientFrom/累充返利配置窗口.cs","31"
"admin","NetClientFrom.累充返利配置窗口","数量2","DataGridViewTextBoxColumn","","admin-source/current/NetClientFrom/累充返利配置窗口.cs","33"
"admin","NetClientFrom.累充返利配置窗口","返利奖品3","DataGridViewTextBoxColumn","","admin-source/current/NetClientFrom/累充返利配置窗口.cs","35"
"admin","NetClientFrom.累充返利配置窗口","数量3","DataGridViewTextBoxColumn","","admin-source/current/NetClientFrom/累充返利配置窗口.cs","37"
"admin","NetClientFrom.累充返利配置窗口","返利奖品4","DataGridViewTextBoxColumn","","admin-source/current/NetClientFrom/累充返利配置窗口.cs","39"
"admin","NetClientFrom.累充返利配置窗口","数量4","DataGridViewTextBoxColumn","","admin-source/current/NetClientFrom/累充返利配置窗口.cs","41"
"admin","NetClientFrom.累充返利配置窗口","返利奖品5","DataGridViewTextBoxColumn","","admin-source/current/NetClientFrom/累充返利配置窗口.cs","43"
"admin","NetClientFrom.累充返利配置窗口","数量5","DataGridViewTextBoxColumn","","admin-source/current/NetClientFrom/累充返利配置窗口.cs","45"
"admin","NetClientFrom.累充返利配置窗口","I","累充返利配置窗口","","admin-source/current/NetClientFrom/累充返利配置窗口.cs","47"
"admin","NetClientFrom.自定义邮箱配置窗口","i","自定义邮箱配置窗口","","admin-source/current/NetClientFrom/自定义邮箱配置窗口.cs","12"
"admin","NetClientFrom.自定义邮箱配置窗口","components","IContainer","","admin-source/current/NetClientFrom/自定义邮箱配置窗口.cs","14"
"admin","NetClientFrom.自定义邮箱配置窗口","邮箱_重载按钮","Button","","admin-source/current/NetClientFrom/自定义邮箱配置窗口.cs","16"
"admin","NetClientFrom.自定义邮箱配置窗口","邮箱_保存按钮","Button","","admin-source/current/NetClientFrom/自定义邮箱配置窗口.cs","18"
"admin","NetClientFrom.自定义邮箱配置窗口","邮箱_开关","CheckBox","","admin-source/current/NetClientFrom/自定义邮箱配置窗口.cs","20"
"admin","NetClientFrom.自定义邮箱配置窗口","groupBox1","GroupBox","","admin-source/current/NetClientFrom/自定义邮箱配置窗口.cs","22"
"admin","NetClientFrom.自定义邮箱配置窗口","邮箱_首登邮箱发送开关","CheckBox","","admin-source/current/NetClientFrom/自定义邮箱配置窗口.cs","24"
"admin","NetClientFrom.自定义邮箱配置窗口","label7","Label","","admin-source/current/NetClientFrom/自定义邮箱配置窗口.cs","26"
"admin","NetClientFrom.自定义邮箱配置窗口","邮箱_首登邮箱内容","TextBox","","admin-source/current/NetClientFrom/自定义邮箱配置窗口.cs","28"
"admin","NetClientFrom.自定义邮箱配置窗口","groupBox2","GroupBox","","admin-source/current/NetClientFrom/自定义邮箱配置窗口.cs","30"
"admin","NetClientFrom.自定义邮箱配置窗口","label1","Label","","admin-source/current/NetClientFrom/自定义邮箱配置窗口.cs","32"
"admin","NetClientFrom.自定义邮箱配置窗口","textBox1","TextBox","","admin-source/current/NetClientFrom/自定义邮箱配置窗口.cs","34"
"admin","NetClientFrom.自定义邮箱配置窗口","checkBox2","CheckBox","","admin-source/current/NetClientFrom/自定义邮箱配置窗口.cs","36"
"admin","NetClientFrom.自定义邮箱配置窗口","label2","Label","","admin-source/current/NetClientFrom/自定义邮箱配置窗口.cs","38"
"admin","NetClientFrom.自定义邮箱配置窗口","邮箱_自定义发送按钮","Button","","admin-source/current/NetClientFrom/自定义邮箱配置窗口.cs","40"
"admin","NetClientFrom.自定义邮箱配置窗口","邮箱_角色列表","ComboBox","","admin-source/current/NetClientFrom/自定义邮箱配置窗口.cs","42"
"admin","NetClientFrom.自定义邮箱配置窗口","邮箱_自定义邮箱内容","TextBox","","admin-source/current/NetClientFrom/自定义邮箱配置窗口.cs","44"
"admin","NetClientFrom.自定义邮箱配置窗口","label3","Label","","admin-source/current/NetClientFrom/自定义邮箱配置窗口.cs","46"
"admin","NetClientFrom.自定义邮箱配置窗口","I","自定义邮箱配置窗口","","admin-source/current/NetClientFrom/自定义邮箱配置窗口.cs","48"
"admin","NetClientFrom.自选礼包配置窗口","i","自选礼包配置窗口","","admin-source/current/NetClientFrom/自选礼包配置窗口.cs","11"
"admin","NetClientFrom.自选礼包配置窗口","components","IContainer","","admin-source/current/NetClientFrom/自选礼包配置窗口.cs","13"
"admin","NetClientFrom.自选礼包配置窗口","自选_重载按钮","Button","","admin-source/current/NetClientFrom/自选礼包配置窗口.cs","15"
"admin","NetClientFrom.自选礼包配置窗口","自选_保存按钮","Button","","admin-source/current/NetClientFrom/自选礼包配置窗口.cs","17"
"admin","NetClientFrom.自选礼包配置窗口","自选_礼包名字","TextBox","","admin-source/current/NetClientFrom/自选礼包配置窗口.cs","19"
"admin","NetClientFrom.自选礼包配置窗口","label23","Label","","admin-source/current/NetClientFrom/自选礼包配置窗口.cs","21"
"admin","NetClientFrom.自选礼包配置窗口","自选_开关","CheckBox","","admin-source/current/NetClientFrom/自选礼包配置窗口.cs","23"
"admin","NetClientFrom.自选礼包配置窗口","自选_选项配置","TextBox","","admin-source/current/NetClientFrom/自选礼包配置窗口.cs","25"
"admin","NetClientFrom.自选礼包配置窗口","label1","Label","","admin-source/current/NetClientFrom/自选礼包配置窗口.cs","27"
"admin","NetClientFrom.自选礼包配置窗口","自选_添加按钮","Button","","admin-source/current/NetClientFrom/自选礼包配置窗口.cs","29"
"admin","NetClientFrom.自选礼包配置窗口","label2","Label","","admin-source/current/NetClientFrom/自选礼包配置窗口.cs","31"
"admin","NetClientFrom.自选礼包配置窗口","自选_例子按钮","Button","","admin-source/current/NetClientFrom/自选礼包配置窗口.cs","33"
"admin","NetClientFrom.自选礼包配置窗口","自选_自选礼包列表","DataGridView","","admin-source/current/NetClientFrom/自选礼包配置窗口.cs","35"
"admin","NetClientFrom.自选礼包配置窗口","礼包名字","DataGridViewTextBoxColumn","","admin-source/current/NetClientFrom/自选礼包配置窗口.cs","37"
"admin","NetClientFrom.自选礼包配置窗口","自选选项","DataGridViewTextBoxColumn","","admin-source/current/NetClientFrom/自选礼包配置窗口.cs","39"
"admin","NetClientFrom.自选礼包配置窗口","修改窗口","Panel","","admin-source/current/NetClientFrom/自选礼包配置窗口.cs","41"
"admin","NetClientFrom.自选礼包配置窗口","修改_选项配置","TextBox","","admin-source/current/NetClientFrom/自选礼包配置窗口.cs","43"
"admin","NetClientFrom.自选礼包配置窗口","label4","Label","","admin-source/current/NetClientFrom/自选礼包配置窗口.cs","45"
"admin","NetClientFrom.自选礼包配置窗口","修改_礼包名字","TextBox","","admin-source/current/NetClientFrom/自选礼包配置窗口.cs","47"
"admin","NetClientFrom.自选礼包配置窗口","label3","Label","","admin-source/current/NetClientFrom/自选礼包配置窗口.cs","49"
"admin","NetClientFrom.自选礼包配置窗口","修改_取消按钮","Button","","admin-source/current/NetClientFrom/自选礼包配置窗口.cs","51"
"admin","NetClientFrom.自选礼包配置窗口","修改_确定按钮","Button","","admin-source/current/NetClientFrom/自选礼包配置窗口.cs","53"
"admin","NetClientFrom.自选礼包配置窗口","I","自选礼包配置窗口","","admin-source/current/NetClientFrom/自选礼包配置窗口.cs","55"
"admin","NetClientFrom.试道大会配置窗口","i","试道大会配置窗口","","admin-source/current/NetClientFrom/试道大会配置窗口.cs","12"
"admin","NetClientFrom.试道大会配置窗口","components","IContainer","","admin-source/current/NetClientFrom/试道大会配置窗口.cs","14"
"admin","NetClientFrom.试道大会配置窗口","试道_开关","CheckBox","","admin-source/current/NetClientFrom/试道大会配置窗口.cs","16"
"admin","NetClientFrom.试道大会配置窗口","试道_重载按钮","Button","","admin-source/current/NetClientFrom/试道大会配置窗口.cs","18"
"admin","NetClientFrom.试道大会配置窗口","试道_保存按钮","Button","","admin-source/current/NetClientFrom/试道大会配置窗口.cs","20"
"admin","NetClientFrom.试道大会配置窗口","试道_角色列表","DataGridView","","admin-source/current/NetClientFrom/试道大会配置窗口.cs","22"
"admin","NetClientFrom.试道大会配置窗口","textBox5","TextBox","","admin-source/current/NetClientFrom/试道大会配置窗口.cs","24"
"admin","NetClientFrom.试道大会配置窗口","试道_参与奖数量","NumericUpDown","","admin-source/current/NetClientFrom/试道大会配置窗口.cs","26"
"admin","NetClientFrom.试道大会配置窗口","试道_参与奖类型","ComboBox","","admin-source/current/NetClientFrom/试道大会配置窗口.cs","28"
"admin","NetClientFrom.试道大会配置窗口","试道_参与奖名字","TextBox","","admin-source/current/NetClientFrom/试道大会配置窗口.cs","30"
"admin","NetClientFrom.试道大会配置窗口","textBox1","TextBox","","admin-source/current/NetClientFrom/试道大会配置窗口.cs","32"
"admin","NetClientFrom.试道大会配置窗口","试道_第一名数量","NumericUpDown","","admin-source/current/NetClientFrom/试道大会配置窗口.cs","34"
"admin","NetClientFrom.试道大会配置窗口","试道_第一名类型","ComboBox","","admin-source/current/NetClientFrom/试道大会配置窗口.cs","36"
"admin","NetClientFrom.试道大会配置窗口","试道_第一名名字","TextBox","","admin-source/current/NetClientFrom/试道大会配置窗口.cs","38"
"admin","NetClientFrom.试道大会配置窗口","textBox3","TextBox","","admin-source/current/NetClientFrom/试道大会配置窗口.cs","40"
"admin","NetClientFrom.试道大会配置窗口","试道_第二名数量","NumericUpDown","","admin-source/current/NetClientFrom/试道大会配置窗口.cs","42"
"admin","NetClientFrom.试道大会配置窗口","试道_第二名类型","ComboBox","","admin-source/current/NetClientFrom/试道大会配置窗口.cs","44"
"admin","NetClientFrom.试道大会配置窗口","试道_第二名名字","TextBox","","admin-source/current/NetClientFrom/试道大会配置窗口.cs","46"
"admin","NetClientFrom.试道大会配置窗口","textBox6","TextBox","","admin-source/current/NetClientFrom/试道大会配置窗口.cs","48"
"admin","NetClientFrom.试道大会配置窗口","试道_第三名数量","NumericUpDown","","admin-source/current/NetClientFrom/试道大会配置窗口.cs","50"
"admin","NetClientFrom.试道大会配置窗口","试道_第三名类型","ComboBox","","admin-source/current/NetClientFrom/试道大会配置窗口.cs","52"
"admin","NetClientFrom.试道大会配置窗口","试道_第三名名字","TextBox","","admin-source/current/NetClientFrom/试道大会配置窗口.cs","54"
"admin","NetClientFrom.试道大会配置窗口","账号","DataGridViewTextBoxColumn","","admin-source/current/NetClientFrom/试道大会配置窗口.cs","56"
"admin","NetClientFrom.试道大会配置窗口","昵称","DataGridViewTextBoxColumn","","admin-source/current/NetClientFrom/试道大会配置窗口.cs","58"
"admin","NetClientFrom.试道大会配置窗口","等级","DataGridViewTextBoxColumn","","admin-source/current/NetClientFrom/试道大会配置窗口.cs","60"
"admin","NetClientFrom.试道大会配置窗口","金元宝","DataGridViewTextBoxColumn","","admin-source/current/NetClientFrom/试道大会配置窗口.cs","62"
"admin","NetClientFrom.试道大会配置窗口","银元宝","DataGridViewTextBoxColumn","","admin-source/current/NetClientFrom/试道大会配置窗口.cs","64"
"admin","NetClientFrom.试道大会配置窗口","试道_刷新按钮","Button","","admin-source/current/NetClientFrom/试道大会配置窗口.cs","66"
"admin","NetClientFrom.试道大会配置窗口","试道_总人数","Label","","admin-source/current/NetClientFrom/试道大会配置窗口.cs","68"
"admin","NetClientFrom.试道大会配置窗口","textBox8","TextBox","","admin-source/current/NetClientFrom/试道大会配置窗口.cs","70"
"admin","NetClientFrom.试道大会配置窗口","试道_发送金元宝","NumericUpDown","","admin-source/current/NetClientFrom/试道大会配置窗口.cs","72"
"admin","NetClientFrom.试道大会配置窗口","textBox9","TextBox","","admin-source/current/NetClientFrom/试道大会配置窗口.cs","74"
"admin","NetClientFrom.试道大会配置窗口","试道_发送银元宝","NumericUpDown","","admin-source/current/NetClientFrom/试道大会配置窗口.cs","76"
"admin","NetClientFrom.试道大会配置窗口","试道_发送按钮","Button","","admin-source/current/NetClientFrom/试道大会配置窗口.cs","78"
"admin","NetClientFrom.试道大会配置窗口","label1","Label","","admin-source/current/NetClientFrom/试道大会配置窗口.cs","80"
"admin","NetClientFrom.试道大会配置窗口","label2","Label","","admin-source/current/NetClientFrom/试道大会配置窗口.cs","82"
"admin","NetClientFrom.试道大会配置窗口","试道_队伍最高人数","ComboBox","","admin-source/current/NetClientFrom/试道大会配置窗口.cs","84"
"admin","NetClientFrom.试道大会配置窗口","I","试道大会配置窗口","","admin-source/current/NetClientFrom/试道大会配置窗口.cs","86"
"admin","NetClientFrom.超级NPC配置窗口","i","超级NPC配置窗口","","admin-source/current/NetClientFrom/超级NPC配置窗口.cs","13"
"admin","NetClientFrom.超级NPC配置窗口","components","IContainer","","admin-source/current/NetClientFrom/超级NPC配置窗口.cs","15"
"admin","NetClientFrom.超级NPC配置窗口","超级npc_npc列表","DataGridView","","admin-source/current/NetClientFrom/超级NPC配置窗口.cs","17"
"admin","NetClientFrom.超级NPC配置窗口","超级npc_添加按钮","Button","","admin-source/current/NetClientFrom/超级NPC配置窗口.cs","19"
"admin","NetClientFrom.超级NPC配置窗口","超级npc_开关","CheckBox","","admin-source/current/NetClientFrom/超级NPC配置窗口.cs","21"
"admin","NetClientFrom.超级NPC配置窗口","超级npc_重载按钮","Button","","admin-source/current/NetClientFrom/超级NPC配置窗口.cs","23"
"admin","NetClientFrom.超级NPC配置窗口","超级npc_保存按钮","Button","","admin-source/current/NetClientFrom/超级NPC配置窗口.cs","25"
"admin","NetClientFrom.超级NPC配置窗口","groupBox1","GroupBox","","admin-source/current/NetClientFrom/超级NPC配置窗口.cs","27"
"admin","NetClientFrom.超级NPC配置窗口","超级npc_是否显示","CheckBox","","admin-source/current/NetClientFrom/超级NPC配置窗口.cs","29"
"admin","NetClientFrom.超级NPC配置窗口","超级npc_坐标X","NumericUpDown","","admin-source/current/NetClientFrom/超级NPC配置窗口.cs","31"
"admin","NetClientFrom.超级NPC配置窗口","label7","Label","","admin-source/current/NetClientFrom/超级NPC配置窗口.cs","33"
"admin","NetClientFrom.超级NPC配置窗口","label5","Label","","admin-source/current/NetClientFrom/超级NPC配置窗口.cs","35"
"admin","NetClientFrom.超级NPC配置窗口","超级npc_npc称号","TextBox","","admin-source/current/NetClientFrom/超级NPC配置窗口.cs","37"
"admin","NetClientFrom.超级NPC配置窗口","label4","Label","","admin-source/current/NetClientFrom/超级NPC配置窗口.cs","39"
"admin","NetClientFrom.超级NPC配置窗口","超级npc_npc名字","TextBox","","admin-source/current/NetClientFrom/超级NPC配置窗口.cs","41"
"admin","NetClientFrom.超级NPC配置窗口","label3","Label","","admin-source/current/NetClientFrom/超级NPC配置窗口.cs","43"
"admin","NetClientFrom.超级NPC配置窗口","超级npc_对话文本","TextBox","","admin-source/current/NetClientFrom/超级NPC配置窗口.cs","45"
"admin","NetClientFrom.超级NPC配置窗口","label2","Label","","admin-source/current/NetClientFrom/超级NPC配置窗口.cs","47"
"admin","NetClientFrom.超级NPC配置窗口","超级npc_所在地图","TextBox","","admin-source/current/NetClientFrom/超级NPC配置窗口.cs","49"
"admin","NetClientFrom.超级NPC配置窗口","label8","Label","","admin-source/current/NetClientFrom/超级NPC配置窗口.cs","51"
"admin","NetClientFrom.超级NPC配置窗口","超级npc_坐标Y","NumericUpDown","","admin-source/current/NetClientFrom/超级NPC配置窗口.cs","53"
"admin","NetClientFrom.超级NPC配置窗口","超级npc_形象","NumericUpDown","","admin-source/current/NetClientFrom/超级NPC配置窗口.cs","55"
"admin","NetClientFrom.超级NPC配置窗口","label9","Label","","admin-source/current/NetClientFrom/超级NPC配置窗口.cs","57"
"admin","NetClientFrom.超级NPC配置窗口","超级npc_朝向","ComboBox","","admin-source/current/NetClientFrom/超级NPC配置窗口.cs","59"
"admin","NetClientFrom.超级NPC配置窗口","label6","Label","","admin-source/current/NetClientFrom/超级NPC配置窗口.cs","61"
"admin","NetClientFrom.超级NPC配置窗口","label1","Label","","admin-source/current/NetClientFrom/超级NPC配置窗口.cs","63"
"admin","NetClientFrom.超级NPC配置窗口","超级npc_传送列表","TextBox","","admin-source/current/NetClientFrom/超级NPC配置窗口.cs","65"
"admin","NetClientFrom.超级NPC配置窗口","npc名字","DataGridViewTextBoxColumn","","admin-source/current/NetClientFrom/超级NPC配置窗口.cs","67"
"admin","NetClientFrom.超级NPC配置窗口","所在地图","DataGridViewTextBoxColumn","","admin-source/current/NetClientFrom/超级NPC配置窗口.cs","69"
"admin","NetClientFrom.超级NPC配置窗口","坐标","DataGridViewTextBoxColumn","","admin-source/current/NetClientFrom/超级NPC配置窗口.cs","71"
"admin","NetClientFrom.超级NPC配置窗口","是否显示","DataGridViewTextBoxColumn","","admin-source/current/NetClientFrom/超级NPC配置窗口.cs","73"
"admin","NetClientFrom.超级NPC配置窗口","传送地图列表","DataGridViewTextBoxColumn","","admin-source/current/NetClientFrom/超级NPC配置窗口.cs","75"
"admin","NetClientFrom.超级NPC配置窗口","修改窗口","Panel","","admin-source/current/NetClientFrom/超级NPC配置窗口.cs","77"
"admin","NetClientFrom.超级NPC配置窗口","label15","Label","","admin-source/current/NetClientFrom/超级NPC配置窗口.cs","79"
"admin","NetClientFrom.超级NPC配置窗口","修改_所在地图","TextBox","","admin-source/current/NetClientFrom/超级NPC配置窗口.cs","81"
"admin","NetClientFrom.超级NPC配置窗口","修改_是否显示","CheckBox","","admin-source/current/NetClientFrom/超级NPC配置窗口.cs","83"
"admin","NetClientFrom.超级NPC配置窗口","修改_npc形象","NumericUpDown","","admin-source/current/NetClientFrom/超级NPC配置窗口.cs","85"
"admin","NetClientFrom.超级NPC配置窗口","label10","Label","","admin-source/current/NetClientFrom/超级NPC配置窗口.cs","87"
"admin","NetClientFrom.超级NPC配置窗口","修改_npc朝向","ComboBox","","admin-source/current/NetClientFrom/超级NPC配置窗口.cs","89"
"admin","NetClientFrom.超级NPC配置窗口","label11","Label","","admin-source/current/NetClientFrom/超级NPC配置窗口.cs","91"
"admin","NetClientFrom.超级NPC配置窗口","修改_npc坐标Y","NumericUpDown","","admin-source/current/NetClientFrom/超级NPC配置窗口.cs","93"
"admin","NetClientFrom.超级NPC配置窗口","修改_npc坐标X","NumericUpDown","","admin-source/current/NetClientFrom/超级NPC配置窗口.cs","95"
"admin","NetClientFrom.超级NPC配置窗口","label12","Label","","admin-source/current/NetClientFrom/超级NPC配置窗口.cs","97"
"admin","NetClientFrom.超级NPC配置窗口","label13","Label","","admin-source/current/NetClientFrom/超级NPC配置窗口.cs","99"
"admin","NetClientFrom.超级NPC配置窗口","修改_npc称号","TextBox","","admin-source/current/NetClientFrom/超级NPC配置窗口.cs","101"
"admin","NetClientFrom.超级NPC配置窗口","label14","Label","","admin-source/current/NetClientFrom/超级NPC配置窗口.cs","103"
"admin","NetClientFrom.超级NPC配置窗口","修改_npc名字","TextBox","","admin-source/current/NetClientFrom/超级NPC配置窗口.cs","105"
"admin","NetClientFrom.超级NPC配置窗口","修改_取消按钮","Button","","admin-source/current/NetClientFrom/超级NPC配置窗口.cs","107"
"admin","NetClientFrom.超级NPC配置窗口","修改_确定按钮","Button","","admin-source/current/NetClientFrom/超级NPC配置窗口.cs","109"
"admin","NetClientFrom.超级NPC配置窗口","修改_传送列表","DataGridView","","admin-source/current/NetClientFrom/超级NPC配置窗口.cs","111"
"admin","NetClientFrom.超级NPC配置窗口","label16","Label","","admin-source/current/NetClientFrom/超级NPC配置窗口.cs","113"
"admin","NetClientFrom.超级NPC配置窗口","修改_对话文本","TextBox","","admin-source/current/NetClientFrom/超级NPC配置窗口.cs","115"
"admin","NetClientFrom.超级NPC配置窗口","传送地图名字","DataGridViewTextBoxColumn","","admin-source/current/NetClientFrom/超级NPC配置窗口.cs","117"
"admin","NetClientFrom.超级NPC配置窗口","传送选项文字","DataGridViewTextBoxColumn","","admin-source/current/NetClientFrom/超级NPC配置窗口.cs","119"
"admin","NetClientFrom.超级NPC配置窗口","坐标X","DataGridViewTextBoxColumn","","admin-source/current/NetClientFrom/超级NPC配置窗口.cs","121"
"admin","NetClientFrom.超级NPC配置窗口","坐标Y","DataGridViewTextBoxColumn","","admin-source/current/NetClientFrom/超级NPC配置窗口.cs","123"
"admin","NetClientFrom.超级NPC配置窗口","I","超级NPC配置窗口","","admin-source/current/NetClientFrom/超级NPC配置窗口.cs","125"
"admin","NetClientFrom.超级地图配置窗口","i","超级地图配置窗口","","admin-source/current/NetClientFrom/超级地图配置窗口.cs","11"
"admin","NetClientFrom.超级地图配置窗口","components","IContainer","","admin-source/current/NetClientFrom/超级地图配置窗口.cs","13"
"admin","NetClientFrom.超级地图配置窗口","超级地图_开关","CheckBox","","admin-source/current/NetClientFrom/超级地图配置窗口.cs","15"
"admin","NetClientFrom.超级地图配置窗口","超级地图_重载按钮","Button","","admin-source/current/NetClientFrom/超级地图配置窗口.cs","17"
"admin","NetClientFrom.超级地图配置窗口","超级地图_保存按钮","Button","","admin-source/current/NetClientFrom/超级地图配置窗口.cs","19"
"admin","NetClientFrom.超级地图配置窗口","groupBox1","GroupBox","","admin-source/current/NetClientFrom/超级地图配置窗口.cs","21"
"admin","NetClientFrom.超级地图配置窗口","label6","Label","","admin-source/current/NetClientFrom/超级地图配置窗口.cs","23"
"admin","NetClientFrom.超级地图配置窗口","超级地图_地图名字","TextBox","","admin-source/current/NetClientFrom/超级地图配置窗口.cs","25"
"admin","NetClientFrom.超级地图配置窗口","超级地图_限制等级开关","CheckBox","","admin-source/current/NetClientFrom/超级地图配置窗口.cs","27"
"admin","NetClientFrom.超级地图配置窗口","超级地图_限制组队开关","CheckBox","","admin-source/current/NetClientFrom/超级地图配置窗口.cs","29"
"admin","NetClientFrom.超级地图配置窗口","超级地图_限制称号开关","CheckBox","","admin-source/current/NetClientFrom/超级地图配置窗口.cs","31"
"admin","NetClientFrom.超级地图配置窗口","超级地图_最高道行","NumericUpDown","","admin-source/current/NetClientFrom/超级地图配置窗口.cs","33"
"admin","NetClientFrom.超级地图配置窗口","label2","Label","","admin-source/current/NetClientFrom/超级地图配置窗口.cs","35"
"admin","NetClientFrom.超级地图配置窗口","超级地图_最低道行","NumericUpDown","","admin-source/current/NetClientFrom/超级地图配置窗口.cs","37"
"admin","NetClientFrom.超级地图配置窗口","超级地图_限制道行开关","CheckBox","","admin-source/current/NetClientFrom/超级地图配置窗口.cs","39"
"admin","NetClientFrom.超级地图配置窗口","超级地图_最高等级","NumericUpDown","","admin-source/current/NetClientFrom/超级地图配置窗口.cs","41"
"admin","NetClientFrom.超级地图配置窗口","label1","Label","","admin-source/current/NetClientFrom/超级地图配置窗口.cs","43"
"admin","NetClientFrom.超级地图配置窗口","超级地图_最低等级","NumericUpDown","","admin-source/current/NetClientFrom/超级地图配置窗口.cs","45"
"admin","NetClientFrom.超级地图配置窗口","超级地图_消耗开关","CheckBox","","admin-source/current/NetClientFrom/超级地图配置窗口.cs","47"
"admin","NetClientFrom.超级地图配置窗口","label4","Label","","admin-source/current/NetClientFrom/超级地图配置窗口.cs","49"
"admin","NetClientFrom.超级地图配置窗口","超级地图_限副称号","TextBox","","admin-source/current/NetClientFrom/超级地图配置窗口.cs","51"
"admin","NetClientFrom.超级地图配置窗口","label3","Label","","admin-source/current/NetClientFrom/超级地图配置窗口.cs","53"
"admin","NetClientFrom.超级地图配置窗口","超级地图_限主称号","TextBox","","admin-source/current/NetClientFrom/超级地图配置窗口.cs","55"
"admin","NetClientFrom.超级地图配置窗口","label14","Label","","admin-source/current/NetClientFrom/超级地图配置窗口.cs","57"
"admin","NetClientFrom.超级地图配置窗口","超级地图_消耗类型","ComboBox","","admin-source/current/NetClientFrom/超级地图配置窗口.cs","59"
"admin","NetClientFrom.超级地图配置窗口","超级地图_添加按钮","Button","","admin-source/current/NetClientFrom/超级地图配置窗口.cs","61"
"admin","NetClientFrom.超级地图配置窗口","超级地图_消耗数量","NumericUpDown","","admin-source/current/NetClientFrom/超级地图配置窗口.cs","63"
"admin","NetClientFrom.超级地图配置窗口","label7","Label","","admin-source/current/NetClientFrom/超级地图配置窗口.cs","65"
"admin","NetClientFrom.超级地图配置窗口","label5","Label","","admin-source/current/NetClientFrom/超级地图配置窗口.cs","67"
"admin","NetClientFrom.超级地图配置窗口","超级地图_消耗名字","TextBox","","admin-source/current/NetClientFrom/超级地图配置窗口.cs","69"
"admin","NetClientFrom.超级地图配置窗口","超级地图_地图列表","DataGridView","","admin-source/current/NetClientFrom/超级地图配置窗口.cs","71"
"admin","NetClientFrom.超级地图配置窗口","修改窗口","Panel","","admin-source/current/NetClientFrom/超级地图配置窗口.cs","73"
"admin","NetClientFrom.超级地图配置窗口","修改_取消按钮","Button","","admin-source/current/NetClientFrom/超级地图配置窗口.cs","75"
"admin","NetClientFrom.超级地图配置窗口","修改_确定按钮","Button","","admin-source/current/NetClientFrom/超级地图配置窗口.cs","77"
"admin","NetClientFrom.超级地图配置窗口","修改_消耗数量","NumericUpDown","","admin-source/current/NetClientFrom/超级地图配置窗口.cs","79"
"admin","NetClientFrom.超级地图配置窗口","label13","Label","","admin-source/current/NetClientFrom/超级地图配置窗口.cs","81"
"admin","NetClientFrom.超级地图配置窗口","label15","Label","","admin-source/current/NetClientFrom/超级地图配置窗口.cs","83"
"admin","NetClientFrom.超级地图配置窗口","修改_消耗名字","TextBox","","admin-source/current/NetClientFrom/超级地图配置窗口.cs","85"
"admin","NetClientFrom.超级地图配置窗口","label16","Label","","admin-source/current/NetClientFrom/超级地图配置窗口.cs","87"
"admin","NetClientFrom.超级地图配置窗口","修改_消耗类型","ComboBox","","admin-source/current/NetClientFrom/超级地图配置窗口.cs","89"
"admin","NetClientFrom.超级地图配置窗口","修改_消耗开关","CheckBox","","admin-source/current/NetClientFrom/超级地图配置窗口.cs","91"
"admin","NetClientFrom.超级地图配置窗口","label11","Label","","admin-source/current/NetClientFrom/超级地图配置窗口.cs","93"
"admin","NetClientFrom.超级地图配置窗口","修改_副称号","TextBox","","admin-source/current/NetClientFrom/超级地图配置窗口.cs","95"
"admin","NetClientFrom.超级地图配置窗口","label12","Label","","admin-source/current/NetClientFrom/超级地图配置窗口.cs","97"
"admin","NetClientFrom.超级地图配置窗口","修改_主称号","TextBox","","admin-source/current/NetClientFrom/超级地图配置窗口.cs","99"
"admin","NetClientFrom.超级地图配置窗口","修改_称号开关","CheckBox","","admin-source/current/NetClientFrom/超级地图配置窗口.cs","101"
"admin","NetClientFrom.超级地图配置窗口","修改_最高道行","NumericUpDown","","admin-source/current/NetClientFrom/超级地图配置窗口.cs","103"
"admin","NetClientFrom.超级地图配置窗口","label9","Label","","admin-source/current/NetClientFrom/超级地图配置窗口.cs","105"
"admin","NetClientFrom.超级地图配置窗口","修改_最低道行","NumericUpDown","","admin-source/current/NetClientFrom/超级地图配置窗口.cs","107"
"admin","NetClientFrom.超级地图配置窗口","修改_道行开关","CheckBox","","admin-source/current/NetClientFrom/超级地图配置窗口.cs","109"
"admin","NetClientFrom.超级地图配置窗口","修改_最高等级","NumericUpDown","","admin-source/current/NetClientFrom/超级地图配置窗口.cs","111"
"admin","NetClientFrom.超级地图配置窗口","label10","Label","","admin-source/current/NetClientFrom/超级地图配置窗口.cs","113"
"admin","NetClientFrom.超级地图配置窗口","修改_最低等级","NumericUpDown","","admin-source/current/NetClientFrom/超级地图配置窗口.cs","115"
"admin","NetClientFrom.超级地图配置窗口","修改_等级开关","CheckBox","","admin-source/current/NetClientFrom/超级地图配置窗口.cs","117"
"admin","NetClientFrom.超级地图配置窗口","修改_组队开关","CheckBox","","admin-source/current/NetClientFrom/超级地图配置窗口.cs","119"
"admin","NetClientFrom.超级地图配置窗口","label8","Label","","admin-source/current/NetClientFrom/超级地图配置窗口.cs","121"
"admin","NetClientFrom.超级地图配置窗口","修改_名字","TextBox","","admin-source/current/NetClientFrom/超级地图配置窗口.cs","123"
"admin","NetClientFrom.超级地图配置窗口","label17","Label","","admin-source/current/NetClientFrom/超级地图配置窗口.cs","125"
"admin","NetClientFrom.超级地图配置窗口","label18","Label","","admin-source/current/NetClientFrom/超级地图配置窗口.cs","127"
"admin","NetClientFrom.超级地图配置窗口","修改_关键词","TextBox","","admin-source/current/NetClientFrom/超级地图配置窗口.cs","129"
"admin","NetClientFrom.超级地图配置窗口","label19","Label","","admin-source/current/NetClientFrom/超级地图配置窗口.cs","131"
"admin","NetClientFrom.超级地图配置窗口","超级地图_关键词","TextBox","","admin-source/current/NetClientFrom/超级地图配置窗口.cs","133"
"admin","NetClientFrom.超级地图配置窗口","超级地图_最高活跃","NumericUpDown","","admin-source/current/NetClientFrom/超级地图配置窗口.cs","135"
"admin","NetClientFrom.超级地图配置窗口","label20","Label","","admin-source/current/NetClientFrom/超级地图配置窗口.cs","137"
"admin","NetClientFrom.超级地图配置窗口","超级地图_最低活跃","NumericUpDown","","admin-source/current/NetClientFrom/超级地图配置窗口.cs","139"
"admin","NetClientFrom.超级地图配置窗口","超级地图_限制活跃开关","CheckBox","","admin-source/current/NetClientFrom/超级地图配置窗口.cs","141"
"admin","NetClientFrom.超级地图配置窗口","修改_最高活跃","NumericUpDown","","admin-source/current/NetClientFrom/超级地图配置窗口.cs","143"
"admin","NetClientFrom.超级地图配置窗口","label21","Label","","admin-source/current/NetClientFrom/超级地图配置窗口.cs","145"
"admin","NetClientFrom.超级地图配置窗口","修改_最低活跃","NumericUpDown","","admin-source/current/NetClientFrom/超级地图配置窗口.cs","147"
"admin","NetClientFrom.超级地图配置窗口","修改_活跃开关","CheckBox","","admin-source/current/NetClientFrom/超级地图配置窗口.cs","149"
"admin","NetClientFrom.超级地图配置窗口","地图名字","DataGridViewTextBoxColumn","","admin-source/current/NetClientFrom/超级地图配置窗口.cs","151"
"admin","NetClientFrom.超级地图配置窗口","进入关键词","DataGridViewTextBoxColumn","","admin-source/current/NetClientFrom/超级地图配置窗口.cs","153"
"admin","NetClientFrom.超级地图配置窗口","组队限制","DataGridViewTextBoxColumn","","admin-source/current/NetClientFrom/超级地图配置窗口.cs","155"
"admin","NetClientFrom.超级地图配置窗口","等级限制","DataGridViewTextBoxColumn","","admin-source/current/NetClientFrom/超级地图配置窗口.cs","157"
"admin","NetClientFrom.超级地图配置窗口","道行限制","DataGridViewTextBoxColumn","","admin-source/current/NetClientFrom/超级地图配置窗口.cs","159"
"admin","NetClientFrom.超级地图配置窗口","活跃限制","DataGridViewTextBoxColumn","","admin-source/current/NetClientFrom/超级地图配置窗口.cs","161"
"admin","NetClientFrom.超级地图配置窗口","称号限制","DataGridViewTextBoxColumn","","admin-source/current/NetClientFrom/超级地图配置窗口.cs","163"
"admin","NetClientFrom.超级地图配置窗口","消耗限制","DataGridViewTextBoxColumn","","admin-source/current/NetClientFrom/超级地图配置窗口.cs","165"
"admin","NetClientFrom.超级地图配置窗口","I","超级地图配置窗口","","admin-source/current/NetClientFrom/超级地图配置窗口.cs","167"
"admin","NetClientFrom.超级坐骑配置窗口","i","超级坐骑配置窗口","","admin-source/current/NetClientFrom/超级坐骑配置窗口.cs","11"
"admin","NetClientFrom.超级坐骑配置窗口","components","IContainer","","admin-source/current/NetClientFrom/超级坐骑配置窗口.cs","13"
"admin","NetClientFrom.超级坐骑配置窗口","超级坐骑_重载按钮","Button","","admin-source/current/NetClientFrom/超级坐骑配置窗口.cs","15"
"admin","NetClientFrom.超级坐骑配置窗口","超级坐骑_保存按钮","Button","","admin-source/current/NetClientFrom/超级坐骑配置窗口.cs","17"
"admin","NetClientFrom.超级坐骑配置窗口","超级坐骑_开关","CheckBox","","admin-source/current/NetClientFrom/超级坐骑配置窗口.cs","19"
"admin","NetClientFrom.超级坐骑配置窗口","超级坐骑_战斗开关","CheckBox","","admin-source/current/NetClientFrom/超级坐骑配置窗口.cs","21"
"admin","NetClientFrom.超级坐骑配置窗口","超级坐骑_添加按钮","Button","","admin-source/current/NetClientFrom/超级坐骑配置窗口.cs","23"
"admin","NetClientFrom.超级坐骑配置窗口","label6","Label","","admin-source/current/NetClientFrom/超级坐骑配置窗口.cs","25"
"admin","NetClientFrom.超级坐骑配置窗口","超级坐骑_坐骑编号","TextBox","","admin-source/current/NetClientFrom/超级坐骑配置窗口.cs","27"
"admin","NetClientFrom.超级坐骑配置窗口","label1","Label","","admin-source/current/NetClientFrom/超级坐骑配置窗口.cs","29"
"admin","NetClientFrom.超级坐骑配置窗口","超级坐骑_飞行编号","TextBox","","admin-source/current/NetClientFrom/超级坐骑配置窗口.cs","31"
"admin","NetClientFrom.超级坐骑配置窗口","label2","Label","","admin-source/current/NetClientFrom/超级坐骑配置窗口.cs","33"
"admin","NetClientFrom.超级坐骑配置窗口","超级坐骑_战斗编号","TextBox","","admin-source/current/NetClientFrom/超级坐骑配置窗口.cs","35"
"admin","NetClientFrom.超级坐骑配置窗口","label3","Label","","admin-source/current/NetClientFrom/超级坐骑配置窗口.cs","37"
"admin","NetClientFrom.超级坐骑配置窗口","超级坐骑_备注","TextBox","","admin-source/current/NetClientFrom/超级坐骑配置窗口.cs","39"
"admin","NetClientFrom.超级坐骑配置窗口","超级坐骑_坐骑列表","DataGridView","","admin-source/current/NetClientFrom/超级坐骑配置窗口.cs","41"
"admin","NetClientFrom.超级坐骑配置窗口","坐骑编号","DataGridViewTextBoxColumn","","admin-source/current/NetClientFrom/超级坐骑配置窗口.cs","43"
"admin","NetClientFrom.超级坐骑配置窗口","飞行编号","DataGridViewTextBoxColumn","","admin-source/current/NetClientFrom/超级坐骑配置窗口.cs","45"
"admin","NetClientFrom.超级坐骑配置窗口","战斗编号","DataGridViewTextBoxColumn","","admin-source/current/NetClientFrom/超级坐骑配置窗口.cs","47"
"admin","NetClientFrom.超级坐骑配置窗口","备注","DataGridViewTextBoxColumn","","admin-source/current/NetClientFrom/超级坐骑配置窗口.cs","49"
"admin","NetClientFrom.超级坐骑配置窗口","修改窗口","Panel","","admin-source/current/NetClientFrom/超级坐骑配置窗口.cs","51"
"admin","NetClientFrom.超级坐骑配置窗口","label4","Label","","admin-source/current/NetClientFrom/超级坐骑配置窗口.cs","53"
"admin","NetClientFrom.超级坐骑配置窗口","修改_坐骑备注","TextBox","","admin-source/current/NetClientFrom/超级坐骑配置窗口.cs","55"
"admin","NetClientFrom.超级坐骑配置窗口","label5","Label","","admin-source/current/NetClientFrom/超级坐骑配置窗口.cs","57"
"admin","NetClientFrom.超级坐骑配置窗口","修改_战斗编号","TextBox","","admin-source/current/NetClientFrom/超级坐骑配置窗口.cs","59"
"admin","NetClientFrom.超级坐骑配置窗口","label7","Label","","admin-source/current/NetClientFrom/超级坐骑配置窗口.cs","61"
"admin","NetClientFrom.超级坐骑配置窗口","修改_飞行编号","TextBox","","admin-source/current/NetClientFrom/超级坐骑配置窗口.cs","63"
"admin","NetClientFrom.超级坐骑配置窗口","label8","Label","","admin-source/current/NetClientFrom/超级坐骑配置窗口.cs","65"
"admin","NetClientFrom.超级坐骑配置窗口","修改_名字","TextBox","","admin-source/current/NetClientFrom/超级坐骑配置窗口.cs","67"
"admin","NetClientFrom.超级坐骑配置窗口","修改_取消按钮","Button","","admin-source/current/NetClientFrom/超级坐骑配置窗口.cs","69"
"admin","NetClientFrom.超级坐骑配置窗口","修改_确定按钮","Button","","admin-source/current/NetClientFrom/超级坐骑配置窗口.cs","71"
"admin","NetClientFrom.超级坐骑配置窗口","I","超级坐骑配置窗口","","admin-source/current/NetClientFrom/超级坐骑配置窗口.cs","73"
"admin","NetClientFrom.超级道具配置窗口","i","超级道具配置窗口","","admin-source/current/NetClientFrom/超级道具配置窗口.cs","12"
"admin","NetClientFrom.超级道具配置窗口","components","IContainer","","admin-source/current/NetClientFrom/超级道具配置窗口.cs","14"
"admin","NetClientFrom.超级道具配置窗口","超级道具_开关","CheckBox","","admin-source/current/NetClientFrom/超级道具配置窗口.cs","16"
"admin","NetClientFrom.超级道具配置窗口","超级道具_重载按钮","Button","","admin-source/current/NetClientFrom/超级道具配置窗口.cs","18"
"admin","NetClientFrom.超级道具配置窗口","超级道具_保存按钮","Button","","admin-source/current/NetClientFrom/超级道具配置窗口.cs","20"
"admin","NetClientFrom.超级道具配置窗口","label6","Label","","admin-source/current/NetClientFrom/超级道具配置窗口.cs","22"
"admin","NetClientFrom.超级道具配置窗口","超级道具_自动使用道具","TextBox","","admin-source/current/NetClientFrom/超级道具配置窗口.cs","24"
"admin","NetClientFrom.超级道具配置窗口","label1","Label","","admin-source/current/NetClientFrom/超级道具配置窗口.cs","26"
"admin","NetClientFrom.超级道具配置窗口","超级道具_禁止使用道具","TextBox","","admin-source/current/NetClientFrom/超级道具配置窗口.cs","28"
"admin","NetClientFrom.超级道具配置窗口","label2","Label","","admin-source/current/NetClientFrom/超级道具配置窗口.cs","30"
"admin","NetClientFrom.超级道具配置窗口","超级道具_禁止摆摊道具","TextBox","","admin-source/current/NetClientFrom/超级道具配置窗口.cs","32"
"admin","NetClientFrom.超级道具配置窗口","label3","Label","","admin-source/current/NetClientFrom/超级道具配置窗口.cs","34"
"admin","NetClientFrom.超级道具配置窗口","超级道具_禁止交易道具","TextBox","","admin-source/current/NetClientFrom/超级道具配置窗口.cs","36"
"admin","NetClientFrom.超级道具配置窗口","label4","Label","","admin-source/current/NetClientFrom/超级道具配置窗口.cs","38"
"admin","NetClientFrom.超级道具配置窗口","超级道具_禁止商会道具","TextBox","","admin-source/current/NetClientFrom/超级道具配置窗口.cs","40"
"admin","NetClientFrom.超级道具配置窗口","label5","Label","","admin-source/current/NetClientFrom/超级道具配置窗口.cs","42"
"admin","NetClientFrom.超级道具配置窗口","超级道具_禁止拍卖道具","TextBox","","admin-source/current/NetClientFrom/超级道具配置窗口.cs","44"
"admin","NetClientFrom.超级道具配置窗口","label7","Label","","admin-source/current/NetClientFrom/超级道具配置窗口.cs","46"
"admin","NetClientFrom.超级道具配置窗口","超级道具_打开新增窗口按钮","Button","","admin-source/current/NetClientFrom/超级道具配置窗口.cs","48"
"admin","NetClientFrom.超级道具配置窗口","超级道具_道具列表","DataGridView","","admin-source/current/NetClientFrom/超级道具配置窗口.cs","50"
"admin","NetClientFrom.超级道具配置窗口","修改窗口","Panel","","admin-source/current/NetClientFrom/超级道具配置窗口.cs","52"
"admin","NetClientFrom.超级道具配置窗口","label8","Label","","admin-source/current/NetClientFrom/超级道具配置窗口.cs","54"
"admin","NetClientFrom.超级道具配置窗口","修改_名字","TextBox","","admin-source/current/NetClientFrom/超级道具配置窗口.cs","56"
"admin","NetClientFrom.超级道具配置窗口","label10","Label","","admin-source/current/NetClientFrom/超级道具配置窗口.cs","58"
"admin","NetClientFrom.超级道具配置窗口","修改_使用数量","NumericUpDown","","admin-source/current/NetClientFrom/超级道具配置窗口.cs","60"
"admin","NetClientFrom.超级道具配置窗口","label9","Label","","admin-source/current/NetClientFrom/超级道具配置窗口.cs","62"
"admin","NetClientFrom.超级道具配置窗口","修改_消耗价格","TextBox","","admin-source/current/NetClientFrom/超级道具配置窗口.cs","64"
"admin","NetClientFrom.超级道具配置窗口","修改_消耗类型","ComboBox","","admin-source/current/NetClientFrom/超级道具配置窗口.cs","66"
"admin","NetClientFrom.超级道具配置窗口","label11","Label","","admin-source/current/NetClientFrom/超级道具配置窗口.cs","68"
"admin","NetClientFrom.超级道具配置窗口","修改_最高道行","NumericUpDown","","admin-source/current/NetClientFrom/超级道具配置窗口.cs","70"
"admin","NetClientFrom.超级道具配置窗口","label12","Label","","admin-source/current/NetClientFrom/超级道具配置窗口.cs","72"
"admin","NetClientFrom.超级道具配置窗口","修改_最低道行","NumericUpDown","","admin-source/current/NetClientFrom/超级道具配置窗口.cs","74"
"admin","NetClientFrom.超级道具配置窗口","修改_限制道行开关","CheckBox","","admin-source/current/NetClientFrom/超级道具配置窗口.cs","76"
"admin","NetClientFrom.超级道具配置窗口","修改_最高等级","NumericUpDown","","admin-source/current/NetClientFrom/超级道具配置窗口.cs","78"
"admin","NetClientFrom.超级道具配置窗口","label13","Label","","admin-source/current/NetClientFrom/超级道具配置窗口.cs","80"
"admin","NetClientFrom.超级道具配置窗口","修改_最低等级","NumericUpDown","","admin-source/current/NetClientFrom/超级道具配置窗口.cs","82"
"admin","NetClientFrom.超级道具配置窗口","修改_限制等级开关","CheckBox","","admin-source/current/NetClientFrom/超级道具配置窗口.cs","84"
"admin","NetClientFrom.超级道具配置窗口","修改_额外奖励最高","NumericUpDown","","admin-source/current/NetClientFrom/超级道具配置窗口.cs","86"
"admin","NetClientFrom.超级道具配置窗口","label16","Label","","admin-source/current/NetClientFrom/超级道具配置窗口.cs","88"
"admin","NetClientFrom.超级道具配置窗口","修改_额外奖励最低","NumericUpDown","","admin-source/current/NetClientFrom/超级道具配置窗口.cs","90"
"admin","NetClientFrom.超级道具配置窗口","修改_额外奖励类型","ComboBox","","admin-source/current/NetClientFrom/超级道具配置窗口.cs","92"
"admin","NetClientFrom.超级道具配置窗口","label15","Label","","admin-source/current/NetClientFrom/超级道具配置窗口.cs","94"
"admin","NetClientFrom.超级道具配置窗口","修改_额外奖励开关","CheckBox","","admin-source/current/NetClientFrom/超级道具配置窗口.cs","96"
"admin","NetClientFrom.超级道具配置窗口","label14","Label","","admin-source/current/NetClientFrom/超级道具配置窗口.cs","98"
"admin","NetClientFrom.超级道具配置窗口","修改_指定称号","TextBox","","admin-source/current/NetClientFrom/超级道具配置窗口.cs","100"
"admin","NetClientFrom.超级道具配置窗口","修改_限制称号开关","CheckBox","","admin-source/current/NetClientFrom/超级道具配置窗口.cs","102"
"admin","NetClientFrom.超级道具配置窗口","修改_重置累计开关","CheckBox","","admin-source/current/NetClientFrom/超级道具配置窗口.cs","104"
"admin","NetClientFrom.超级道具配置窗口","修改_累计使用开关","CheckBox","","admin-source/current/NetClientFrom/超级道具配置窗口.cs","106"
"admin","NetClientFrom.超级道具配置窗口","修改_额外奖励几率","NumericUpDown","","admin-source/current/NetClientFrom/超级道具配置窗口.cs","108"
"admin","NetClientFrom.超级道具配置窗口","label17","Label","","admin-source/current/NetClientFrom/超级道具配置窗口.cs","110"
"admin","NetClientFrom.超级道具配置窗口","修改_当前累计奖励类型","ComboBox","","admin-source/current/NetClientFrom/超级道具配置窗口.cs","112"
"admin","NetClientFrom.超级道具配置窗口","label20","Label","","admin-source/current/NetClientFrom/超级道具配置窗口.cs","114"
"admin","NetClientFrom.超级道具配置窗口","修改_最高累计数量","NumericUpDown","","admin-source/current/NetClientFrom/超级道具配置窗口.cs","116"
"admin","NetClientFrom.超级道具配置窗口","label19","Label","","admin-source/current/NetClientFrom/超级道具配置窗口.cs","118"
"admin","NetClientFrom.超级道具配置窗口","修改_最低累计数量","NumericUpDown","","admin-source/current/NetClientFrom/超级道具配置窗口.cs","120"
"admin","NetClientFrom.超级道具配置窗口","label18","Label","","admin-source/current/NetClientFrom/超级道具配置窗口.cs","122"
"admin","NetClientFrom.超级道具配置窗口","修改_添加累计奖励按钮","Button","","admin-source/current/NetClientFrom/超级道具配置窗口.cs","124"
"admin","NetClientFrom.超级道具配置窗口","修改_当前累计奖励内容","TextBox","","admin-source/current/NetClientFrom/超级道具配置窗口.cs","126"
"admin","NetClientFrom.超级道具配置窗口","修改_累计奖励列表","DataGridView","","admin-source/current/NetClientFrom/超级道具配置窗口.cs","128"
"admin","NetClientFrom.超级道具配置窗口","修改_取消按钮","Button","","admin-source/current/NetClientFrom/超级道具配置窗口.cs","130"
"admin","NetClientFrom.超级道具配置窗口","修改_确定按钮","Button","","admin-source/current/NetClientFrom/超级道具配置窗口.cs","132"
"admin","NetClientFrom.超级道具配置窗口","最低累计","DataGridViewTextBoxColumn","","admin-source/current/NetClientFrom/超级道具配置窗口.cs","134"
"admin","NetClientFrom.超级道具配置窗口","最高累计","DataGridViewTextBoxColumn","","admin-source/current/NetClientFrom/超级道具配置窗口.cs","136"
"admin","NetClientFrom.超级道具配置窗口","奖励类型","DataGridViewTextBoxColumn","","admin-source/current/NetClientFrom/超级道具配置窗口.cs","138"
"admin","NetClientFrom.超级道具配置窗口","奖励内容","DataGridViewTextBoxColumn","","admin-source/current/NetClientFrom/超级道具配置窗口.cs","140"
"admin","NetClientFrom.超级道具配置窗口","label21","Label","","admin-source/current/NetClientFrom/超级道具配置窗口.cs","142"
"admin","NetClientFrom.超级道具配置窗口","道具名字","DataGridViewTextBoxColumn","","admin-source/current/NetClientFrom/超级道具配置窗口.cs","144"
"admin","NetClientFrom.超级道具配置窗口","最多使用数量","DataGridViewTextBoxColumn","","admin-source/current/NetClientFrom/超级道具配置窗口.cs","146"
"admin","NetClientFrom.超级道具配置窗口","使用消耗","DataGridViewTextBoxColumn","","admin-source/current/NetClientFrom/超级道具配置窗口.cs","148"
"admin","NetClientFrom.超级道具配置窗口","使用等级","DataGridViewTextBoxColumn","","admin-source/current/NetClientFrom/超级道具配置窗口.cs","150"
"admin","NetClientFrom.超级道具配置窗口","使用道行","DataGridViewTextBoxColumn","","admin-source/current/NetClientFrom/超级道具配置窗口.cs","152"
"admin","NetClientFrom.超级道具配置窗口","使用称号","DataGridViewTextBoxColumn","","admin-source/current/NetClientFrom/超级道具配置窗口.cs","154"
"admin","NetClientFrom.超级道具配置窗口","额外奖励","DataGridViewTextBoxColumn","","admin-source/current/NetClientFrom/超级道具配置窗口.cs","156"
"admin","NetClientFrom.超级道具配置窗口","累计使用奖励","DataGridViewTextBoxColumn","","admin-source/current/NetClientFrom/超级道具配置窗口.cs","158"
"admin","NetClientFrom.超级道具配置窗口","label22","Label","","admin-source/current/NetClientFrom/超级道具配置窗口.cs","160"
"admin","NetClientFrom.超级道具配置窗口","超级道具_禁止丢弃道具","TextBox","","admin-source/current/NetClientFrom/超级道具配置窗口.cs","162"
"admin","NetClientFrom.超级道具配置窗口","label23","Label","","admin-source/current/NetClientFrom/超级道具配置窗口.cs","164"
"admin","NetClientFrom.超级道具配置窗口","超级道具_使用校验道具","TextBox","","admin-source/current/NetClientFrom/超级道具配置窗口.cs","166"
"admin","NetClientFrom.超级道具配置窗口","超级道具_提示组件","ToolTip","","admin-source/current/NetClientFrom/超级道具配置窗口.cs","168"
"admin","NetClientFrom.超级道具配置窗口","label24","Label","","admin-source/current/NetClientFrom/超级道具配置窗口.cs","170"
"admin","NetClientFrom.超级道具配置窗口","超级道具_自动绑定道具","TextBox","","admin-source/current/NetClientFrom/超级道具配置窗口.cs","172"
"admin","NetClientFrom.超级道具配置窗口","label附加属性类型","Label","","admin-source/current/NetClientFrom/超级道具配置窗口.cs","174"
"admin","NetClientFrom.超级道具配置窗口","修改_附加属性类型","ComboBox","","admin-source/current/NetClientFrom/超级道具配置窗口.cs","176"
"admin","NetClientFrom.超级道具配置窗口","label27","Label","","admin-source/current/NetClientFrom/超级道具配置窗口.cs","178"
"admin","NetClientFrom.超级道具配置窗口","修改_附加属性限时","NumericUpDown","","admin-source/current/NetClientFrom/超级道具配置窗口.cs","180"
"admin","NetClientFrom.超级道具配置窗口","label附加属性限时","Label","","admin-source/current/NetClientFrom/超级道具配置窗口.cs","182"
"admin","NetClientFrom.超级道具配置窗口","超级道具_定制开关","CheckBox","","admin-source/current/NetClientFrom/超级道具配置窗口.cs","184"
"admin","NetClientFrom.超级道具配置窗口","I","超级道具配置窗口","","admin-source/current/NetClientFrom/超级道具配置窗口.cs","186"
"admin","NetClientFrom.通天塔突破配置窗口","i","通天塔突破配置窗口","","admin-source/current/NetClientFrom/通天塔突破配置窗口.cs","12"
"admin","NetClientFrom.通天塔突破配置窗口","components","IContainer","","admin-source/current/NetClientFrom/通天塔突破配置窗口.cs","14"
"admin","NetClientFrom.通天塔突破配置窗口","通天塔_开关","CheckBox","","admin-source/current/NetClientFrom/通天塔突破配置窗口.cs","16"
"admin","NetClientFrom.通天塔突破配置窗口","通天塔_重载按钮","Button","","admin-source/current/NetClientFrom/通天塔突破配置窗口.cs","18"
"admin","NetClientFrom.通天塔突破配置窗口","通天塔_保存按钮","Button","","admin-source/current/NetClientFrom/通天塔突破配置窗口.cs","20"
"admin","NetClientFrom.通天塔突破配置窗口","通天塔_突破层数","NumericUpDown","","admin-source/current/NetClientFrom/通天塔突破配置窗口.cs","22"
"admin","NetClientFrom.通天塔突破配置窗口","label6","Label","","admin-source/current/NetClientFrom/通天塔突破配置窗口.cs","24"
"admin","NetClientFrom.通天塔突破配置窗口","通天塔_突破奖励","TextBox","","admin-source/current/NetClientFrom/通天塔突破配置窗口.cs","26"
"admin","NetClientFrom.通天塔突破配置窗口","label1","Label","","admin-source/current/NetClientFrom/通天塔突破配置窗口.cs","28"
"admin","NetClientFrom.通天塔突破配置窗口","通天塔_添加按钮","Button","","admin-source/current/NetClientFrom/通天塔突破配置窗口.cs","30"
"admin","NetClientFrom.通天塔突破配置窗口","通天塔_奖励列表","DataGridView","","admin-source/current/NetClientFrom/通天塔突破配置窗口.cs","32"
"admin","NetClientFrom.通天塔突破配置窗口","突破层数","DataGridViewTextBoxColumn","","admin-source/current/NetClientFrom/通天塔突破配置窗口.cs","34"
"admin","NetClientFrom.通天塔突破配置窗口","首次突破奖励","DataGridViewTextBoxColumn","","admin-source/current/NetClientFrom/通天塔突破配置窗口.cs","36"
"admin","NetClientFrom.通天塔突破配置窗口","修改窗口","Panel","","admin-source/current/NetClientFrom/通天塔突破配置窗口.cs","38"
"admin","NetClientFrom.通天塔突破配置窗口","label3","Label","","admin-source/current/NetClientFrom/通天塔突破配置窗口.cs","40"
"admin","NetClientFrom.通天塔突破配置窗口","修改_奖励","TextBox","","admin-source/current/NetClientFrom/通天塔突破配置窗口.cs","42"
"admin","NetClientFrom.通天塔突破配置窗口","label2","Label","","admin-source/current/NetClientFrom/通天塔突破配置窗口.cs","44"
"admin","NetClientFrom.通天塔突破配置窗口","修改_取消按钮","Button","","admin-source/current/NetClientFrom/通天塔突破配置窗口.cs","46"
"admin","NetClientFrom.通天塔突破配置窗口","修改_确定按钮","Button","","admin-source/current/NetClientFrom/通天塔突破配置窗口.cs","48"
"admin","NetClientFrom.通天塔突破配置窗口","修改_名字","TextBox","","admin-source/current/NetClientFrom/通天塔突破配置窗口.cs","50"
"admin","NetClientFrom.通天塔突破配置窗口","I","通天塔突破配置窗口","","admin-source/current/NetClientFrom/通天塔突破配置窗口.cs","52"
"admin","NetClientFrom.道具宠物回收配置窗口","i","道具宠物回收配置窗口","","admin-source/current/NetClientFrom/道具宠物回收配置窗口.cs","11"
"admin","NetClientFrom.道具宠物回收配置窗口","components","IContainer","","admin-source/current/NetClientFrom/道具宠物回收配置窗口.cs","13"
"admin","NetClientFrom.道具宠物回收配置窗口","回收_重载按钮","Button","","admin-source/current/NetClientFrom/道具宠物回收配置窗口.cs","15"
"admin","NetClientFrom.道具宠物回收配置窗口","回收_保存按钮","Button","","admin-source/current/NetClientFrom/道具宠物回收配置窗口.cs","17"
"admin","NetClientFrom.道具宠物回收配置窗口","回收_道具开关","CheckBox","","admin-source/current/NetClientFrom/道具宠物回收配置窗口.cs","19"
"admin","NetClientFrom.道具宠物回收配置窗口","回收_宠物开关","CheckBox","","admin-source/current/NetClientFrom/道具宠物回收配置窗口.cs","21"
"admin","NetClientFrom.道具宠物回收配置窗口","回收_名字","TextBox","","admin-source/current/NetClientFrom/道具宠物回收配置窗口.cs","23"
"admin","NetClientFrom.道具宠物回收配置窗口","label6","Label","","admin-source/current/NetClientFrom/道具宠物回收配置窗口.cs","25"
"admin","NetClientFrom.道具宠物回收配置窗口","回收_累充点","NumericUpDown","","admin-source/current/NetClientFrom/道具宠物回收配置窗口.cs","27"
"admin","NetClientFrom.道具宠物回收配置窗口","label5","Label","","admin-source/current/NetClientFrom/道具宠物回收配置窗口.cs","29"
"admin","NetClientFrom.道具宠物回收配置窗口","回收_金元宝","NumericUpDown","","admin-source/current/NetClientFrom/道具宠物回收配置窗口.cs","31"
"admin","NetClientFrom.道具宠物回收配置窗口","label2","Label","","admin-source/current/NetClientFrom/道具宠物回收配置窗口.cs","33"
"admin","NetClientFrom.道具宠物回收配置窗口","回收_类型","ComboBox","","admin-source/current/NetClientFrom/道具宠物回收配置窗口.cs","35"
"admin","NetClientFrom.道具宠物回收配置窗口","label14","Label","","admin-source/current/NetClientFrom/道具宠物回收配置窗口.cs","37"
"admin","NetClientFrom.道具宠物回收配置窗口","回收_累充点几率","NumericUpDown","","admin-source/current/NetClientFrom/道具宠物回收配置窗口.cs","39"
"admin","NetClientFrom.道具宠物回收配置窗口","label1","Label","","admin-source/current/NetClientFrom/道具宠物回收配置窗口.cs","41"
"admin","NetClientFrom.道具宠物回收配置窗口","回收_添加按钮","Button","","admin-source/current/NetClientFrom/道具宠物回收配置窗口.cs","43"
"admin","NetClientFrom.道具宠物回收配置窗口","回收_银元宝","NumericUpDown","","admin-source/current/NetClientFrom/道具宠物回收配置窗口.cs","45"
"admin","NetClientFrom.道具宠物回收配置窗口","label3","Label","","admin-source/current/NetClientFrom/道具宠物回收配置窗口.cs","47"
"admin","NetClientFrom.道具宠物回收配置窗口","label4","Label","","admin-source/current/NetClientFrom/道具宠物回收配置窗口.cs","49"
"admin","NetClientFrom.道具宠物回收配置窗口","回收_南极点几率","NumericUpDown","","admin-source/current/NetClientFrom/道具宠物回收配置窗口.cs","51"
"admin","NetClientFrom.道具宠物回收配置窗口","回收_南极点","NumericUpDown","","admin-source/current/NetClientFrom/道具宠物回收配置窗口.cs","53"
"admin","NetClientFrom.道具宠物回收配置窗口","label9","Label","","admin-source/current/NetClientFrom/道具宠物回收配置窗口.cs","55"
"admin","NetClientFrom.道具宠物回收配置窗口","groupBox1","GroupBox","","admin-source/current/NetClientFrom/道具宠物回收配置窗口.cs","57"
"admin","NetClientFrom.道具宠物回收配置窗口","回收_回收列表","DataGridView","","admin-source/current/NetClientFrom/道具宠物回收配置窗口.cs","59"
"admin","NetClientFrom.道具宠物回收配置窗口","修改窗口","Panel","","admin-source/current/NetClientFrom/道具宠物回收配置窗口.cs","61"
"admin","NetClientFrom.道具宠物回收配置窗口","label7","Label","","admin-source/current/NetClientFrom/道具宠物回收配置窗口.cs","63"
"admin","NetClientFrom.道具宠物回收配置窗口","label8","Label","","admin-source/current/NetClientFrom/道具宠物回收配置窗口.cs","65"
"admin","NetClientFrom.道具宠物回收配置窗口","label10","Label","","admin-source/current/NetClientFrom/道具宠物回收配置窗口.cs","67"
"admin","NetClientFrom.道具宠物回收配置窗口","修改_南极点几率","NumericUpDown","","admin-source/current/NetClientFrom/道具宠物回收配置窗口.cs","69"
"admin","NetClientFrom.道具宠物回收配置窗口","修改_金元宝","NumericUpDown","","admin-source/current/NetClientFrom/道具宠物回收配置窗口.cs","71"
"admin","NetClientFrom.道具宠物回收配置窗口","修改_南极点","NumericUpDown","","admin-source/current/NetClientFrom/道具宠物回收配置窗口.cs","73"
"admin","NetClientFrom.道具宠物回收配置窗口","label11","Label","","admin-source/current/NetClientFrom/道具宠物回收配置窗口.cs","75"
"admin","NetClientFrom.道具宠物回收配置窗口","label12","Label","","admin-source/current/NetClientFrom/道具宠物回收配置窗口.cs","77"
"admin","NetClientFrom.道具宠物回收配置窗口","修改_累充点","NumericUpDown","","admin-source/current/NetClientFrom/道具宠物回收配置窗口.cs","79"
"admin","NetClientFrom.道具宠物回收配置窗口","修改_银元宝","NumericUpDown","","admin-source/current/NetClientFrom/道具宠物回收配置窗口.cs","81"
"admin","NetClientFrom.道具宠物回收配置窗口","label13","Label","","admin-source/current/NetClientFrom/道具宠物回收配置窗口.cs","83"
"admin","NetClientFrom.道具宠物回收配置窗口","label15","Label","","admin-source/current/NetClientFrom/道具宠物回收配置窗口.cs","85"
"admin","NetClientFrom.道具宠物回收配置窗口","修改_类型","TextBox","","admin-source/current/NetClientFrom/道具宠物回收配置窗口.cs","87"
"admin","NetClientFrom.道具宠物回收配置窗口","修改_确定按钮","Button","","admin-source/current/NetClientFrom/道具宠物回收配置窗口.cs","89"
"admin","NetClientFrom.道具宠物回收配置窗口","label16","Label","","admin-source/current/NetClientFrom/道具宠物回收配置窗口.cs","91"
"admin","NetClientFrom.道具宠物回收配置窗口","修改_累充点几率","NumericUpDown","","admin-source/current/NetClientFrom/道具宠物回收配置窗口.cs","93"
"admin","NetClientFrom.道具宠物回收配置窗口","修改_取消按钮","Button","","admin-source/current/NetClientFrom/道具宠物回收配置窗口.cs","95"
"admin","NetClientFrom.道具宠物回收配置窗口","修改_名字","TextBox","","admin-source/current/NetClientFrom/道具宠物回收配置窗口.cs","97"
"admin","NetClientFrom.道具宠物回收配置窗口","label17","Label","","admin-source/current/NetClientFrom/道具宠物回收配置窗口.cs","99"
"admin","NetClientFrom.道具宠物回收配置窗口","回收_添加提示","Label","","admin-source/current/NetClientFrom/道具宠物回收配置窗口.cs","101"
"admin","NetClientFrom.道具宠物回收配置窗口","label18","Label","","admin-source/current/NetClientFrom/道具宠物回收配置窗口.cs","103"
"admin","NetClientFrom.道具宠物回收配置窗口","回收_奇宝点几率","NumericUpDown","","admin-source/current/NetClientFrom/道具宠物回收配置窗口.cs","105"
"admin","NetClientFrom.道具宠物回收配置窗口","回收_奇宝点","NumericUpDown","","admin-source/current/NetClientFrom/道具宠物回收配置窗口.cs","107"
"admin","NetClientFrom.道具宠物回收配置窗口","label19","Label","","admin-source/current/NetClientFrom/道具宠物回收配置窗口.cs","109"
"admin","NetClientFrom.道具宠物回收配置窗口","label20","Label","","admin-source/current/NetClientFrom/道具宠物回收配置窗口.cs","111"
"admin","NetClientFrom.道具宠物回收配置窗口","修改_奇宝点几率","NumericUpDown","","admin-source/current/NetClientFrom/道具宠物回收配置窗口.cs","113"
"admin","NetClientFrom.道具宠物回收配置窗口","修改_奇宝点","NumericUpDown","","admin-source/current/NetClientFrom/道具宠物回收配置窗口.cs","115"
"admin","NetClientFrom.道具宠物回收配置窗口","label21","Label","","admin-source/current/NetClientFrom/道具宠物回收配置窗口.cs","117"
"admin","NetClientFrom.道具宠物回收配置窗口","回收_禁止绑定宠物回收","CheckBox","","admin-source/current/NetClientFrom/道具宠物回收配置窗口.cs","119"
"admin","NetClientFrom.道具宠物回收配置窗口","回收_禁止绑定找回","CheckBox","","admin-source/current/NetClientFrom/道具宠物回收配置窗口.cs","121"
"admin","NetClientFrom.道具宠物回收配置窗口","label25","Label","","admin-source/current/NetClientFrom/道具宠物回收配置窗口.cs","123"
"admin","NetClientFrom.道具宠物回收配置窗口","回收_奖励道具最高数量","NumericUpDown","","admin-source/current/NetClientFrom/道具宠物回收配置窗口.cs","125"
"admin","NetClientFrom.道具宠物回收配置窗口","label23","Label","","admin-source/current/NetClientFrom/道具宠物回收配置窗口.cs","127"
"admin","NetClientFrom.道具宠物回收配置窗口","回收_奖励道具几率","NumericUpDown","","admin-source/current/NetClientFrom/道具宠物回收配置窗口.cs","129"
"admin","NetClientFrom.道具宠物回收配置窗口","回收_奖励道具最低数量","NumericUpDown","","admin-source/current/NetClientFrom/道具宠物回收配置窗口.cs","131"
"admin","NetClientFrom.道具宠物回收配置窗口","label24","Label","","admin-source/current/NetClientFrom/道具宠物回收配置窗口.cs","133"
"admin","NetClientFrom.道具宠物回收配置窗口","label22","Label","","admin-source/current/NetClientFrom/道具宠物回收配置窗口.cs","135"
"admin","NetClientFrom.道具宠物回收配置窗口","回收_奖励道具","TextBox","","admin-source/current/NetClientFrom/道具宠物回收配置窗口.cs","137"
"admin","NetClientFrom.道具宠物回收配置窗口","label26","Label","","admin-source/current/NetClientFrom/道具宠物回收配置窗口.cs","139"
"admin","NetClientFrom.道具宠物回收配置窗口","修改_奖励道具最高数量","NumericUpDown","","admin-source/current/NetClientFrom/道具宠物回收配置窗口.cs","141"
"admin","NetClientFrom.道具宠物回收配置窗口","label27","Label","","admin-source/current/NetClientFrom/道具宠物回收配置窗口.cs","143"
"admin","NetClientFrom.道具宠物回收配置窗口","修改_奖励道具几率","NumericUpDown","","admin-source/current/NetClientFrom/道具宠物回收配置窗口.cs","145"
"admin","NetClientFrom.道具宠物回收配置窗口","修改_奖励道具最低数量","NumericUpDown","","admin-source/current/NetClientFrom/道具宠物回收配置窗口.cs","147"
"admin","NetClientFrom.道具宠物回收配置窗口","label28","Label","","admin-source/current/NetClientFrom/道具宠物回收配置窗口.cs","149"
"admin","NetClientFrom.道具宠物回收配置窗口","label29","Label","","admin-source/current/NetClientFrom/道具宠物回收配置窗口.cs","151"
"admin","NetClientFrom.道具宠物回收配置窗口","修改_奖励道具","TextBox","","admin-source/current/NetClientFrom/道具宠物回收配置窗口.cs","153"
"admin","NetClientFrom.道具宠物回收配置窗口","label30","Label","","admin-source/current/NetClientFrom/道具宠物回收配置窗口.cs","155"
"admin","NetClientFrom.道具宠物回收配置窗口","回收_游戏币几率","NumericUpDown","","admin-source/current/NetClientFrom/道具宠物回收配置窗口.cs","157"
"admin","NetClientFrom.道具宠物回收配置窗口","回收_游戏币","NumericUpDown","","admin-source/current/NetClientFrom/道具宠物回收配置窗口.cs","159"
"admin","NetClientFrom.道具宠物回收配置窗口","label31","Label","","admin-source/current/NetClientFrom/道具宠物回收配置窗口.cs","161"
"admin","NetClientFrom.道具宠物回收配置窗口","label32","Label","","admin-source/current/NetClientFrom/道具宠物回收配置窗口.cs","163"
"admin","NetClientFrom.道具宠物回收配置窗口","修改_游戏币几率","NumericUpDown","","admin-source/current/NetClientFrom/道具宠物回收配置窗口.cs","165"
"admin","NetClientFrom.道具宠物回收配置窗口","修改_游戏币","NumericUpDown","","admin-source/current/NetClientFrom/道具宠物回收配置窗口.cs","167"
"admin","NetClientFrom.道具宠物回收配置窗口","label33","Label","","admin-source/current/NetClientFrom/道具宠物回收配置窗口.cs","169"
"admin","NetClientFrom.道具宠物回收配置窗口","label34","Label","","admin-source/current/NetClientFrom/道具宠物回收配置窗口.cs","171"
"admin","NetClientFrom.道具宠物回收配置窗口","label35","Label","","admin-source/current/NetClientFrom/道具宠物回收配置窗口.cs","173"
"admin","NetClientFrom.道具宠物回收配置窗口","回收_灵气值几率","NumericUpDown","","admin-source/current/NetClientFrom/道具宠物回收配置窗口.cs","175"
"admin","NetClientFrom.道具宠物回收配置窗口","回收_灵气值","NumericUpDown","","admin-source/current/NetClientFrom/道具宠物回收配置窗口.cs","177"
"admin","NetClientFrom.道具宠物回收配置窗口","label36","Label","","admin-source/current/NetClientFrom/道具宠物回收配置窗口.cs","179"
"admin","NetClientFrom.道具宠物回收配置窗口","label37","Label","","admin-source/current/NetClientFrom/道具宠物回收配置窗口.cs","181"
"admin","NetClientFrom.道具宠物回收配置窗口","修改_灵气值几率","NumericUpDown","","admin-source/current/NetClientFrom/道具宠物回收配置窗口.cs","183"
"admin","NetClientFrom.道具宠物回收配置窗口","修改_灵气值","NumericUpDown","","admin-source/current/NetClientFrom/道具宠物回收配置窗口.cs","185"
"admin","NetClientFrom.道具宠物回收配置窗口","label38","Label","","admin-source/current/NetClientFrom/道具宠物回收配置窗口.cs","187"
"admin","NetClientFrom.道具宠物回收配置窗口","名字","DataGridViewTextBoxColumn","","admin-source/current/NetClientFrom/道具宠物回收配置窗口.cs","189"
"admin","NetClientFrom.道具宠物回收配置窗口","类型","DataGridViewTextBoxColumn","","admin-source/current/NetClientFrom/道具宠物回收配置窗口.cs","191"
"admin","NetClientFrom.道具宠物回收配置窗口","金元宝","DataGridViewTextBoxColumn","","admin-source/current/NetClientFrom/道具宠物回收配置窗口.cs","193"
"admin","NetClientFrom.道具宠物回收配置窗口","银元宝","DataGridViewTextBoxColumn","","admin-source/current/NetClientFrom/道具宠物回收配置窗口.cs","195"
"admin","NetClientFrom.道具宠物回收配置窗口","累充点","DataGridViewTextBoxColumn","","admin-source/current/NetClientFrom/道具宠物回收配置窗口.cs","197"
"admin","NetClientFrom.道具宠物回收配置窗口","南极点","DataGridViewTextBoxColumn","","admin-source/current/NetClientFrom/道具宠物回收配置窗口.cs","199"
"admin","NetClientFrom.道具宠物回收配置窗口","奇宝点","DataGridViewTextBoxColumn","","admin-source/current/NetClientFrom/道具宠物回收配置窗口.cs","201"
"admin","NetClientFrom.道具宠物回收配置窗口","游戏币","DataGridViewTextBoxColumn","","admin-source/current/NetClientFrom/道具宠物回收配置窗口.cs","203"
"admin","NetClientFrom.道具宠物回收配置窗口","Column1","DataGridViewTextBoxColumn","","admin-source/current/NetClientFrom/道具宠物回收配置窗口.cs","205"
"admin","NetClientFrom.道具宠物回收配置窗口","奖励道具","DataGridViewTextBoxColumn","","admin-source/current/NetClientFrom/道具宠物回收配置窗口.cs","207"
"admin","NetClientFrom.道具宠物回收配置窗口","I","道具宠物回收配置窗口","","admin-source/current/NetClientFrom/道具宠物回收配置窗口.cs","209"
"admin","NetClientFrom.道行达标奖励配置窗口","i","道行达标奖励配置窗口","","admin-source/current/NetClientFrom/道行达标奖励配置窗口.cs","12"
"admin","NetClientFrom.道行达标奖励配置窗口","components","IContainer","","admin-source/current/NetClientFrom/道行达标奖励配置窗口.cs","14"
"admin","NetClientFrom.道行达标奖励配置窗口","道行达标_开关","CheckBox","","admin-source/current/NetClientFrom/道行达标奖励配置窗口.cs","16"
"admin","NetClientFrom.道行达标奖励配置窗口","道行达标_重载按钮","Button","","admin-source/current/NetClientFrom/道行达标奖励配置窗口.cs","18"
"admin","NetClientFrom.道行达标奖励配置窗口","道行达标_保存按钮","Button","","admin-source/current/NetClientFrom/道行达标奖励配置窗口.cs","20"
"admin","NetClientFrom.道行达标奖励配置窗口","道行达标_奖励道具","TextBox","","admin-source/current/NetClientFrom/道行达标奖励配置窗口.cs","22"
"admin","NetClientFrom.道行达标奖励配置窗口","textBox1","TextBox","","admin-source/current/NetClientFrom/道行达标奖励配置窗口.cs","24"
"admin","NetClientFrom.道行达标奖励配置窗口","道行达标_添加按钮","Button","","admin-source/current/NetClientFrom/道行达标奖励配置窗口.cs","26"
"admin","NetClientFrom.道行达标奖励配置窗口","道行达标_道行列表","DataGridView","","admin-source/current/NetClientFrom/道行达标奖励配置窗口.cs","28"
"admin","NetClientFrom.道行达标奖励配置窗口","道行达标_添加道行","NumericUpDown","","admin-source/current/NetClientFrom/道行达标奖励配置窗口.cs","30"
"admin","NetClientFrom.道行达标奖励配置窗口","达标道行","DataGridViewTextBoxColumn","","admin-source/current/NetClientFrom/道行达标奖励配置窗口.cs","32"
"admin","NetClientFrom.道行达标奖励配置窗口","奖励内容","DataGridViewTextBoxColumn","","admin-source/current/NetClientFrom/道行达标奖励配置窗口.cs","34"
"admin","NetClientFrom.道行达标奖励配置窗口","I","道行达标奖励配置窗口","","admin-source/current/NetClientFrom/道行达标奖励配置窗口.cs","36"
"admin","NetClientFrom.限时副本地图配置窗口","TimedDungeonConfigType","int","1000","admin-source/current/NetClientFrom/限时副本地图配置窗口.cs","12"
"admin","NetClientFrom.限时副本地图配置窗口","i","限时副本地图配置窗口","","admin-source/current/NetClientFrom/限时副本地图配置窗口.cs","13"
"admin","NetClientFrom.限时副本地图配置窗口","总开关","CheckBox","new() { Text = ""启用限时副本地图"", AutoSize = true }","admin-source/current/NetClientFrom/限时副本地图配置窗口.cs","14"
"admin","NetClientFrom.限时副本地图配置窗口","规则列表","DataGridView","new()","admin-source/current/NetClientFrom/限时副本地图配置窗口.cs","15"
"admin","NetClientFrom.限时副本地图配置窗口","数据源","BindingSource","new()","admin-source/current/NetClientFrom/限时副本地图配置窗口.cs","16"
"admin","NetClientFrom.限时副本地图配置窗口","状态","Label","new() { AutoSize = true, ForeColor = Color.DimGray }","admin-source/current/NetClientFrom/限时副本地图配置窗口.cs","17"
"admin","NetClientFrom.限时副本地图配置窗口","配置","限时副本配置","new()","admin-source/current/NetClientFrom/限时副本地图配置窗口.cs","18"
"admin","NetClientFrom.限时副本地图配置窗口","I","限时副本地图配置窗口","i ??= new 限时副本地图配置窗口()","admin-source/current/NetClientFrom/限时副本地图配置窗口.cs","20"
"admin","NetClientFrom.限时副本配置","Open","bool","","admin-source/current/NetClientFrom/限时副本地图配置窗口.cs","215"
"admin","NetClientFrom.限时副本配置","Rules","List<限时副本规则>","new()","admin-source/current/NetClientFrom/限时副本地图配置窗口.cs","216"
