"Project","Enum","Member","ValueExpression","ResolvedValue","File","Line"
"plugin-core","ArchiveSaveResult","Completed","","0","plugin-source/v10-source-restoration/ArchiveSaveGate.cs","5"
"plugin-core","ArchiveSaveResult","Busy","","1","plugin-source/v10-source-restoration/ArchiveSaveGate.cs","6"
"plugin-core","ArchiveSaveResult","Failed","","2","plugin-source/v10-source-restoration/ArchiveSaveGate.cs","7"
"plugin-model","AllEnums.后台通信类型","获取所有配置","","0","plugin-source/v10-source-restoration-lk/AllEnums.cs","5"
"plugin-model","AllEnums.后台通信类型","后台首页配置","","1","plugin-source/v10-source-restoration-lk/AllEnums.cs","6"
"plugin-model","AllEnums.后台通信类型","南极抽奖配置","","2","plugin-source/v10-source-restoration-lk/AllEnums.cs","7"
"plugin-model","AllEnums.后台通信类型","累充奖励配置","","3","plugin-source/v10-source-restoration-lk/AllEnums.cs","8"
"plugin-model","AllEnums.后台通信类型","全服泡点配置","","4","plugin-source/v10-source-restoration-lk/AllEnums.cs","9"
"plugin-model","AllEnums.后台通信类型","道宠回收配置","","5","plugin-source/v10-source-restoration-lk/AllEnums.cs","10"
"plugin-model","AllEnums.后台通信类型","喊话限制配置","","6","plugin-source/v10-source-restoration-lk/AllEnums.cs","11"
"plugin-model","AllEnums.后台通信类型","专属会员配置","","7","plugin-source/v10-source-restoration-lk/AllEnums.cs","12"
"plugin-model","AllEnums.后台通信类型","六道轮回配置","","8","plugin-source/v10-source-restoration-lk/AllEnums.cs","13"
"plugin-model","AllEnums.后台通信类型","异兽图鉴配置","","9","plugin-source/v10-source-restoration-lk/AllEnums.cs","14"
"plugin-model","AllEnums.后台通信类型","无双战场配置","","10","plugin-source/v10-source-restoration-lk/AllEnums.cs","15"
"plugin-model","AllEnums.后台通信类型","推荐拉人配置","","11","plugin-source/v10-source-restoration-lk/AllEnums.cs","16"
"plugin-model","AllEnums.后台通信类型","浮生化身配置","","12","plugin-source/v10-source-restoration-lk/AllEnums.cs","17"
"plugin-model","AllEnums.后台通信类型","角色监控信息","","13","plugin-source/v10-source-restoration-lk/AllEnums.cs","18"
"plugin-model","AllEnums.后台通信类型","CDK兑换信息","","14","plugin-source/v10-source-restoration-lk/AllEnums.cs","19"
"plugin-model","AllEnums.后台通信类型","超级道具配置","","15","plugin-source/v10-source-restoration-lk/AllEnums.cs","20"
"plugin-model","AllEnums.后台通信类型","燃眉之急配置","","16","plugin-source/v10-source-restoration-lk/AllEnums.cs","21"
"plugin-model","AllEnums.后台通信类型","宠物同源配置","","17","plugin-source/v10-source-restoration-lk/AllEnums.cs","22"
"plugin-model","AllEnums.后台通信类型","门派转换配置","","18","plugin-source/v10-source-restoration-lk/AllEnums.cs","23"
"plugin-model","AllEnums.后台通信类型","属性洗炼配置","","19","plugin-source/v10-source-restoration-lk/AllEnums.cs","24"
"plugin-model","AllEnums.后台通信类型","时装染色配置","","20","plugin-source/v10-source-restoration-lk/AllEnums.cs","25"
"plugin-model","AllEnums.后台通信类型","检测限制配置","","21","plugin-source/v10-source-restoration-lk/AllEnums.cs","26"
"plugin-model","AllEnums.后台通信类型","宠物召唤配置","","22","plugin-source/v10-source-restoration-lk/AllEnums.cs","27"
"plugin-model","AllEnums.后台通信类型","天塔突破配置","","23","plugin-source/v10-source-restoration-lk/AllEnums.cs","28"
"plugin-model","AllEnums.后台通信类型","自选礼包配置","","24","plugin-source/v10-source-restoration-lk/AllEnums.cs","29"
"plugin-model","AllEnums.后台通信类型","宠物绑定配置","","25","plugin-source/v10-source-restoration-lk/AllEnums.cs","30"
"plugin-model","AllEnums.后台通信类型","超级地图配置","","26","plugin-source/v10-source-restoration-lk/AllEnums.cs","31"
"plugin-model","AllEnums.后台通信类型","一键飞升配置","","27","plugin-source/v10-source-restoration-lk/AllEnums.cs","32"
"plugin-model","AllEnums.后台通信类型","法宝共生配置","","28","plugin-source/v10-source-restoration-lk/AllEnums.cs","33"
"plugin-model","AllEnums.后台通信类型","商城限购配置","","29","plugin-source/v10-source-restoration-lk/AllEnums.cs","34"
"plugin-model","AllEnums.后台通信类型","元宝礼包配置","","30","plugin-source/v10-source-restoration-lk/AllEnums.cs","35"
"plugin-model","AllEnums.后台通信类型","超级BOSS配置","","31","plugin-source/v10-source-restoration-lk/AllEnums.cs","36"
"plugin-model","AllEnums.后台通信类型","超级坐骑配置","","32","plugin-source/v10-source-restoration-lk/AllEnums.cs","37"
"plugin-model","AllEnums.后台通信类型","定义邮箱配置","","33","plugin-source/v10-source-restoration-lk/AllEnums.cs","38"
"plugin-model","AllEnums.后台通信类型","百炼合成配置","","34","plugin-source/v10-source-restoration-lk/AllEnums.cs","39"
"plugin-model","AllEnums.后台通信类型","网关配置","","35","plugin-source/v10-source-restoration-lk/AllEnums.cs","40"
"plugin-model","AllEnums.后台通信类型","超级NPC配置","","36","plugin-source/v10-source-restoration-lk/AllEnums.cs","41"
"plugin-model","AllEnums.后台通信类型","共享存档配置","","37","plugin-source/v10-source-restoration-lk/AllEnums.cs","42"
"plugin-model","AllEnums.后台通信类型","道行达标配置","","38","plugin-source/v10-source-restoration-lk/AllEnums.cs","43"
"plugin-model","AllEnums.后台通信类型","活跃奖励配置","","39","plugin-source/v10-source-restoration-lk/AllEnums.cs","44"
"plugin-model","AllEnums.后台通信类型","黑名单记录","","40","plugin-source/v10-source-restoration-lk/AllEnums.cs","45"
"plugin-model","AllEnums.后台通信类型","签到配置","","41","plugin-source/v10-source-restoration-lk/AllEnums.cs","46"
"plugin-model","AllEnums.后台通信类型","盲盒配置","","42","plugin-source/v10-source-restoration-lk/AllEnums.cs","47"
"plugin-model","AllEnums.后台通信类型","在线抽奖配置","","43","plugin-source/v10-source-restoration-lk/AllEnums.cs","48"
"plugin-model","AllEnums.后台通信类型","召唤精怪配置","","44","plugin-source/v10-source-restoration-lk/AllEnums.cs","49"
"plugin-model","AllEnums.后台通信类型","试道大会配置","","45","plugin-source/v10-source-restoration-lk/AllEnums.cs","50"
"plugin-model","AllEnums.后台通信类型","宠物转生配置","","46","plugin-source/v10-source-restoration-lk/AllEnums.cs","51"
"plugin-model","AllEnums.后台通信类型","奇宝斋配置","","47","plugin-source/v10-source-restoration-lk/AllEnums.cs","52"
"plugin-model","AllEnums.后台通信类型","妖族化形配置","","48","plugin-source/v10-source-restoration-lk/AllEnums.cs","53"
"plugin-model","AllEnums.后台通信类型","怀旧专区配置","","49","plugin-source/v10-source-restoration-lk/AllEnums.cs","54"
"plugin-model","AllEnums.后台通信类型","首饰系统配置","","50","plugin-source/v10-source-restoration-lk/AllEnums.cs","55"
"plugin-model","AllEnums.后台通信类型","融丹配置","","51","plugin-source/v10-source-restoration-lk/AllEnums.cs","56"
"plugin-model","AllEnums.后台通信类型","守护配置","","52","plugin-source/v10-source-restoration-lk/AllEnums.cs","57"
"plugin-model","AllEnums.后台通信类型","宠物突破配置","","53","plugin-source/v10-source-restoration-lk/AllEnums.cs","58"
"plugin-model","AllEnums.后台通信类型","自定义宠物","","54","plugin-source/v10-source-restoration-lk/AllEnums.cs","59"
"plugin-model","AllEnums.后台通信类型","装备系统配置","","55","plugin-source/v10-source-restoration-lk/AllEnums.cs","60"
"plugin-model","AllEnums.后台通信类型","地府商城配置","","56","plugin-source/v10-source-restoration-lk/AllEnums.cs","61"
"plugin-model","AllEnums.后台通信类型","装备分解配置","","57","plugin-source/v10-source-restoration-lk/AllEnums.cs","62"
"plugin-model","AllEnums.后台通信类型","龙血BOSS配置","","58","plugin-source/v10-source-restoration-lk/AllEnums.cs","63"
"plugin-model","AllEnums.后台通信类型","装备强化配置","","59","plugin-source/v10-source-restoration-lk/AllEnums.cs","64"
"plugin-model","AllEnums.后台通信类型","礼包飘屏配置","","60","plugin-source/v10-source-restoration-lk/AllEnums.cs","65"
"plugin-model","AllEnums.后台通信类型","超级进化配置","","61","plugin-source/v10-source-restoration-lk/AllEnums.cs","66"
"plugin-model","AllEnums.后台通信类型","鸿运当头配置","","62","plugin-source/v10-source-restoration-lk/AllEnums.cs","67"
"plugin-model","AllEnums.后台通信类型","特效配置","","63","plugin-source/v10-source-restoration-lk/AllEnums.cs","68"
"plugin-model","AllEnums.后台通信类型","摆摊配置","","64","plugin-source/v10-source-restoration-lk/AllEnums.cs","69"
"plugin-model","AllEnums.后台通信类型","智能怪物配置","","65","plugin-source/v10-source-restoration-lk/AllEnums.cs","70"
"plugin-model","AllEnums.后台通信类型","天机神算配置","","66","plugin-source/v10-source-restoration-lk/AllEnums.cs","71"
"plugin-model","AllEnums.后台通信类型","专属合区配置","","67","plugin-source/v10-source-restoration-lk/AllEnums.cs","72"
"plugin-model","AllEnums.后台通信类型","娃娃配置","","68","plugin-source/v10-source-restoration-lk/AllEnums.cs","73"
"plugin-model","AllEnums.后台通信类型","日常配置","","69","plugin-source/v10-source-restoration-lk/AllEnums.cs","74"
"plugin-model","AllEnums.后台通信类型","元神系统配置","","70","plugin-source/v10-source-restoration-lk/AllEnums.cs","75"
"plugin-model","AllEnums.后台通信类型","狐狸和狗配置","","71","plugin-source/v10-source-restoration-lk/AllEnums.cs","76"
"plugin-model","AllEnums.后台通信类型","内充支付配置","","72","plugin-source/v10-source-restoration-lk/AllEnums.cs","77"
"plugin-model","AllEnums.后台通信类型","道具数据配置","","73","plugin-source/v10-source-restoration-lk/AllEnums.cs","78"
"plugin-model","AllEnums.后台通信类型","自助商店配置","","74","plugin-source/v10-source-restoration-lk/AllEnums.cs","79"
"plugin-model","AllEnums.验证枚举","验证卡密请求","1","1","plugin-source/v10-source-restoration-lk/AllEnums.cs","84"
"plugin-model","AllEnums.验证枚举","验证卡密返回","","2","plugin-source/v10-source-restoration-lk/AllEnums.cs","85"
"plugin-model","AllEnums.验证枚举","验证心跳请求","","3","plugin-source/v10-source-restoration-lk/AllEnums.cs","86"
"plugin-model","AllEnums.验证枚举","验证心跳返回","","4","plugin-source/v10-source-restoration-lk/AllEnums.cs","87"
"plugin-model","AllEnums.验证枚举","验证时间请求","","5","plugin-source/v10-source-restoration-lk/AllEnums.cs","88"
"plugin-model","AllEnums.验证枚举","验证时间返回","","6","plugin-source/v10-source-restoration-lk/AllEnums.cs","89"
"plugin-model","AllEnums.验证枚举","验证下线","","7","plugin-source/v10-source-restoration-lk/AllEnums.cs","90"
"plugin-model","AllEnums.请求包头枚举","请求_修改雪花ID","61559","61559","plugin-source/v10-source-restoration-lk/AllEnums.cs","95"
"plugin-model","AllEnums.请求包头枚举","请求_打开元宝商城","15908","15908","plugin-source/v10-source-restoration-lk/AllEnums.cs","96"
"plugin-model","AllEnums.请求包头枚举","请求_绑定操作","15910","15910","plugin-source/v10-source-restoration-lk/AllEnums.cs","97"
"plugin-model","AllEnums.请求包头枚举","请求_娃娃技能勾选","10240","10240","plugin-source/v10-source-restoration-lk/AllEnums.cs","98"
"plugin-model","AllEnums.请求包头枚举","请求_GM操作","8980","8980","plugin-source/v10-source-restoration-lk/AllEnums.cs","99"
"plugin-model","AllEnums.请求包头枚举","请求_漂流瓶点击","8592","8592","plugin-source/v10-source-restoration-lk/AllEnums.cs","100"
"plugin-model","AllEnums.请求包头枚举","请求_五周年提交","2572","2572","plugin-source/v10-source-restoration-lk/AllEnums.cs","101"
"plugin-model","AllEnums.请求包头枚举","请求_小助手图标","8960","8960","plugin-source/v10-source-restoration-lk/AllEnums.cs","102"
"plugin-model","AllEnums.请求包头枚举","请求_元宝充值","4700","4700","plugin-source/v10-source-restoration-lk/AllEnums.cs","103"
"plugin-model","AllEnums.请求包头枚举","请求_引灵幡恢复耐久","14340","14340","plugin-source/v10-source-restoration-lk/AllEnums.cs","104"
"plugin-model","AllEnums.请求包头枚举","请求_整理背包","4358","4358","plugin-source/v10-source-restoration-lk/AllEnums.cs","105"
"plugin-model","AllEnums.请求包头枚举","请求_观看隐藏","6890","6890","plugin-source/v10-source-restoration-lk/AllEnums.cs","106"
"plugin-model","AllEnums.请求包头枚举","请求_五行竞猜","8416","8416","plugin-source/v10-source-restoration-lk/AllEnums.cs","107"
"plugin-model","AllEnums.请求包头枚举","请求_娃娃喂养","8498","8498","plugin-source/v10-source-restoration-lk/AllEnums.cs","108"
"plugin-model","AllEnums.请求包头枚举","请求_仓库存物品","62326","62326","plugin-source/v10-source-restoration-lk/AllEnums.cs","109"
"plugin-model","AllEnums.请求包头枚举","请求_仓库取物品","13572","13572","plugin-source/v10-source-restoration-lk/AllEnums.cs","110"
"plugin-model","AllEnums.请求包头枚举","请求_经验锁定","9488","9488","plugin-source/v10-source-restoration-lk/AllEnums.cs","111"
"plugin-model","AllEnums.请求包头枚举","请求_输入摆摊价格","8584","8584","plugin-source/v10-source-restoration-lk/AllEnums.cs","112"
"plugin-model","AllEnums.请求包头枚举","请求_摆摊上架确定","16662","16662","plugin-source/v10-source-restoration-lk/AllEnums.cs","113"
"plugin-model","AllEnums.请求包头枚举","请求_确定购买摆摊","13580","13580","plugin-source/v10-source-restoration-lk/AllEnums.cs","114"
"plugin-model","AllEnums.请求包头枚举","请求_取出摆摊账户现金","4420","4420","plugin-source/v10-source-restoration-lk/AllEnums.cs","115"
"plugin-model","AllEnums.请求包头枚举","请求_输入摆摊物品价格","62322","62322","plugin-source/v10-source-restoration-lk/AllEnums.cs","116"
"plugin-model","AllEnums.请求包头枚举","请求_地府商城购买询问","16582","16582","plugin-source/v10-source-restoration-lk/AllEnums.cs","117"
"plugin-model","AllEnums.请求包头枚举","请求_地府图标点击","8562","8562","plugin-source/v10-source-restoration-lk/AllEnums.cs","118"
"plugin-model","AllEnums.请求包头枚举","请求_频道物品查看","8569","8569","plugin-source/v10-source-restoration-lk/AllEnums.cs","119"
"plugin-model","AllEnums.请求包头枚举","请求_居所打坐事件","5034","5034","plugin-source/v10-source-restoration-lk/AllEnums.cs","120"
"plugin-model","AllEnums.请求包头枚举","请求_按钮点击事件","4650","4650","plugin-source/v10-source-restoration-lk/AllEnums.cs","121"
"plugin-model","AllEnums.请求包头枚举","请求_悟道展开事件","9730","9730","plugin-source/v10-source-restoration-lk/AllEnums.cs","122"
"plugin-model","AllEnums.请求包头枚举","请求_悟道周卡购买","8706","8706","plugin-source/v10-source-restoration-lk/AllEnums.cs","123"
"plugin-model","AllEnums.请求包头枚举","请求_悟道修为购买","4692","4692","plugin-source/v10-source-restoration-lk/AllEnums.cs","124"
"plugin-model","AllEnums.请求包头枚举","请求_一键悟道","4274","4274","plugin-source/v10-source-restoration-lk/AllEnums.cs","125"
"plugin-model","AllEnums.请求包头枚举","请求_单次悟道","20994","20994","plugin-source/v10-source-restoration-lk/AllEnums.cs","126"
"plugin-model","AllEnums.请求包头枚举","请求_悟道属性","13200","13200","plugin-source/v10-source-restoration-lk/AllEnums.cs","127"
"plugin-model","AllEnums.请求包头枚举","请求_悟道转换属性","8466","8466","plugin-source/v10-source-restoration-lk/AllEnums.cs","128"
"plugin-model","AllEnums.请求包头枚举","请求_奇宝交易明细","64072","64072","plugin-source/v10-source-restoration-lk/AllEnums.cs","129"
"plugin-model","AllEnums.请求包头枚举","请求_宠物改名事件","64854","64854","plugin-source/v10-source-restoration-lk/AllEnums.cs","130"
"plugin-model","AllEnums.请求包头枚举","请求_宠物抗性加点","8786","8786","plugin-source/v10-source-restoration-lk/AllEnums.cs","131"
"plugin-model","AllEnums.请求包头枚举","请求_守护改名事件","64809","64809","plugin-source/v10-source-restoration-lk/AllEnums.cs","132"
"plugin-model","AllEnums.请求包头枚举","请求_娃娃改名事件","28678","28678","plugin-source/v10-source-restoration-lk/AllEnums.cs","133"
"plugin-model","AllEnums.请求包头枚举","请求_对宠物使用道具","8254","8254","plugin-source/v10-source-restoration-lk/AllEnums.cs","134"
"plugin-model","AllEnums.请求包头枚举","请求_战斗操作1","4356","4356","plugin-source/v10-source-restoration-lk/AllEnums.cs","135"
"plugin-model","AllEnums.请求包头枚举","请求_战斗操作2","4408","4408","plugin-source/v10-source-restoration-lk/AllEnums.cs","136"
"plugin-model","AllEnums.请求包头枚举","请求_查询所有地图","28682","28682","plugin-source/v10-source-restoration-lk/AllEnums.cs","137"
"plugin-model","AllEnums.请求包头枚举","请求_使用技能","4438","4438","plugin-source/v10-source-restoration-lk/AllEnums.cs","138"
"plugin-model","AllEnums.请求包头枚举","请求_首次选择线路","13142","13142","plugin-source/v10-source-restoration-lk/AllEnums.cs","139"
"plugin-model","AllEnums.请求包头枚举","请求_注册角色","8284","8284","plugin-source/v10-source-restoration-lk/AllEnums.cs","140"
"plugin-model","AllEnums.请求包头枚举","请求_回主界面","15914","15914","plugin-source/v10-source-restoration-lk/AllEnums.cs","141"
"plugin-model","AllEnums.请求包头枚举","请求_重选角色","16388","16388","plugin-source/v10-source-restoration-lk/AllEnums.cs","142"
"plugin-model","AllEnums.请求包头枚举","请求_客户断线3","25474","25474","plugin-source/v10-source-restoration-lk/AllEnums.cs","143"
"plugin-model","AllEnums.请求包头枚举","请求_选择线路","16676","16676","plugin-source/v10-source-restoration-lk/AllEnums.cs","144"
"plugin-model","AllEnums.请求包头枚举","请求_加属性点","4120","4120","plugin-source/v10-source-restoration-lk/AllEnums.cs","145"
"plugin-model","AllEnums.请求包头枚举","请求_加相性点","9122","9122","plugin-source/v10-source-restoration-lk/AllEnums.cs","146"
"plugin-model","AllEnums.请求包头枚举","请求_加仙魔点","61646","61646","plugin-source/v10-source-restoration-lk/AllEnums.cs","147"
"plugin-model","AllEnums.请求包头枚举","请求_切换加点","64934","64934","plugin-source/v10-source-restoration-lk/AllEnums.cs","148"
"plugin-model","AllEnums.请求包头枚举","请求_属性称号","4354","4354","plugin-source/v10-source-restoration-lk/AllEnums.cs","149"
"plugin-model","AllEnums.请求包头枚举","请求_穿戴装备","4648","4648","plugin-source/v10-source-restoration-lk/AllEnums.cs","150"
"plugin-model","AllEnums.请求包头枚举","请求_卸下装备","64778","64778","plugin-source/v10-source-restoration-lk/AllEnums.cs","151"
"plugin-model","AllEnums.请求包头枚举","请求_刷新任务列表","8828","8828","plugin-source/v10-source-restoration-lk/AllEnums.cs","152"
"plugin-model","AllEnums.请求包头枚举","请求_FD64","64868","64868","plugin-source/v10-source-restoration-lk/AllEnums.cs","153"
"plugin-model","AllEnums.请求包头枚举","请求_换线","4308","4308","plugin-source/v10-source-restoration-lk/AllEnums.cs","154"
"plugin-model","AllEnums.请求包头枚举","请求_离队","4112","4112","plugin-source/v10-source-restoration-lk/AllEnums.cs","155"
"plugin-model","AllEnums.请求包头枚举","请求_坐骑乘骑操作","86","86","plugin-source/v10-source-restoration-lk/AllEnums.cs","156"
"plugin-model","AllEnums.请求包头枚举","请求_切换装备","8464","8464","plugin-source/v10-source-restoration-lk/AllEnums.cs","157"
"plugin-model","AllEnums.请求包头枚举","请求_取消对话","64928","64928","plugin-source/v10-source-restoration-lk/AllEnums.cs","158"
"plugin-model","AllEnums.请求包头枚举","请求_异兽录","28692","28692","plugin-source/v10-source-restoration-lk/AllEnums.cs","159"
"plugin-model","AllEnums.请求包头枚举","请求_无双争夺战","16640","16640","plugin-source/v10-source-restoration-lk/AllEnums.cs","160"
"plugin-model","AllEnums.请求包头枚举","请求_各种状态设置","9032","9032","plugin-source/v10-source-restoration-lk/AllEnums.cs","161"
"plugin-model","AllEnums.请求包头枚举","请求_玩家切磋","64834","64834","plugin-source/v10-source-restoration-lk/AllEnums.cs","162"
"plugin-model","AllEnums.请求包头枚举","请求_逃跑操作","4360","4360","plugin-source/v10-source-restoration-lk/AllEnums.cs","163"
"plugin-model","AllEnums.请求包头枚举","请求_查无双排行榜","8412","8412","plugin-source/v10-source-restoration-lk/AllEnums.cs","164"
"plugin-model","AllEnums.请求包头枚举","请求_组队操作","4128","4128","plugin-source/v10-source-restoration-lk/AllEnums.cs","165"
"plugin-model","AllEnums.请求包头枚举","请求_同意入队操作","246","246","plugin-source/v10-source-restoration-lk/AllEnums.cs","166"
"plugin-model","AllEnums.请求包头枚举","请求_首次登录","2821","2821","plugin-source/v10-source-restoration-lk/AllEnums.cs","167"
"plugin-model","AllEnums.请求包头枚举","请求_道具丢弃","8758","8758","plugin-source/v10-source-restoration-lk/AllEnums.cs","168"
"plugin-model","AllEnums.请求包头枚举","请求_宠物丢弃","13056","13056","plugin-source/v10-source-restoration-lk/AllEnums.cs","169"
"plugin-model","AllEnums.请求包头枚举","请求_重置异兽录操作","20480","20480","plugin-source/v10-source-restoration-lk/AllEnums.cs","170"
"plugin-model","AllEnums.请求包头枚举","请求_商城购买","4454","4454","plugin-source/v10-source-restoration-lk/AllEnums.cs","171"
"plugin-model","AllEnums.请求包头枚举","请求_角色喊话","15076","15076","plugin-source/v10-source-restoration-lk/AllEnums.cs","172"
"plugin-model","AllEnums.请求包头枚举","请求_私聊处理","10752","10752","plugin-source/v10-source-restoration-lk/AllEnums.cs","173"
"plugin-model","AllEnums.请求包头枚举","请求_输入框提交","8530","8530","plugin-source/v10-source-restoration-lk/AllEnums.cs","174"
"plugin-model","AllEnums.请求包头枚举","请求_富豪榜","8308","8308","plugin-source/v10-source-restoration-lk/AllEnums.cs","175"
"plugin-model","AllEnums.请求包头枚举","请求_登录游戏","4192","4192","plugin-source/v10-source-restoration-lk/AllEnums.cs","176"
"plugin-model","AllEnums.请求包头枚举","请求_坐骑心法防御","8546","8546","plugin-source/v10-source-restoration-lk/AllEnums.cs","177"
"plugin-model","AllEnums.请求包头枚举","请求_鬼斧神工","60","60","plugin-source/v10-source-restoration-lk/AllEnums.cs","178"
"plugin-model","AllEnums.请求包头枚举","请求_Pack登陆","9040","9040","plugin-source/v10-source-restoration-lk/AllEnums.cs","179"
"plugin-model","AllEnums.请求包头枚举","请求_鬼才试炼","4616","4616","plugin-source/v10-source-restoration-lk/AllEnums.cs","180"
"plugin-model","AllEnums.请求包头枚举","请求_NPC点击1","4162","4162","plugin-source/v10-source-restoration-lk/AllEnums.cs","181"
"plugin-model","AllEnums.请求包头枚举","请求_NPC点击2","12490","12490","plugin-source/v10-source-restoration-lk/AllEnums.cs","182"
"plugin-model","AllEnums.请求包头枚举","请求_NPC点击3","8542","8542","plugin-source/v10-source-restoration-lk/AllEnums.cs","183"
"plugin-model","AllEnums.请求包头枚举","请求_南极五周年","8638","8638","plugin-source/v10-source-restoration-lk/AllEnums.cs","184"
"plugin-model","AllEnums.请求包头枚举","请求_累充面板","20494","20494","plugin-source/v10-source-restoration-lk/AllEnums.cs","185"
"plugin-model","AllEnums.请求包头枚举","请求_商店购买","13098","13098","plugin-source/v10-source-restoration-lk/AllEnums.cs","186"
"plugin-model","AllEnums.请求包头枚举","请求_物品使用","8716","8716","plugin-source/v10-source-restoration-lk/AllEnums.cs","187"
"plugin-model","AllEnums.请求包头枚举","请求_打开领双","63752","63752","plugin-source/v10-source-restoration-lk/AllEnums.cs","188"
"plugin-model","AllEnums.请求包头枚举","请求_假人点击1","28690","28690","plugin-source/v10-source-restoration-lk/AllEnums.cs","189"
"plugin-model","AllEnums.请求包头枚举","请求_假人点击2","8272","8272","plugin-source/v10-source-restoration-lk/AllEnums.cs","190"
"plugin-model","AllEnums.请求包头枚举","请求_假人点击3","8292","8292","plugin-source/v10-source-restoration-lk/AllEnums.cs","191"
"plugin-model","AllEnums.请求包头枚举","请求_排行榜","8355","8355","plugin-source/v10-source-restoration-lk/AllEnums.cs","192"
"plugin-model","AllEnums.请求包头枚举","请求_心跳包","8402","8402","plugin-source/v10-source-restoration-lk/AllEnums.cs","193"
"plugin-model","AllEnums.请求包头枚举","请求_崩服包1","64924","64924","plugin-source/v10-source-restoration-lk/AllEnums.cs","194"
"plugin-model","AllEnums.请求包头枚举","请求_崩服包2","64932","64932","plugin-source/v10-source-restoration-lk/AllEnums.cs","195"
"plugin-model","AllEnums.请求包头枚举","请求_乾坤袋","10250","10250","plugin-source/v10-source-restoration-lk/AllEnums.cs","196"
"plugin-model","AllEnums.请求包头枚举","请求_属性洗炼","8538","8538","plugin-source/v10-source-restoration-lk/AllEnums.cs","197"
"plugin-model","AllEnums.请求包头枚举","请求_格子交换","4436","4436","plugin-source/v10-source-restoration-lk/AllEnums.cs","198"
"plugin-model","AllEnums.请求包头枚举","请求_奇宝斋打开","10994","10994","plugin-source/v10-source-restoration-lk/AllEnums.cs","199"
"plugin-model","AllEnums.请求包头枚举","请求_奇宝斋列表","14090","14090","plugin-source/v10-source-restoration-lk/AllEnums.cs","200"
"plugin-model","AllEnums.请求包头枚举","请求_奇宝斋玩家上架","64252","64252","plugin-source/v10-source-restoration-lk/AllEnums.cs","201"
"plugin-model","AllEnums.请求包头枚举","请求_奇宝斋物品展示","2564","2564","plugin-source/v10-source-restoration-lk/AllEnums.cs","202"
"plugin-model","AllEnums.请求包头枚举","请求_奇宝斋我的货架","8436","8436","plugin-source/v10-source-restoration-lk/AllEnums.cs","203"
"plugin-model","AllEnums.请求包头枚举","请求_奇宝斋我的货架2","178","178","plugin-source/v10-source-restoration-lk/AllEnums.cs","204"
"plugin-model","AllEnums.请求包头枚举","请求_奇宝斋下单","4180","4180","plugin-source/v10-source-restoration-lk/AllEnums.cs","205"
"plugin-model","AllEnums.请求包头枚举","请求_交易放入","4338","4338","plugin-source/v10-source-restoration-lk/AllEnums.cs","206"
"plugin-model","AllEnums.请求包头枚举","请求_商会存放","4679","4679","plugin-source/v10-source-restoration-lk/AllEnums.cs","207"
"plugin-model","AllEnums.接收包头枚举","接收_商城界面打开","20745","20745","plugin-source/v10-source-restoration-lk/AllEnums.cs","212"
"plugin-model","AllEnums.接收包头枚举","接收_五周年特效","12377","12377","plugin-source/v10-source-restoration-lk/AllEnums.cs","213"
"plugin-model","AllEnums.接收包头枚举","接收_五周年奖励","8371","8371","plugin-source/v10-source-restoration-lk/AllEnums.cs","214"
"plugin-model","AllEnums.接收包头枚举","接收_五周年界面","8583","8583","plugin-source/v10-source-restoration-lk/AllEnums.cs","215"
"plugin-model","AllEnums.接收包头枚举","接收_火眼金睛返回","4707","4707","plugin-source/v10-source-restoration-lk/AllEnums.cs","216"
"plugin-model","AllEnums.接收包头枚举","接收_排行榜数据2","8589","8589","plugin-source/v10-source-restoration-lk/AllEnums.cs","217"
"plugin-model","AllEnums.接收包头枚举","接收_排行榜数据1","8355","8355","plugin-source/v10-source-restoration-lk/AllEnums.cs","218"
"plugin-model","AllEnums.接收包头枚举","接收_鲜花卡特效","4238","4238","plugin-source/v10-source-restoration-lk/AllEnums.cs","219"
"plugin-model","AllEnums.接收包头枚举","接收_呼风唤雨特效","2843","2843","plugin-source/v10-source-restoration-lk/AllEnums.cs","220"
"plugin-model","AllEnums.接收包头枚举","接收_地图传送阵组","57347","57347","plugin-source/v10-source-restoration-lk/AllEnums.cs","221"
"plugin-model","AllEnums.接收包头枚举","接收_角色升级特效","5153","5153","plugin-source/v10-source-restoration-lk/AllEnums.cs","222"
"plugin-model","AllEnums.接收包头枚举","接收_元婴切换状态","64035","64035","plugin-source/v10-source-restoration-lk/AllEnums.cs","223"
"plugin-model","AllEnums.接收包头枚举","接收_所有线路详情","61663","61663","plugin-source/v10-source-restoration-lk/AllEnums.cs","224"
"plugin-model","AllEnums.接收包头枚举","接收_喊话物品详情","216","216","plugin-source/v10-source-restoration-lk/AllEnums.cs","225"
"plugin-model","AllEnums.接收包头枚举","接收_商会背包响应","8311","8311","plugin-source/v10-source-restoration-lk/AllEnums.cs","226"
"plugin-model","AllEnums.接收包头枚举","接收_摊位宠物响应","61623","61623","plugin-source/v10-source-restoration-lk/AllEnums.cs","227"
"plugin-model","AllEnums.接收包头枚举","接收_交易背包响应","9057","9057","plugin-source/v10-source-restoration-lk/AllEnums.cs","228"
"plugin-model","AllEnums.接收包头枚举","接收_摊位背包响应","8379","8379","plugin-source/v10-source-restoration-lk/AllEnums.cs","229"
"plugin-model","AllEnums.接收包头枚举","接收_仓库背包响应","2557","2557","plugin-source/v10-source-restoration-lk/AllEnums.cs","230"
"plugin-model","AllEnums.接收包头枚举","接收_摆摊上架确定询问","62741","62741","plugin-source/v10-source-restoration-lk/AllEnums.cs","231"
"plugin-model","AllEnums.接收包头枚举","接收_地府商城列表","64069","64069","plugin-source/v10-source-restoration-lk/AllEnums.cs","232"
"plugin-model","AllEnums.接收包头枚举","接收_娃娃面板属性","28929","28929","plugin-source/v10-source-restoration-lk/AllEnums.cs","233"
"plugin-model","AllEnums.接收包头枚举","接收_娃娃面板刷新","15879","15879","plugin-source/v10-source-restoration-lk/AllEnums.cs","234"
"plugin-model","AllEnums.接收包头枚举","接收_娃娃属性刷新","4965","4965","plugin-source/v10-source-restoration-lk/AllEnums.cs","235"
"plugin-model","AllEnums.接收包头枚举","接收_荣丹奖励列表","64973","64973","plugin-source/v10-source-restoration-lk/AllEnums.cs","236"
"plugin-model","AllEnums.接收包头枚举","接收_GM权限返回","10505","10505","plugin-source/v10-source-restoration-lk/AllEnums.cs","237"
"plugin-model","AllEnums.接收包头枚举","接收_所有NPC信息","8407","8407","plugin-source/v10-source-restoration-lk/AllEnums.cs","238"
"plugin-model","AllEnums.接收包头枚举","接收_成功失败展示","15859","15859","plugin-source/v10-source-restoration-lk/AllEnums.cs","239"
"plugin-model","AllEnums.接收包头枚举","接收_烟花筒特效","15881","15881","plugin-source/v10-source-restoration-lk/AllEnums.cs","240"
"plugin-model","AllEnums.接收包头枚举","接收_摊位数据","3581","3581","plugin-source/v10-source-restoration-lk/AllEnums.cs","241"
"plugin-model","AllEnums.接收包头枚举","接收_所有属性列表","8475","8475","plugin-source/v10-source-restoration-lk/AllEnums.cs","242"
"plugin-model","AllEnums.接收包头枚举","接收_所有属性列二","6623","6623","plugin-source/v10-source-restoration-lk/AllEnums.cs","243"
"plugin-model","AllEnums.接收包头枚举","接收_角色列表","61537","61537","plugin-source/v10-source-restoration-lk/AllEnums.cs","244"
"plugin-model","AllEnums.接收包头枚举","接收_退出界面","8375","8375","plugin-source/v10-source-restoration-lk/AllEnums.cs","245"
"plugin-model","AllEnums.接收包头枚举","接收_道具描述","10005","10005","plugin-source/v10-source-restoration-lk/AllEnums.cs","246"
"plugin-model","AllEnums.接收包头枚举","接收_属性刷新","24577","24577","plugin-source/v10-source-restoration-lk/AllEnums.cs","247"
"plugin-model","AllEnums.接收包头枚举","接收_所有地图","8665","8665","plugin-source/v10-source-restoration-lk/AllEnums.cs","248"
"plugin-model","AllEnums.接收包头枚举","接收_会员时间","63755","63755","plugin-source/v10-source-restoration-lk/AllEnums.cs","249"
"plugin-model","AllEnums.接收包头枚举","接收_频道信息","16383","16383","plugin-source/v10-source-restoration-lk/AllEnums.cs","250"
"plugin-model","AllEnums.接收包头枚举","接收_十绝阵副本任务","61607","61607","plugin-source/v10-source-restoration-lk/AllEnums.cs","251"
"plugin-model","AllEnums.接收包头枚举","接收_商城道具信息","64871","64871","plugin-source/v10-source-restoration-lk/AllEnums.cs","252"
"plugin-model","AllEnums.接收包头枚举","接收_系统设置信息","61695","61695","plugin-source/v10-source-restoration-lk/AllEnums.cs","253"
"plugin-model","AllEnums.接收包头枚举","接收_无双圣榜信息","65017","65017","plugin-source/v10-source-restoration-lk/AllEnums.cs","254"
"plugin-model","AllEnums.接收包头枚举","接收_技能刷新信息","10273","10273","plugin-source/v10-source-restoration-lk/AllEnums.cs","255"
"plugin-model","AllEnums.接收包头枚举","接收_对象附加属性信息","64001","64001","plugin-source/v10-source-restoration-lk/AllEnums.cs","256"
"plugin-model","AllEnums.接收包头枚举","接收_进入战斗信息","65503","65503","plugin-source/v10-source-restoration-lk/AllEnums.cs","257"
"plugin-model","AllEnums.接收包头枚举","接收_宠物刷新信息","64936","64936","plugin-source/v10-source-restoration-lk/AllEnums.cs","258"
"plugin-model","AllEnums.接收包头枚举","接收_战斗日志信息","6697","6697","plugin-source/v10-source-restoration-lk/AllEnums.cs","259"
"plugin-model","AllEnums.接收包头枚举","接收_修复年费1","64924","64924","plugin-source/v10-source-restoration-lk/AllEnums.cs","260"
"plugin-model","AllEnums.接收包头枚举","接收_修复年费2","64932","64932","plugin-source/v10-source-restoration-lk/AllEnums.cs","261"
"plugin-model","AllEnums.接收包头枚举","接收_上线IP提示","64837","64837","plugin-source/v10-source-restoration-lk/AllEnums.cs","262"
"plugin-model","AllEnums.接收包头枚举","接收_登录账号返回","17237","17237","plugin-source/v10-source-restoration-lk/AllEnums.cs","263"
"plugin-model","AllEnums.接收包头枚举","接收_换线返回信息","8405","8405","plugin-source/v10-source-restoration-lk/AllEnums.cs","264"
"plugin-model","AllEnums.接收包头枚举","接收_线路组合信息","13143","13143","plugin-source/v10-source-restoration-lk/AllEnums.cs","265"
"plugin-model","AllEnums.接收包头枚举","接收_切换角色信息","20489","20489","plugin-source/v10-source-restoration-lk/AllEnums.cs","266"
"plugin-model","AllEnums.接收包头枚举","接收_地图更新信息","4437","4437","plugin-source/v10-source-restoration-lk/AllEnums.cs","267"
"plugin-model","AllEnums.接收包头枚举","接收_丢弃物品信息","28931","28931","plugin-source/v10-source-restoration-lk/AllEnums.cs","268"
"plugin-model","AllEnums.接收包头枚举","接收_上线预读信息","63955","63955","plugin-source/v10-source-restoration-lk/AllEnums.cs","269"
"plugin-model","AllEnums.接收包头枚举","接收_人物面板刷新1","8253","8253","plugin-source/v10-source-restoration-lk/AllEnums.cs","270"
"plugin-model","AllEnums.接收包头枚举","接收_人物面板刷新2","14833","14833","plugin-source/v10-source-restoration-lk/AllEnums.cs","271"
"plugin-model","AllEnums.接收包头枚举","接收_人物面板刷新3","9475","9475","plugin-source/v10-source-restoration-lk/AllEnums.cs","272"
"plugin-model","AllEnums.接收包头枚举","接收_称号列表信息","64797","64797","plugin-source/v10-source-restoration-lk/AllEnums.cs","273"
"plugin-model","AllEnums.接收包头枚举","接收_周围对象信息","64029","64029","plugin-source/v10-source-restoration-lk/AllEnums.cs","274"
"plugin-model","AllEnums.接收包头枚举","接收_背包响应信息","20739","20739","plugin-source/v10-source-restoration-lk/AllEnums.cs","275"
"plugin-model","AllEnums.接收包头枚举","接收_交易信息","8808","8808","plugin-source/v10-source-restoration-lk/AllEnums.cs","276"
"plugin-model","AllEnums.接收包头枚举","接收_宠物面板信息","8399","8399","plugin-source/v10-source-restoration-lk/AllEnums.cs","277"
"plugin-model","AllEnums.接收包头枚举","接收_增减宠物信息","61619","61619","plugin-source/v10-source-restoration-lk/AllEnums.cs","278"
"plugin-model","AllEnums.接收包头枚举","接收_乘骑坐骑信息","4441","4441","plugin-source/v10-source-restoration-lk/AllEnums.cs","279"
"plugin-model","AllEnums.接收包头枚举","接收_提示信息1","2829","2829","plugin-source/v10-source-restoration-lk/AllEnums.cs","280"
"plugin-model","AllEnums.接收包头枚举","接收_提示信息2","8165","8165","plugin-source/v10-source-restoration-lk/AllEnums.cs","281"
"plugin-model","AllEnums.接收包头枚举","接收_人物状态","9249","9249","plugin-source/v10-source-restoration-lk/AllEnums.cs","282"
"plugin-model","AllEnums.接收包头枚举","接收_人物对象显示","61533","61533","plugin-source/v10-source-restoration-lk/AllEnums.cs","283"
"plugin-model","AllEnums.接收包头枚举","接收_商店售卖信息","87","87","plugin-source/v10-source-restoration-lk/AllEnums.cs","284"
"plugin-model","AllEnums.接收包头枚举","接收_心跳包","63939","63939","plugin-source/v10-source-restoration-lk/AllEnums.cs","285"
"plugin-model","AllEnums.接收包头枚举","接收_NPC点击","8247","8247","plugin-source/v10-source-restoration-lk/AllEnums.cs","286"
"plugin-model","AllEnums.接收包头枚举","接收_任务列表信息","9731","9731","plugin-source/v10-source-restoration-lk/AllEnums.cs","287"
"plugin-model","AllEnums.接收包头枚举","接收_创建队伍信息1","6","6","plugin-source/v10-source-restoration-lk/AllEnums.cs","288"
"plugin-model","AllEnums.接收包头枚举","接收_创建队伍信息2","64255","64255","plugin-source/v10-source-restoration-lk/AllEnums.cs","289"
"plugin-model","AllEnums.接收包头枚举","接收_友方战斗信息1","61609","61609","plugin-source/v10-source-restoration-lk/AllEnums.cs","290"
"plugin-model","AllEnums.接收包头枚举","接收_友方战斗信息2","64805","64805","plugin-source/v10-source-restoration-lk/AllEnums.cs","291"
"plugin-model","AllEnums.接收包头枚举","接收_友方战斗信息3","4213","4213","plugin-source/v10-source-restoration-lk/AllEnums.cs","292"
"plugin-model","AllEnums.接收包头枚举","接收_友方战斗信息4","4611","4611","plugin-source/v10-source-restoration-lk/AllEnums.cs","293"
"plugin-model","AllEnums.接收包头枚举","接收_敌方战斗信息1","7653","7653","plugin-source/v10-source-restoration-lk/AllEnums.cs","294"
"plugin-model","AllEnums.接收包头枚举","接收_敌方战斗信息2","9255","9255","plugin-source/v10-source-restoration-lk/AllEnums.cs","295"
"plugin-model","AllEnums.接收包头枚举","接收_敌方战斗信息3","64051","64051","plugin-source/v10-source-restoration-lk/AllEnums.cs","296"
"plugin-model","AllEnums.接收包头枚举","接收_敌方战斗信息4","64851","64851","plugin-source/v10-source-restoration-lk/AllEnums.cs","297"
"plugin-model","AllEnums.接收包头枚举","接收_战斗过程1","5029","5029","plugin-source/v10-source-restoration-lk/AllEnums.cs","298"
"plugin-model","AllEnums.接收包头枚举","接收_战斗过程2","9011","9011","plugin-source/v10-source-restoration-lk/AllEnums.cs","299"
"plugin-model","AllEnums.接收包头枚举","接收_战斗过程3","4317","4317","plugin-source/v10-source-restoration-lk/AllEnums.cs","300"
"plugin-model","AllEnums.接收包头枚举","接收_观战特效","13057","13057","plugin-source/v10-source-restoration-lk/AllEnums.cs","301"
"plugin-model","AllEnums.接收包头枚举","接收_战斗处理1","9499","9499","plugin-source/v10-source-restoration-lk/AllEnums.cs","302"
"plugin-model","AllEnums.接收包头枚举","接收_战斗伤害处理","63753","63753","plugin-source/v10-source-restoration-lk/AllEnums.cs","303"
"plugin-model","AllEnums.接收包头枚举","接收_战斗技能飘字","9732","9732","plugin-source/v10-source-restoration-lk/AllEnums.cs","304"
"plugin-model","AllEnums.接收包头枚举","接收_战斗处理3","10247","10247","plugin-source/v10-source-restoration-lk/AllEnums.cs","305"
"plugin-model","AllEnums.接收包头枚举","接收_战斗处理5","9729","9729","plugin-source/v10-source-restoration-lk/AllEnums.cs","306"
"plugin-model","AllEnums.接收包头枚举","接收_战斗结束","8617","8617","plugin-source/v10-source-restoration-lk/AllEnums.cs","307"
"plugin-model","AllEnums.接收包头枚举","接收_战斗特效","16647","16647","plugin-source/v10-source-restoration-lk/AllEnums.cs","308"
"plugin-model","AllEnums.接收包头枚举","接收_战斗技能1","64825","64825","plugin-source/v10-source-restoration-lk/AllEnums.cs","309"
"plugin-model","AllEnums.接收包头枚举","接收_战斗技能2","4659","4659","plugin-source/v10-source-restoration-lk/AllEnums.cs","310"
"plugin-model","AllEnums.接收包头枚举","接收_是否技能","2231","2231","plugin-source/v10-source-restoration-lk/AllEnums.cs","311"
"plugin-model","AllEnums.接收包头枚举","接收_越活度信息","4227","4227","plugin-source/v10-source-restoration-lk/AllEnums.cs","312"
"plugin-model","AllEnums.接收包头枚举","接收_是否允许播放","4443","4443","plugin-source/v10-source-restoration-lk/AllEnums.cs","313"
"plugin-model","AllEnums.接收包头枚举","接收_是否允许播放2","4689","4689","plugin-source/v10-source-restoration-lk/AllEnums.cs","314"
"plugin-model","AllEnums.接收包头枚举","接收_回合结束","20995","20995","plugin-source/v10-source-restoration-lk/AllEnums.cs","315"
"plugin-model","AllEnums.接收包头枚举","接收_摆摊放入","12269","12269","plugin-source/v10-source-restoration-lk/AllEnums.cs","316"
"plugin-model","AllEnums.接收包头枚举","接收_宠物参战休息","8815","8815","plugin-source/v10-source-restoration-lk/AllEnums.cs","317"
"plugin-model","AllEnums.属性Type","无","","0","plugin-source/v10-source-restoration-lk/AllEnums.cs","322"
"plugin-model","AllEnums.属性Type","等级","","1","plugin-source/v10-source-restoration-lk/AllEnums.cs","323"
"plugin-model","AllEnums.属性Type","道行","","2","plugin-source/v10-source-restoration-lk/AllEnums.cs","324"
"plugin-model","AllEnums.属性Type","潜能","","3","plugin-source/v10-source-restoration-lk/AllEnums.cs","325"
"plugin-model","AllEnums.属性Type","经验","","4","plugin-source/v10-source-restoration-lk/AllEnums.cs","326"
"plugin-model","AllEnums.属性Type","声望","","5","plugin-source/v10-source-restoration-lk/AllEnums.cs","327"
"plugin-model","AllEnums.属性Type","战绩","","6","plugin-source/v10-source-restoration-lk/AllEnums.cs","328"
"plugin-model","AllEnums.属性Type","当前体力","","7","plugin-source/v10-source-restoration-lk/AllEnums.cs","329"
"plugin-model","AllEnums.属性Type","最大体力","","8","plugin-source/v10-source-restoration-lk/AllEnums.cs","330"
"plugin-model","AllEnums.属性Type","PK值","","9","plugin-source/v10-source-restoration-lk/AllEnums.cs","331"
"plugin-model","AllEnums.属性Type","仙道点","","10","plugin-source/v10-source-restoration-lk/AllEnums.cs","332"
"plugin-model","AllEnums.属性Type","魔道点","","11","plugin-source/v10-source-restoration-lk/AllEnums.cs","333"
"plugin-model","AllEnums.属性Type","力量","","12","plugin-source/v10-source-restoration-lk/AllEnums.cs","334"
"plugin-model","AllEnums.属性Type","灵力","","13","plugin-source/v10-source-restoration-lk/AllEnums.cs","335"
"plugin-model","AllEnums.属性Type","体质","","14","plugin-source/v10-source-restoration-lk/AllEnums.cs","336"
"plugin-model","AllEnums.属性Type","敏捷","","15","plugin-source/v10-source-restoration-lk/AllEnums.cs","337"
"plugin-model","AllEnums.属性Type","当前气血","","16","plugin-source/v10-source-restoration-lk/AllEnums.cs","338"
"plugin-model","AllEnums.属性Type","气血上限","","17","plugin-source/v10-source-restoration-lk/AllEnums.cs","339"
"plugin-model","AllEnums.属性Type","当前法力","","18","plugin-source/v10-source-restoration-lk/AllEnums.cs","340"
"plugin-model","AllEnums.属性Type","法力上限","","19","plugin-source/v10-source-restoration-lk/AllEnums.cs","341"
"plugin-model","AllEnums.属性Type","物理伤害","","20","plugin-source/v10-source-restoration-lk/AllEnums.cs","342"
"plugin-model","AllEnums.属性Type","法术伤害","","21","plugin-source/v10-source-restoration-lk/AllEnums.cs","343"
"plugin-model","AllEnums.属性Type","防御","","22","plugin-source/v10-source-restoration-lk/AllEnums.cs","344"
"plugin-model","AllEnums.属性Type","速度","","23","plugin-source/v10-source-restoration-lk/AllEnums.cs","345"
"plugin-model","AllEnums.属性Type","金相性","","24","plugin-source/v10-source-restoration-lk/AllEnums.cs","346"
"plugin-model","AllEnums.属性Type","木相性","","25","plugin-source/v10-source-restoration-lk/AllEnums.cs","347"
"plugin-model","AllEnums.属性Type","水相性","","26","plugin-source/v10-source-restoration-lk/AllEnums.cs","348"
"plugin-model","AllEnums.属性Type","火相性","","27","plugin-source/v10-source-restoration-lk/AllEnums.cs","349"
"plugin-model","AllEnums.属性Type","土相性","","28","plugin-source/v10-source-restoration-lk/AllEnums.cs","350"
"plugin-model","AllEnums.属性Type","所有相性","","29","plugin-source/v10-source-restoration-lk/AllEnums.cs","351"
"plugin-model","AllEnums.属性Type","剩余相性","","30","plugin-source/v10-source-restoration-lk/AllEnums.cs","352"
"plugin-model","AllEnums.属性Type","使用丹药","","31","plugin-source/v10-source-restoration-lk/AllEnums.cs","353"
"plugin-model","AllEnums.属性Type","抗物理","","32","plugin-source/v10-source-restoration-lk/AllEnums.cs","354"
"plugin-model","AllEnums.属性Type","抗法术","","33","plugin-source/v10-source-restoration-lk/AllEnums.cs","355"
"plugin-model","AllEnums.属性Type","攻击效果","","34","plugin-source/v10-source-restoration-lk/AllEnums.cs","356"
"plugin-model","AllEnums.属性Type","反震度","","35","plugin-source/v10-source-restoration-lk/AllEnums.cs","357"
"plugin-model","AllEnums.属性Type","反震率","","36","plugin-source/v10-source-restoration-lk/AllEnums.cs","358"
"plugin-model","AllEnums.属性Type","必杀率","","37","plugin-source/v10-source-restoration-lk/AllEnums.cs","359"
"plugin-model","AllEnums.属性Type","连击率","","38","plugin-source/v10-source-restoration-lk/AllEnums.cs","360"
"plugin-model","AllEnums.属性Type","连击数","","39","plugin-source/v10-source-restoration-lk/AllEnums.cs","361"
"plugin-model","AllEnums.属性Type","反击率","","40","plugin-source/v10-source-restoration-lk/AllEnums.cs","362"
"plugin-model","AllEnums.属性Type","反击数","","41","plugin-source/v10-source-restoration-lk/AllEnums.cs","363"
"plugin-model","AllEnums.属性Type","闪避","","42","plugin-source/v10-source-restoration-lk/AllEnums.cs","364"
"plugin-model","AllEnums.属性Type","破防","","43","plugin-source/v10-source-restoration-lk/AllEnums.cs","365"
"plugin-model","AllEnums.属性Type","准确","","44","plugin-source/v10-source-restoration-lk/AllEnums.cs","366"
"plugin-model","AllEnums.属性Type","金抗性","","45","plugin-source/v10-source-restoration-lk/AllEnums.cs","367"
"plugin-model","AllEnums.属性Type","木抗性","","46","plugin-source/v10-source-restoration-lk/AllEnums.cs","368"
"plugin-model","AllEnums.属性Type","水抗性","","47","plugin-source/v10-source-restoration-lk/AllEnums.cs","369"
"plugin-model","AllEnums.属性Type","火抗性","","48","plugin-source/v10-source-restoration-lk/AllEnums.cs","370"
"plugin-model","AllEnums.属性Type","土抗性","","49","plugin-source/v10-source-restoration-lk/AllEnums.cs","371"
"plugin-model","AllEnums.属性Type","好心值","","50","plugin-source/v10-source-restoration-lk/AllEnums.cs","372"
"plugin-model","AllEnums.属性Type","修为值","","51","plugin-source/v10-source-restoration-lk/AllEnums.cs","373"
"plugin-model","AllEnums.属性Type","强物理","","52","plugin-source/v10-source-restoration-lk/AllEnums.cs","374"
"plugin-model","AllEnums.属性Type","强法术","","53","plugin-source/v10-source-restoration-lk/AllEnums.cs","375"
"plugin-model","AllEnums.数值Type","无","","0","plugin-source/v10-source-restoration-lk/AllEnums.cs","380"
"plugin-model","AllEnums.数值Type","等级","","1","plugin-source/v10-source-restoration-lk/AllEnums.cs","381"
"plugin-model","AllEnums.数值Type","道行","","2","plugin-source/v10-source-restoration-lk/AllEnums.cs","382"
"plugin-model","AllEnums.数值Type","经验","","3","plugin-source/v10-source-restoration-lk/AllEnums.cs","383"
"plugin-model","AllEnums.数值Type","声望","","4","plugin-source/v10-source-restoration-lk/AllEnums.cs","384"
"plugin-model","AllEnums.数值Type","战绩","","5","plugin-source/v10-source-restoration-lk/AllEnums.cs","385"
"plugin-model","AllEnums.数值Type","金元宝","","6","plugin-source/v10-source-restoration-lk/AllEnums.cs","386"
"plugin-model","AllEnums.数值Type","银元宝","","7","plugin-source/v10-source-restoration-lk/AllEnums.cs","387"
"plugin-model","AllEnums.数值Type","金钱","","8","plugin-source/v10-source-restoration-lk/AllEnums.cs","388"
"plugin-model","AllEnums.数值Type","累充点","","9","plugin-source/v10-source-restoration-lk/AllEnums.cs","389"
"plugin-model","AllEnums.数值Type","道具","","10","plugin-source/v10-source-restoration-lk/AllEnums.cs","390"
"plugin-model","AllEnums.数值Type","体力","","11","plugin-source/v10-source-restoration-lk/AllEnums.cs","391"
"plugin-model","AllEnums.数值Type","南极点","","12","plugin-source/v10-source-restoration-lk/AllEnums.cs","392"
"plugin-model","AllEnums.数值Type","气血上限","","13","plugin-source/v10-source-restoration-lk/AllEnums.cs","393"
"plugin-model","AllEnums.数值Type","代金券","","14","plugin-source/v10-source-restoration-lk/AllEnums.cs","394"
"plugin-model","AllEnums.数值Type","宠物","","15","plugin-source/v10-source-restoration-lk/AllEnums.cs","395"
"plugin-model","AllEnums.数值Type","坐骑","","16","plugin-source/v10-source-restoration-lk/AllEnums.cs","396"
"plugin-model","AllEnums.数值Type","奇宝点","","17","plugin-source/v10-source-restoration-lk/AllEnums.cs","397"
"plugin-model","AllEnums.数值Type","灵气值","","18","plugin-source/v10-source-restoration-lk/AllEnums.cs","398"
"plugin-model","AllEnums.数值Type","点卡点数","","19","plugin-source/v10-source-restoration-lk/AllEnums.cs","399"
"plugin-model","AllEnums.数值Type","论道点","","20","plugin-source/v10-source-restoration-lk/AllEnums.cs","400"
"plugin-model","AllEnums.数值Type","潜能","","21","plugin-source/v10-source-restoration-lk/AllEnums.cs","401"
"plugin-model","AllEnums.指令Type","无","","0","plugin-source/v10-source-restoration-lk/AllEnums.cs","406"
"plugin-model","AllEnums.指令Type","level","","1","plugin-source/v10-source-restoration-lk/AllEnums.cs","407"
"plugin-model","AllEnums.指令Type","tao","","2","plugin-source/v10-source-restoration-lk/AllEnums.cs","408"
"plugin-model","AllEnums.指令Type","pot","","3","plugin-source/v10-source-restoration-lk/AllEnums.cs","409"
"plugin-model","AllEnums.指令Type","exp","","4","plugin-source/v10-source-restoration-lk/AllEnums.cs","410"
"plugin-model","AllEnums.指令Type","reputation","","5","plugin-source/v10-source-restoration-lk/AllEnums.cs","411"
"plugin-model","AllEnums.指令Type","total_score","","6","plugin-source/v10-source-restoration-lk/AllEnums.cs","412"
"plugin-model","AllEnums.指令Type","stamina","","7","plugin-source/v10-source-restoration-lk/AllEnums.cs","413"
"plugin-model","AllEnums.指令Type","max_stamina","","8","plugin-source/v10-source-restoration-lk/AllEnums.cs","414"
"plugin-model","AllEnums.指令Type","total_pk","","9","plugin-source/v10-source-restoration-lk/AllEnums.cs","415"
"plugin-model","AllEnums.指令Type","silver_coin","","10","plugin-source/v10-source-restoration-lk/AllEnums.cs","416"
"plugin-model","AllEnums.指令Type","gold_coin","","11","plugin-source/v10-source-restoration-lk/AllEnums.cs","417"
"plugin-model","AllEnums.指令Type","extra_life","","12","plugin-source/v10-source-restoration-lk/AllEnums.cs","418"
"plugin-model","AllEnums.指令Type","extra_mana","","13","plugin-source/v10-source-restoration-lk/AllEnums.cs","419"
"plugin-model","AllEnums.指令Type","cash","","14","plugin-source/v10-source-restoration-lk/AllEnums.cs","420"
"plugin-model","AllEnums.指令Type","voucher","","15","plugin-source/v10-source-restoration-lk/AllEnums.cs","421"
"plugin-model","AllEnums.指令Type","balance","","16","plugin-source/v10-source-restoration-lk/AllEnums.cs","422"
"plugin-model","AllEnums.指令Type","life","","17","plugin-source/v10-source-restoration-lk/AllEnums.cs","423"
"plugin-model","AllEnums.指令Type","max_life","","18","plugin-source/v10-source-restoration-lk/AllEnums.cs","424"
"plugin-model","AllEnums.指令Type","mana","","19","plugin-source/v10-source-restoration-lk/AllEnums.cs","425"
"plugin-model","AllEnums.指令Type","max_mana","","20","plugin-source/v10-source-restoration-lk/AllEnums.cs","426"
"plugin-model","AllEnums.指令Type","upgrade_immortal","","21","plugin-source/v10-source-restoration-lk/AllEnums.cs","427"
"plugin-model","AllEnums.指令Type","upgrade_magic","","22","plugin-source/v10-source-restoration-lk/AllEnums.cs","428"
"plugin-model","AllEnums.指令Type","accurate","","23","plugin-source/v10-source-restoration-lk/AllEnums.cs","429"
"plugin-model","AllEnums.指令Type","metal","","24","plugin-source/v10-source-restoration-lk/AllEnums.cs","430"
"plugin-model","AllEnums.指令Type","wood","","25","plugin-source/v10-source-restoration-lk/AllEnums.cs","431"
"plugin-model","AllEnums.指令Type","water","","26","plugin-source/v10-source-restoration-lk/AllEnums.cs","432"
"plugin-model","AllEnums.指令Type","fire","","27","plugin-source/v10-source-restoration-lk/AllEnums.cs","433"
"plugin-model","AllEnums.指令Type","earth","","28","plugin-source/v10-source-restoration-lk/AllEnums.cs","434"
"plugin-model","AllEnums.指令Type","all_polar","","29","plugin-source/v10-source-restoration-lk/AllEnums.cs","435"
"plugin-model","AllEnums.指令Type","life_effect","","30","plugin-source/v10-source-restoration-lk/AllEnums.cs","436"
"plugin-model","AllEnums.指令Type","mana_effect","","31","plugin-source/v10-source-restoration-lk/AllEnums.cs","437"
"plugin-model","AllEnums.指令Type","speed_effect","","32","plugin-source/v10-source-restoration-lk/AllEnums.cs","438"
"plugin-model","AllEnums.指令Type","phy_effect","","33","plugin-source/v10-source-restoration-lk/AllEnums.cs","439"
"plugin-model","AllEnums.指令Type","mag_effect","","34","plugin-source/v10-source-restoration-lk/AllEnums.cs","440"
"plugin-model","AllEnums.指令Type","phy_absorb","","35","plugin-source/v10-source-restoration-lk/AllEnums.cs","441"
"plugin-model","AllEnums.指令Type","mag_absorb","","36","plugin-source/v10-source-restoration-lk/AllEnums.cs","442"
"plugin-model","AllEnums.指令Type","durability","","37","plugin-source/v10-source-restoration-lk/AllEnums.cs","443"
"plugin-model","AllEnums.指令Type","max_durability","","38","plugin-source/v10-source-restoration-lk/AllEnums.cs","444"
"plugin-model","AllEnums.指令Type","phy_power","","39","plugin-source/v10-source-restoration-lk/AllEnums.cs","445"
"plugin-model","AllEnums.指令Type","mag_power","","40","plugin-source/v10-source-restoration-lk/AllEnums.cs","446"
"plugin-model","AllEnums.指令Type","def","","41","plugin-source/v10-source-restoration-lk/AllEnums.cs","447"
"plugin-model","AllEnums.指令Type","con","","42","plugin-source/v10-source-restoration-lk/AllEnums.cs","448"
"plugin-model","AllEnums.指令Type","str","","43","plugin-source/v10-source-restoration-lk/AllEnums.cs","449"
"plugin-model","AllEnums.指令Type","wiz","","44","plugin-source/v10-source-restoration-lk/AllEnums.cs","450"
"plugin-model","AllEnums.指令Type","dex","","45","plugin-source/v10-source-restoration-lk/AllEnums.cs","451"
"plugin-model","AllEnums.指令Type","speed","","46","plugin-source/v10-source-restoration-lk/AllEnums.cs","452"
"plugin-model","AllEnums.指令Type","resist_metal","","47","plugin-source/v10-source-restoration-lk/AllEnums.cs","453"
"plugin-model","AllEnums.指令Type","resist_wood","","48","plugin-source/v10-source-restoration-lk/AllEnums.cs","454"
"plugin-model","AllEnums.指令Type","resist_water","","49","plugin-source/v10-source-restoration-lk/AllEnums.cs","455"
"plugin-model","AllEnums.指令Type","resist_fire","","50","plugin-source/v10-source-restoration-lk/AllEnums.cs","456"
"plugin-model","AllEnums.指令Type","resist_earth","","51","plugin-source/v10-source-restoration-lk/AllEnums.cs","457"
"plugin-model","AllEnums.指令Type","resist_poison","","52","plugin-source/v10-source-restoration-lk/AllEnums.cs","458"
"plugin-model","AllEnums.指令Type","resist_frozen","","53","plugin-source/v10-source-restoration-lk/AllEnums.cs","459"
"plugin-model","AllEnums.指令Type","resist_sleep","","54","plugin-source/v10-source-restoration-lk/AllEnums.cs","460"
"plugin-model","AllEnums.指令Type","resist_forgotten","","55","plugin-source/v10-source-restoration-lk/AllEnums.cs","461"
"plugin-model","AllEnums.指令Type","resist_confusion","","56","plugin-source/v10-source-restoration-lk/AllEnums.cs","462"
"plugin-model","AllEnums.指令Type","all_resist_except","","57","plugin-source/v10-source-restoration-lk/AllEnums.cs","463"
"plugin-model","AllEnums.指令Type","penetrate","","58","plugin-source/v10-source-restoration-lk/AllEnums.cs","464"
"plugin-model","AllEnums.指令Type","penetrate_rate","","59","plugin-source/v10-source-restoration-lk/AllEnums.cs","465"
"plugin-model","AllEnums.指令Type","double_hit","","60","plugin-source/v10-source-restoration-lk/AllEnums.cs","466"
"plugin-model","AllEnums.指令Type","double_hit_rate","","61","plugin-source/v10-source-restoration-lk/AllEnums.cs","467"
"plugin-model","AllEnums.指令Type","stunt","","62","plugin-source/v10-source-restoration-lk/AllEnums.cs","468"
"plugin-model","AllEnums.指令Type","counter_attack_rate","","63","plugin-source/v10-source-restoration-lk/AllEnums.cs","469"
"plugin-model","AllEnums.指令Type","damage_sel","","64","plugin-source/v10-source-restoration-lk/AllEnums.cs","470"
"plugin-model","AllEnums.指令Type","damage_sel_rate","","65","plugin-source/v10-source-restoration-lk/AllEnums.cs","471"
"plugin-model","AllEnums.指令Type","parry","","66","plugin-source/v10-source-restoration-lk/AllEnums.cs","472"
"plugin-model","AllEnums.指令Type","counter_attack","","67","plugin-source/v10-source-restoration-lk/AllEnums.cs","473"
"plugin-model","AllEnums.指令Type","stunt_rate","","68","plugin-source/v10-source-restoration-lk/AllEnums.cs","474"
"plugin-model","AllEnums.指令Type","intimacy","","69","plugin-source/v10-source-restoration-lk/AllEnums.cs","475"
"plugin-model","AllEnums.指令Type","nice","","70","plugin-source/v10-source-restoration-lk/AllEnums.cs","476"
"plugin-model","AllEnums.指令Type","attack_effect","","71","plugin-source/v10-source-restoration-lk/AllEnums.cs","477"
"plugin-model","AllEnums.指令Type","all_resist_polar","","72","plugin-source/v10-source-restoration-lk/AllEnums.cs","478"
"plugin-model","AllEnums.指令Type","all_attrib","","73","plugin-source/v10-source-restoration-lk/AllEnums.cs","479"
"plugin-model","AllEnums.指令Type","all_skill","","74","plugin-source/v10-source-restoration-lk/AllEnums.cs","480"
"plugin-model","AllEnums.指令Type","ignore_resist_metal","","75","plugin-source/v10-source-restoration-lk/AllEnums.cs","481"
"plugin-model","AllEnums.指令Type","ignore_resist_wood","","76","plugin-source/v10-source-restoration-lk/AllEnums.cs","482"
"plugin-model","AllEnums.指令Type","ignore_resist_water","","77","plugin-source/v10-source-restoration-lk/AllEnums.cs","483"
"plugin-model","AllEnums.指令Type","ignore_resist_fire","","78","plugin-source/v10-source-restoration-lk/AllEnums.cs","484"
"plugin-model","AllEnums.指令Type","ignore_resist_earth","","79","plugin-source/v10-source-restoration-lk/AllEnums.cs","485"
"plugin-model","AllEnums.指令Type","ignore_resist_forgotten","","80","plugin-source/v10-source-restoration-lk/AllEnums.cs","486"
"plugin-model","AllEnums.指令Type","ignore_resist_poison","","81","plugin-source/v10-source-restoration-lk/AllEnums.cs","487"
"plugin-model","AllEnums.指令Type","ignore_resist_frozen","","82","plugin-source/v10-source-restoration-lk/AllEnums.cs","488"
"plugin-model","AllEnums.指令Type","ignore_resist_sleep","","83","plugin-source/v10-source-restoration-lk/AllEnums.cs","489"
"plugin-model","AllEnums.指令Type","ignore_resist_confusion","","84","plugin-source/v10-source-restoration-lk/AllEnums.cs","490"
"plugin-model","AllEnums.指令Type","super_excluse_metal","","85","plugin-source/v10-source-restoration-lk/AllEnums.cs","491"
"plugin-model","AllEnums.指令Type","super_excluse_wood","","86","plugin-source/v10-source-restoration-lk/AllEnums.cs","492"
"plugin-model","AllEnums.指令Type","super_excluse_water","","87","plugin-source/v10-source-restoration-lk/AllEnums.cs","493"
"plugin-model","AllEnums.指令Type","super_excluse_fire","","88","plugin-source/v10-source-restoration-lk/AllEnums.cs","494"
"plugin-model","AllEnums.指令Type","super_excluse_earth","","89","plugin-source/v10-source-restoration-lk/AllEnums.cs","495"
"plugin-model","AllEnums.指令Type","counter_attack_jgzx","","90","plugin-source/v10-source-restoration-lk/AllEnums.cs","496"
"plugin-model","AllEnums.指令Type","counter_attack_zyfh","","91","plugin-source/v10-source-restoration-lk/AllEnums.cs","497"
"plugin-model","AllEnums.指令Type","counter_attack_dscs","","92","plugin-source/v10-source-restoration-lk/AllEnums.cs","498"
"plugin-model","AllEnums.指令Type","counter_attack_jhft","","93","plugin-source/v10-source-restoration-lk/AllEnums.cs","499"
"plugin-model","AllEnums.指令Type","counter_attack_ltfy","","94","plugin-source/v10-source-restoration-lk/AllEnums.cs","500"
"plugin-model","AllEnums.指令Type","enhanced_metal","","95","plugin-source/v10-source-restoration-lk/AllEnums.cs","501"
"plugin-model","AllEnums.指令Type","enhanced_wood","","96","plugin-source/v10-source-restoration-lk/AllEnums.cs","502"
"plugin-model","AllEnums.指令Type","enhanced_water","","97","plugin-source/v10-source-restoration-lk/AllEnums.cs","503"
"plugin-model","AllEnums.指令Type","enhanced_fire","","98","plugin-source/v10-source-restoration-lk/AllEnums.cs","504"
"plugin-model","AllEnums.指令Type","enhanced_earth","","99","plugin-source/v10-source-restoration-lk/AllEnums.cs","505"
"plugin-model","AllEnums.指令Type","enhanced_phy","","100","plugin-source/v10-source-restoration-lk/AllEnums.cs","506"
"plugin-model","AllEnums.指令Type","mag_dodge","","101","plugin-source/v10-source-restoration-lk/AllEnums.cs","507"
"plugin-model","AllEnums.指令Type","B_skill_low_cost","","102","plugin-source/v10-source-restoration-lk/AllEnums.cs","508"
"plugin-model","AllEnums.指令Type","C_skill_low_cost","","103","plugin-source/v10-source-restoration-lk/AllEnums.cs","509"
"plugin-model","AllEnums.指令Type","D_skill_low_cost","","104","plugin-source/v10-source-restoration-lk/AllEnums.cs","510"
"plugin-model","AllEnums.指令Type","super_poison","","105","plugin-source/v10-source-restoration-lk/AllEnums.cs","511"
"plugin-model","AllEnums.指令Type","super_sleep","","106","plugin-source/v10-source-restoration-lk/AllEnums.cs","512"
"plugin-model","AllEnums.指令Type","super_frozen","","107","plugin-source/v10-source-restoration-lk/AllEnums.cs","513"
"plugin-model","AllEnums.指令Type","super_forgotten","","108","plugin-source/v10-source-restoration-lk/AllEnums.cs","514"
"plugin-model","AllEnums.指令Type","super_confusion","","109","plugin-source/v10-source-restoration-lk/AllEnums.cs","515"
"plugin-model","AllEnums.指令Type","metal_mag_power","","110","plugin-source/v10-source-restoration-lk/AllEnums.cs","516"
"plugin-model","AllEnums.指令Type","wood_mag_power","","111","plugin-source/v10-source-restoration-lk/AllEnums.cs","517"
"plugin-model","AllEnums.指令Type","water_mag_power","","112","plugin-source/v10-source-restoration-lk/AllEnums.cs","518"
"plugin-model","AllEnums.指令Type","fire_mag_power","","113","plugin-source/v10-source-restoration-lk/AllEnums.cs","519"
"plugin-model","AllEnums.指令Type","earth_mag_power","","114","plugin-source/v10-source-restoration-lk/AllEnums.cs","520"
"plugin-model","AllEnums.指令Type","ignore_phy_absorb","","115","plugin-source/v10-source-restoration-lk/AllEnums.cs","521"
"plugin-model","AllEnums.指令Type","ignore_all_resist_polar","","116","plugin-source/v10-source-restoration-lk/AllEnums.cs","522"
"plugin-model","AllEnums.指令Type","ignore_all_resist_except","","117","plugin-source/v10-source-restoration-lk/AllEnums.cs","523"
"plugin-model","AllEnums.指令Type","release_forgotten","","118","plugin-source/v10-source-restoration-lk/AllEnums.cs","524"
"plugin-model","AllEnums.指令Type","release_poison","","119","plugin-source/v10-source-restoration-lk/AllEnums.cs","525"
"plugin-model","AllEnums.指令Type","release_frozen","","120","plugin-source/v10-source-restoration-lk/AllEnums.cs","526"
"plugin-model","AllEnums.指令Type","release_sleep","","121","plugin-source/v10-source-restoration-lk/AllEnums.cs","527"
"plugin-model","AllEnums.指令Type","release_confusion","","122","plugin-source/v10-source-restoration-lk/AllEnums.cs","528"
"plugin-model","AllEnums.指令Type","ignore_double_hit_rate","","123","plugin-source/v10-source-restoration-lk/AllEnums.cs","529"
"plugin-model","AllEnums.指令Type","ignore_stunt_rate","","124","plugin-source/v10-source-restoration-lk/AllEnums.cs","530"
"plugin-model","AllEnums.指令Type","chase","","125","plugin-source/v10-source-restoration-lk/AllEnums.cs","531"
"plugin-model","AllEnums.指令Type","super_obstruct","","126","plugin-source/v10-source-restoration-lk/AllEnums.cs","532"
"plugin-model","AllEnums.指令Type","ignore_mag_dodge","","127","plugin-source/v10-source-restoration-lk/AllEnums.cs","533"
"plugin-model","AllEnums.指令Type","duration","","128","plugin-source/v10-source-restoration-lk/AllEnums.cs","534"
"plugin-model","AllEnums.指令Type","scroll_phy_power","","129","plugin-source/v10-source-restoration-lk/AllEnums.cs","535"
"plugin-model","AllEnums.指令Type","scroll_mag_power","","130","plugin-source/v10-source-restoration-lk/AllEnums.cs","536"
"plugin-model","AllEnums.指令Type","dodge_effect","","131","plugin-source/v10-source-restoration-lk/AllEnums.cs","537"
"plugin-model","AllEnums.指令Type","mstunt_rate","","132","plugin-source/v10-source-restoration-lk/AllEnums.cs","538"
"plugin-model","AllEnums.指令Type","ignore_mstunt_rate","","133","plugin-source/v10-source-restoration-lk/AllEnums.cs","539"
"plugin-model","AllEnums.指令Type","resist_shenszg","","134","plugin-source/v10-source-restoration-lk/AllEnums.cs","540"
"plugin-model","AllEnums.指令Type","resist_youszs","","135","plugin-source/v10-source-restoration-lk/AllEnums.cs","541"
"plugin-model","AllEnums.指令Type","resist_shemyj","","136","plugin-source/v10-source-restoration-lk/AllEnums.cs","542"
"plugin-model","AllEnums.指令Type","resist_fanzqk","","137","plugin-source/v10-source-restoration-lk/AllEnums.cs","543"
"plugin-model","AllEnums.指令Type","resist_mantxw","","138","plugin-source/v10-source-restoration-lk/AllEnums.cs","544"
"plugin-model","AllEnums.指令Type","base_dodge","","139","plugin-source/v10-source-restoration-lk/AllEnums.cs","545"
"plugin-model","AllEnums.指令Type","resist_repress","","140","plugin-source/v10-source-restoration-lk/AllEnums.cs","546"
"plugin-model","AllEnums.指令Type","resist_melt","","141","plugin-source/v10-source-restoration-lk/AllEnums.cs","547"
"plugin-model","AllEnums.指令Type","resist_cage","","142","plugin-source/v10-source-restoration-lk/AllEnums.cs","548"
"plugin-model","AllEnums.指令Type","resist_lock","","143","plugin-source/v10-source-restoration-lk/AllEnums.cs","549"
"plugin-model","AllEnums.指令Type","resist_lost","","144","plugin-source/v10-source-restoration-lk/AllEnums.cs","550"
"plugin-model","AllEnums.指令Type","ignore_resist_repress","","145","plugin-source/v10-source-restoration-lk/AllEnums.cs","551"
"plugin-model","AllEnums.指令Type","ignore_resist_melt","","146","plugin-source/v10-source-restoration-lk/AllEnums.cs","552"
"plugin-model","AllEnums.指令Type","ignore_resist_cage","","147","plugin-source/v10-source-restoration-lk/AllEnums.cs","553"
"plugin-model","AllEnums.指令Type","ignore_resist_lock","","148","plugin-source/v10-source-restoration-lk/AllEnums.cs","554"
"plugin-model","AllEnums.指令Type","ignore_resist_lost","","149","plugin-source/v10-source-restoration-lk/AllEnums.cs","555"
"plugin-model","AllEnums.指令Type","release_repress","","150","plugin-source/v10-source-restoration-lk/AllEnums.cs","556"
"plugin-model","AllEnums.指令Type","release_melt","","151","plugin-source/v10-source-restoration-lk/AllEnums.cs","557"
"plugin-model","AllEnums.指令Type","release_cage","","152","plugin-source/v10-source-restoration-lk/AllEnums.cs","558"
"plugin-model","AllEnums.指令Type","release_lock","","153","plugin-source/v10-source-restoration-lk/AllEnums.cs","559"
"plugin-model","AllEnums.指令Type","release_lost","","154","plugin-source/v10-source-restoration-lk/AllEnums.cs","560"
"plugin-model","AllEnums.指令Type","super_repress","","155","plugin-source/v10-source-restoration-lk/AllEnums.cs","561"
"plugin-model","AllEnums.指令Type","super_melt","","156","plugin-source/v10-source-restoration-lk/AllEnums.cs","562"
"plugin-model","AllEnums.指令Type","super_cage","","157","plugin-source/v10-source-restoration-lk/AllEnums.cs","563"
"plugin-model","AllEnums.指令Type","super_lock","","158","plugin-source/v10-source-restoration-lk/AllEnums.cs","564"
"plugin-model","AllEnums.指令Type","super_lost","","159","plugin-source/v10-source-restoration-lk/AllEnums.cs","565"
"plugin-model","AllEnums.指令Type","wudao_rep","","160","plugin-source/v10-source-restoration-lk/AllEnums.cs","566"
"plugin-model","AllEnums.上线牌面Type","烟花雨","1","1","plugin-source/v10-source-restoration-lk/AllEnums.cs","571"
"plugin-model","AllEnums.上线牌面Type","流动广播","","2","plugin-source/v10-source-restoration-lk/AllEnums.cs","572"
"plugin-model","AllEnums.上线牌面Type","横幅","","3","plugin-source/v10-source-restoration-lk/AllEnums.cs","573"
"plugin-model","AllEnums.上线牌面Type","烟花雨_流动广播","","4","plugin-source/v10-source-restoration-lk/AllEnums.cs","574"
"plugin-model","AllEnums.上线牌面Type","系统频道","","5","plugin-source/v10-source-restoration-lk/AllEnums.cs","575"
"plugin-model","AllEnums.CdkType","无","0","0","plugin-source/v10-source-restoration-lk/AllEnums.cs","580"
"plugin-model","AllEnums.CdkType","道具","1","1","plugin-source/v10-source-restoration-lk/AllEnums.cs","581"
"plugin-model","AllEnums.CdkType","点卡","2","2","plugin-source/v10-source-restoration-lk/AllEnums.cs","582"
"plugin-model","AllEnums.CdkType","推荐","3","3","plugin-source/v10-source-restoration-lk/AllEnums.cs","583"
"plugin-model","AllEnums.CdkType","注册码","4","4","plugin-source/v10-source-restoration-lk/AllEnums.cs","584"
"plugin-model","AllEnums.CdkType","加金相性","11","11","plugin-source/v10-source-restoration-lk/AllEnums.cs","585"
"plugin-model","AllEnums.CdkType","加木相性","12","12","plugin-source/v10-source-restoration-lk/AllEnums.cs","586"
"plugin-model","AllEnums.CdkType","加水相性","13","13","plugin-source/v10-source-restoration-lk/AllEnums.cs","587"
"plugin-model","AllEnums.CdkType","加火相性","14","14","plugin-source/v10-source-restoration-lk/AllEnums.cs","588"
"plugin-model","AllEnums.CdkType","加土相性","15","15","plugin-source/v10-source-restoration-lk/AllEnums.cs","589"
"plugin-model","AllEnums.CdkType","奇宝点","17","17","plugin-source/v10-source-restoration-lk/AllEnums.cs","590"
"plugin-model","AllEnums.频道Type","当前","1","1","plugin-source/v10-source-restoration-lk/AllEnums.cs","595"
"plugin-model","AllEnums.频道Type","世界","2","2","plugin-source/v10-source-restoration-lk/AllEnums.cs","596"
"plugin-model","AllEnums.频道Type","杂项","3","3","plugin-source/v10-source-restoration-lk/AllEnums.cs","597"
"plugin-model","AllEnums.频道Type","谣言","6","6","plugin-source/v10-source-restoration-lk/AllEnums.cs","598"
"plugin-model","AllEnums.频道Type","系统","7","7","plugin-source/v10-source-restoration-lk/AllEnums.cs","599"
"plugin-model","AllEnums.频道Type","系统信箱","9","9","plugin-source/v10-source-restoration-lk/AllEnums.cs","600"
"plugin-model","AllEnums.频道Type","门派","11","11","plugin-source/v10-source-restoration-lk/AllEnums.cs","601"
"plugin-model","AllEnums.频道Type","信息","12","12","plugin-source/v10-source-restoration-lk/AllEnums.cs","602"
"plugin-model","AllEnums.频道Type","交易","13","13","plugin-source/v10-source-restoration-lk/AllEnums.cs","603"
"plugin-model","AllEnums.频道Type","客服","14","14","plugin-source/v10-source-restoration-lk/AllEnums.cs","604"
"plugin-model","AllEnums.频道Type","喇叭","19","19","plugin-source/v10-source-restoration-lk/AllEnums.cs","605"
"plugin-model","AllEnums.频道Type","问道","20","20","plugin-source/v10-source-restoration-lk/AllEnums.cs","606"
"plugin-model","AllEnums.频道Type","问道维护","21","21","plugin-source/v10-source-restoration-lk/AllEnums.cs","607"
"plugin-model","AllEnums.频道Type","问道活动","22","22","plugin-source/v10-source-restoration-lk/AllEnums.cs","608"
"plugin-model","AllEnums.频道Type","横批公告","50","50","plugin-source/v10-source-restoration-lk/AllEnums.cs","609"
"plugin-model","AllEnums.宠物Type","普通","0","0","plugin-source/v10-source-restoration-lk/AllEnums.cs","614"
"plugin-model","AllEnums.宠物Type","变异","3","3","plugin-source/v10-source-restoration-lk/AllEnums.cs","615"
"plugin-model","AllEnums.宠物Type","神兽","4","4","plugin-source/v10-source-restoration-lk/AllEnums.cs","616"
"plugin-model","AllEnums.宠物Type","鬼宠","8","8","plugin-source/v10-source-restoration-lk/AllEnums.cs","617"
"plugin-model","AllEnums.宠物Type","元灵","10","10","plugin-source/v10-source-restoration-lk/AllEnums.cs","618"
"plugin-model","AllEnums.宠物Type","仙元","11","11","plugin-source/v10-source-restoration-lk/AllEnums.cs","619"
"plugin-model","AllEnums.任务Type","无","","0","plugin-source/v10-source-restoration-lk/AllEnums.cs","624"
"plugin-model","AllEnums.任务Type","自动摆摊","","1","plugin-source/v10-source-restoration-lk/AllEnums.cs","625"
"plugin-model","AllEnums.任务Type","超级道具活动","","2","plugin-source/v10-source-restoration-lk/AllEnums.cs","626"
"plugin-model","AllEnums.任务Type","宠物召唤活动","","3","plugin-source/v10-source-restoration-lk/AllEnums.cs","627"
"plugin-model","AllEnums.任务Type","六道轮回活动","","4","plugin-source/v10-source-restoration-lk/AllEnums.cs","628"
"plugin-model","AllEnums.任务Type","异兽收录活动","","5","plugin-source/v10-source-restoration-lk/AllEnums.cs","629"
"plugin-model","AllEnums.任务Type","大圣无双活动","","6","plugin-source/v10-source-restoration-lk/AllEnums.cs","630"
"plugin-model","AllEnums.任务Type","推荐拉人活动","","7","plugin-source/v10-source-restoration-lk/AllEnums.cs","631"
"plugin-model","AllEnums.任务Type","燃眉之急活动","","8","plugin-source/v10-source-restoration-lk/AllEnums.cs","632"
"plugin-model","AllEnums.任务Type","浮生加护活动","","9","plugin-source/v10-source-restoration-lk/AllEnums.cs","633"
"plugin-model","AllEnums.任务Type","宠物转生活动","","10","plugin-source/v10-source-restoration-lk/AllEnums.cs","634"
"plugin-model","AllEnums.任务Type","巅峰对决版本","","11","plugin-source/v10-source-restoration-lk/AllEnums.cs","635"
"plugin-model","AllEnums.任务Type","点卡系统","","12","plugin-source/v10-source-restoration-lk/AllEnums.cs","636"
"plugin-model","AllEnums.任务Type","每日泡点活动","","13","plugin-source/v10-source-restoration-lk/AllEnums.cs","637"
"plugin-model","AllEnums.轮回Type","未开始","","0","plugin-source/v10-source-restoration-lk/AllEnums.cs","642"
"plugin-model","AllEnums.轮回Type","转世中","","1","plugin-source/v10-source-restoration-lk/AllEnums.cs","643"
"plugin-model","AllEnums.轮回Type","已转世","","2","plugin-source/v10-source-restoration-lk/AllEnums.cs","644"
"plugin-model","AllEnums.轮回Type","已圆满","","3","plugin-source/v10-source-restoration-lk/AllEnums.cs","645"
"plugin-model","AllEnums.六道Type","地狱道","","0","plugin-source/v10-source-restoration-lk/AllEnums.cs","650"
"plugin-model","AllEnums.六道Type","饿鬼道","","1","plugin-source/v10-source-restoration-lk/AllEnums.cs","651"
"plugin-model","AllEnums.六道Type","畜生道","","2","plugin-source/v10-source-restoration-lk/AllEnums.cs","652"
"plugin-model","AllEnums.六道Type","修罗道","","3","plugin-source/v10-source-restoration-lk/AllEnums.cs","653"
"plugin-model","AllEnums.六道Type","人道","","4","plugin-source/v10-source-restoration-lk/AllEnums.cs","654"
"plugin-model","AllEnums.六道Type","天道","","5","plugin-source/v10-source-restoration-lk/AllEnums.cs","655"
"plugin-model","AllEnums.化身分类","乱世书","","0","plugin-source/v10-source-restoration-lk/AllEnums.cs","660"
"plugin-model","AllEnums.化身分类","千钧卷","","1","plugin-source/v10-source-restoration-lk/AllEnums.cs","661"
"plugin-model","AllEnums.化身分类","灵虚卷","","2","plugin-source/v10-source-restoration-lk/AllEnums.cs","662"
"plugin-model","AllEnums.化身分类","御元卷","","3","plugin-source/v10-source-restoration-lk/AllEnums.cs","663"
"plugin-model","AllEnums.化身分类","乘风卷","","4","plugin-source/v10-source-restoration-lk/AllEnums.cs","664"
"plugin-model","AllEnums.化身星级","一星","1","1","plugin-source/v10-source-restoration-lk/AllEnums.cs","669"
"plugin-model","AllEnums.化身星级","二星","","2","plugin-source/v10-source-restoration-lk/AllEnums.cs","670"
"plugin-model","AllEnums.化身星级","三星","","3","plugin-source/v10-source-restoration-lk/AllEnums.cs","671"
"plugin-model","AllEnums.化身星级","四星","","4","plugin-source/v10-source-restoration-lk/AllEnums.cs","672"
"plugin-model","AllEnums.化身星级","五星","","5","plugin-source/v10-source-restoration-lk/AllEnums.cs","673"
"plugin-model","AllEnums.圣无双Type","未开始","","0","plugin-source/v10-source-restoration-lk/AllEnums.cs","678"
"plugin-model","AllEnums.圣无双Type","报名时","","1","plugin-source/v10-source-restoration-lk/AllEnums.cs","679"
"plugin-model","AllEnums.圣无双Type","进行时","","2","plugin-source/v10-source-restoration-lk/AllEnums.cs","680"
"plugin-model","AllEnums.奖品Type","普通奖","4","4","plugin-source/v10-source-restoration-lk/AllEnums.cs","685"
"plugin-model","AllEnums.奖品Type","三等奖","3","3","plugin-source/v10-source-restoration-lk/AllEnums.cs","686"
"plugin-model","AllEnums.奖品Type","二等奖","2","2","plugin-source/v10-source-restoration-lk/AllEnums.cs","687"
"plugin-model","AllEnums.奖品Type","一等奖","1","1","plugin-source/v10-source-restoration-lk/AllEnums.cs","688"
"plugin-model","AllEnums.奖品Type","特等奖","0","0","plugin-source/v10-source-restoration-lk/AllEnums.cs","689"
"plugin-model","AllEnums.荣丹Type","参与奖","5","5","plugin-source/v10-source-restoration-lk/AllEnums.cs","694"
"plugin-model","AllEnums.荣丹Type","四等奖","4","4","plugin-source/v10-source-restoration-lk/AllEnums.cs","695"
"plugin-model","AllEnums.荣丹Type","三等奖","3","3","plugin-source/v10-source-restoration-lk/AllEnums.cs","696"
"plugin-model","AllEnums.荣丹Type","二等奖","2","2","plugin-source/v10-source-restoration-lk/AllEnums.cs","697"
"plugin-model","AllEnums.荣丹Type","一等奖","1","1","plugin-source/v10-source-restoration-lk/AllEnums.cs","698"
"plugin-model","AllEnums.荣丹Type","特等奖","0","0","plugin-source/v10-source-restoration-lk/AllEnums.cs","699"
"plugin-model","AllEnums.五行Type","无","","0","plugin-source/v10-source-restoration-lk/AllEnums.cs","704"
"plugin-model","AllEnums.五行Type","金","","1","plugin-source/v10-source-restoration-lk/AllEnums.cs","705"
"plugin-model","AllEnums.五行Type","木","","2","plugin-source/v10-source-restoration-lk/AllEnums.cs","706"
"plugin-model","AllEnums.五行Type","水","","3","plugin-source/v10-source-restoration-lk/AllEnums.cs","707"
"plugin-model","AllEnums.五行Type","火","","4","plugin-source/v10-source-restoration-lk/AllEnums.cs","708"
"plugin-model","AllEnums.五行Type","土","","5","plugin-source/v10-source-restoration-lk/AllEnums.cs","709"
"plugin-model","AllEnums.门派Type","无","","0","plugin-source/v10-source-restoration-lk/AllEnums.cs","714"
"plugin-model","AllEnums.门派Type","五龙山云霄洞","","1","plugin-source/v10-source-restoration-lk/AllEnums.cs","715"
"plugin-model","AllEnums.门派Type","终南山玉柱洞","","2","plugin-source/v10-source-restoration-lk/AllEnums.cs","716"
"plugin-model","AllEnums.门派Type","凤凰山斗阙宫","","3","plugin-source/v10-source-restoration-lk/AllEnums.cs","717"
"plugin-model","AllEnums.门派Type","乾元山金光洞","","4","plugin-source/v10-source-restoration-lk/AllEnums.cs","718"
"plugin-model","AllEnums.门派Type","骷髅山白骨洞","","5","plugin-source/v10-source-restoration-lk/AllEnums.cs","719"
"plugin-model","AllEnums.性别Type","无","","0","plugin-source/v10-source-restoration-lk/AllEnums.cs","724"
"plugin-model","AllEnums.性别Type","男","","1","plugin-source/v10-source-restoration-lk/AllEnums.cs","725"
"plugin-model","AllEnums.性别Type","女","","2","plugin-source/v10-source-restoration-lk/AllEnums.cs","726"
"plugin-model","AllEnums.新旧Type","无","","0","plugin-source/v10-source-restoration-lk/AllEnums.cs","731"
"plugin-model","AllEnums.新旧Type","旧","","1","plugin-source/v10-source-restoration-lk/AllEnums.cs","732"
"plugin-model","AllEnums.新旧Type","新","","2","plugin-source/v10-source-restoration-lk/AllEnums.cs","733"
"plugin-model","AllEnums.燃眉任务级别","无","","0","plugin-source/v10-source-restoration-lk/AllEnums.cs","738"
"plugin-model","AllEnums.燃眉任务级别","常规追讨","","1","plugin-source/v10-source-restoration-lk/AllEnums.cs","739"
"plugin-model","AllEnums.燃眉任务级别","高级追讨","","2","plugin-source/v10-source-restoration-lk/AllEnums.cs","740"
"plugin-model","AllEnums.燃眉任务级别","超级追讨","","3","plugin-source/v10-source-restoration-lk/AllEnums.cs","741"
"plugin-model","AllEnums.功能NPCID","太上老君","1","1","plugin-source/v10-source-restoration-lk/AllEnums.cs","746"
"plugin-model","AllEnums.功能NPCID","小助手","100","100","plugin-source/v10-source-restoration-lk/AllEnums.cs","747"
"plugin-model","AllEnums.功能NPCID","无双大圣","101","101","plugin-source/v10-source-restoration-lk/AllEnums.cs","748"
"plugin-model","AllEnums.功能NPCID","灵兽尊者","102","102","plugin-source/v10-source-restoration-lk/AllEnums.cs","749"
"plugin-model","AllEnums.功能NPCID","异兽尊者","103","103","plugin-source/v10-source-restoration-lk/AllEnums.cs","750"
"plugin-model","AllEnums.功能NPCID","浮生尊者","104","104","plugin-source/v10-source-restoration-lk/AllEnums.cs","751"
"plugin-model","AllEnums.功能NPCID","妙妙仙子","105","105","plugin-source/v10-source-restoration-lk/AllEnums.cs","752"
"plugin-model","AllEnums.功能NPCID","洗炼大师","106","106","plugin-source/v10-source-restoration-lk/AllEnums.cs","753"
"plugin-model","AllEnums.功能NPCID","百炼天尊","107","107","plugin-source/v10-source-restoration-lk/AllEnums.cs","754"
"plugin-model","AllEnums.功能NPCID","抽奖天尊","108","108","plugin-source/v10-source-restoration-lk/AllEnums.cs","755"
"plugin-model","AllEnums.功能NPCID","娃娃大使","109","109","plugin-source/v10-source-restoration-lk/AllEnums.cs","756"
"plugin-model","AllEnums.功能NPCID","宠物转生","110","110","plugin-source/v10-source-restoration-lk/AllEnums.cs","757"
"plugin-model","AllEnums.功能NPCID","天机神算","111","111","plugin-source/v10-source-restoration-lk/AllEnums.cs","758"
"plugin-model","AllEnums.宠物成长Type","无","","0","plugin-source/v10-source-restoration-lk/AllEnums.cs","763"
"plugin-model","AllEnums.宠物成长Type","血量成长","","1","plugin-source/v10-source-restoration-lk/AllEnums.cs","764"
"plugin-model","AllEnums.宠物成长Type","法力成长","","2","plugin-source/v10-source-restoration-lk/AllEnums.cs","765"
"plugin-model","AllEnums.宠物成长Type","物攻成长","","3","plugin-source/v10-source-restoration-lk/AllEnums.cs","766"
"plugin-model","AllEnums.宠物成长Type","法攻成长","","4","plugin-source/v10-source-restoration-lk/AllEnums.cs","767"
"plugin-model","AllEnums.宠物成长Type","速度成长","","5","plugin-source/v10-source-restoration-lk/AllEnums.cs","768"
"plugin-model","AllEnums.异兽Type","御灵","","0","plugin-source/v10-source-restoration-lk/AllEnums.cs","773"
"plugin-model","AllEnums.异兽Type","变异","","1","plugin-source/v10-source-restoration-lk/AllEnums.cs","774"
"plugin-model","AllEnums.异兽Type","神兽","","2","plugin-source/v10-source-restoration-lk/AllEnums.cs","775"
"plugin-model","AllEnums.异兽Type","元灵","","3","plugin-source/v10-source-restoration-lk/AllEnums.cs","776"
"plugin-model","AllEnums.异兽Type","仙元","","4","plugin-source/v10-source-restoration-lk/AllEnums.cs","777"
"plugin-model","AllEnums.装备Type","装备","","0","plugin-source/v10-source-restoration-lk/AllEnums.cs","782"
"plugin-model","AllEnums.装备Type","首饰","","1","plugin-source/v10-source-restoration-lk/AllEnums.cs","783"
"plugin-model","AllEnums.装备Type","时装","","2","plugin-source/v10-source-restoration-lk/AllEnums.cs","784"
"plugin-model","AllEnums.装备Type","法宝","","3","plugin-source/v10-source-restoration-lk/AllEnums.cs","785"
"plugin-model","AllEnums.装备Type","梭子","","4","plugin-source/v10-source-restoration-lk/AllEnums.cs","786"
"plugin-model","AllEnums.装备Type","铭牌","","5","plugin-source/v10-source-restoration-lk/AllEnums.cs","787"
"plugin-model","AllEnums.装备Type","仙器","","6","plugin-source/v10-source-restoration-lk/AllEnums.cs","788"
"plugin-model","AllEnums.装备Type","引灵幡","","7","plugin-source/v10-source-restoration-lk/AllEnums.cs","789"
"plugin-model","AllEnums.Equip类型","无","0","0","plugin-source/v10-source-restoration-lk/AllEnums.cs","794"
"plugin-model","AllEnums.Equip类型","武器","1","1","plugin-source/v10-source-restoration-lk/AllEnums.cs","795"
"plugin-model","AllEnums.Equip类型","帽子","2","2","plugin-source/v10-source-restoration-lk/AllEnums.cs","796"
"plugin-model","AllEnums.Equip类型","衣服","3","3","plugin-source/v10-source-restoration-lk/AllEnums.cs","797"
"plugin-model","AllEnums.Equip类型","手链","4","4","plugin-source/v10-source-restoration-lk/AllEnums.cs","798"
"plugin-model","AllEnums.Equip类型","玉佩","5","5","plugin-source/v10-source-restoration-lk/AllEnums.cs","799"
"plugin-model","AllEnums.Equip类型","手镯","6","6","plugin-source/v10-source-restoration-lk/AllEnums.cs","800"
"plugin-model","AllEnums.Equip类型","腰带","7","7","plugin-source/v10-source-restoration-lk/AllEnums.cs","801"
"plugin-model","AllEnums.Equip类型","梭子","8","8","plugin-source/v10-source-restoration-lk/AllEnums.cs","802"
"plugin-model","AllEnums.Equip类型","法宝","9","9","plugin-source/v10-source-restoration-lk/AllEnums.cs","803"
"plugin-model","AllEnums.Equip类型","鞋子","10","10","plugin-source/v10-source-restoration-lk/AllEnums.cs","804"
"plugin-model","AllEnums.Equip类型","时装","16","16","plugin-source/v10-source-restoration-lk/AllEnums.cs","805"
"plugin-model","AllEnums.Equip类型","婚饰","17","17","plugin-source/v10-source-restoration-lk/AllEnums.cs","806"
"plugin-model","AllEnums.Equip类型","铭牌","22","22","plugin-source/v10-source-restoration-lk/AllEnums.cs","807"
"plugin-model","AllEnums.Equip类型","一阶引灵幡","18","18","plugin-source/v10-source-restoration-lk/AllEnums.cs","808"
"plugin-model","AllEnums.Equip类型","二阶引灵幡","19","19","plugin-source/v10-source-restoration-lk/AllEnums.cs","809"
"plugin-model","AllEnums.Equip类型","三阶引灵幡","20","20","plugin-source/v10-source-restoration-lk/AllEnums.cs","810"
"plugin-model","AllEnums.Equip类型","四阶引灵幡","21","21","plugin-source/v10-source-restoration-lk/AllEnums.cs","811"
"plugin-model","AllEnums.穿戴格子Type","无","0","0","plugin-source/v10-source-restoration-lk/AllEnums.cs","816"
"plugin-model","AllEnums.穿戴格子Type","武器","1","1","plugin-source/v10-source-restoration-lk/AllEnums.cs","817"
"plugin-model","AllEnums.穿戴格子Type","帽子","2","2","plugin-source/v10-source-restoration-lk/AllEnums.cs","818"
"plugin-model","AllEnums.穿戴格子Type","衣服","3","3","plugin-source/v10-source-restoration-lk/AllEnums.cs","819"
"plugin-model","AllEnums.穿戴格子Type","手链","4","4","plugin-source/v10-source-restoration-lk/AllEnums.cs","820"
"plugin-model","AllEnums.穿戴格子Type","玉佩","5","5","plugin-source/v10-source-restoration-lk/AllEnums.cs","821"
"plugin-model","AllEnums.穿戴格子Type","手镯1","6","6","plugin-source/v10-source-restoration-lk/AllEnums.cs","822"
"plugin-model","AllEnums.穿戴格子Type","手镯2","7","7","plugin-source/v10-source-restoration-lk/AllEnums.cs","823"
"plugin-model","AllEnums.穿戴格子Type","梭子","8","8","plugin-source/v10-source-restoration-lk/AllEnums.cs","824"
"plugin-model","AllEnums.穿戴格子Type","法宝","9","9","plugin-source/v10-source-restoration-lk/AllEnums.cs","825"
"plugin-model","AllEnums.穿戴格子Type","鞋子","10","10","plugin-source/v10-source-restoration-lk/AllEnums.cs","826"
"plugin-model","AllEnums.穿戴格子Type","时装","31","31","plugin-source/v10-source-restoration-lk/AllEnums.cs","827"
"plugin-model","AllEnums.穿戴格子Type","婚饰","32","32","plugin-source/v10-source-restoration-lk/AllEnums.cs","828"
"plugin-model","AllEnums.穿戴格子Type","铭牌","33","33","plugin-source/v10-source-restoration-lk/AllEnums.cs","829"
"plugin-model","AllEnums.穿戴格子Type","一阶引灵幡","41","41","plugin-source/v10-source-restoration-lk/AllEnums.cs","830"
"plugin-model","AllEnums.穿戴格子Type","二阶引灵幡","42","42","plugin-source/v10-source-restoration-lk/AllEnums.cs","831"
"plugin-model","AllEnums.穿戴格子Type","三阶引灵幡","43","43","plugin-source/v10-source-restoration-lk/AllEnums.cs","832"
"plugin-model","AllEnums.穿戴格子Type","四阶引灵幡","44","44","plugin-source/v10-source-restoration-lk/AllEnums.cs","833"
"plugin-model","AllEnums.穿戴格子Type","腰带","51","51","plugin-source/v10-source-restoration-lk/AllEnums.cs","834"
"plugin-model","AllEnums.属性类别","prop","514","514","plugin-source/v10-source-restoration-lk/AllEnums.cs","839"
"plugin-model","AllEnums.属性类别","prop2","770","770","plugin-source/v10-source-restoration-lk/AllEnums.cs","840"
"plugin-model","AllEnums.属性类别","prop4","3074","3074","plugin-source/v10-source-restoration-lk/AllEnums.cs","841"
"plugin-model","AllEnums.属性类别","prop3","1026","1026","plugin-source/v10-source-restoration-lk/AllEnums.cs","842"
"plugin-model","AllEnums.属性类别","prop_suit","2050","2050","plugin-source/v10-source-restoration-lk/AllEnums.cs","843"
"plugin-model","AllEnums.属性类别","prop_seal_base","3330","3330","plugin-source/v10-source-restoration-lk/AllEnums.cs","844"
"plugin-model","AllEnums.属性类别","prop_seal","3586","3586","plugin-source/v10-source-restoration-lk/AllEnums.cs","845"
"plugin-model","AllEnums.属性类别","prop_rebuild","2562","2562","plugin-source/v10-source-restoration-lk/AllEnums.cs","846"
"plugin-model","AllEnums.属性类别","prop_resonance","5378","5378","plugin-source/v10-source-restoration-lk/AllEnums.cs","847"
"plugin-model","AllEnums.颜色Type","白色","","0","plugin-source/v10-source-restoration-lk/AllEnums.cs","852"
"plugin-model","AllEnums.颜色Type","蓝色","","1","plugin-source/v10-source-restoration-lk/AllEnums.cs","853"
"plugin-model","AllEnums.颜色Type","粉色","","2","plugin-source/v10-source-restoration-lk/AllEnums.cs","854"
"plugin-model","AllEnums.颜色Type","金色","","3","plugin-source/v10-source-restoration-lk/AllEnums.cs","855"
"plugin-model","AllEnums.颜色Type","绿色","","4","plugin-source/v10-source-restoration-lk/AllEnums.cs","856"
"plugin-model","AllEnums.属性颜色Type","蓝色","514","514","plugin-source/v10-source-restoration-lk/AllEnums.cs","861"
"plugin-model","AllEnums.属性颜色Type","粉色","770","770","plugin-source/v10-source-restoration-lk/AllEnums.cs","862"
"plugin-model","AllEnums.属性颜色Type","黄色","3074","3074","plugin-source/v10-source-restoration-lk/AllEnums.cs","863"
"plugin-model","AllEnums.属性颜色Type","绿色","1026","1026","plugin-source/v10-source-restoration-lk/AllEnums.cs","864"
"plugin-model","AllEnums.属性颜色Type","封印色","3330","3330","plugin-source/v10-source-restoration-lk/AllEnums.cs","865"
"plugin-model","AllEnums.属性颜色Type","改造色","2562","2562","plugin-source/v10-source-restoration-lk/AllEnums.cs","866"
"plugin-model","AllEnums.洗炼属性Type","无","0","0","plugin-source/v10-source-restoration-lk/AllEnums.cs","871"
"plugin-model","AllEnums.洗炼属性Type","气血","7","7","plugin-source/v10-source-restoration-lk/AllEnums.cs","872"
"plugin-model","AllEnums.洗炼属性Type","法力","12","12","plugin-source/v10-source-restoration-lk/AllEnums.cs","873"
"plugin-model","AllEnums.洗炼属性Type","准确","4","4","plugin-source/v10-source-restoration-lk/AllEnums.cs","874"
"plugin-model","AllEnums.洗炼属性Type","金相性","45","45","plugin-source/v10-source-restoration-lk/AllEnums.cs","875"
"plugin-model","AllEnums.洗炼属性Type","木相性","46","46","plugin-source/v10-source-restoration-lk/AllEnums.cs","876"
"plugin-model","AllEnums.洗炼属性Type","水相性","47","47","plugin-source/v10-source-restoration-lk/AllEnums.cs","877"
"plugin-model","AllEnums.洗炼属性Type","火相性","48","48","plugin-source/v10-source-restoration-lk/AllEnums.cs","878"
"plugin-model","AllEnums.洗炼属性Type","土相性","49","49","plugin-source/v10-source-restoration-lk/AllEnums.cs","879"
"plugin-model","AllEnums.洗炼属性Type","所有相性","221","221","plugin-source/v10-source-restoration-lk/AllEnums.cs","880"
"plugin-model","AllEnums.洗炼属性Type","防御","8","8","plugin-source/v10-source-restoration-lk/AllEnums.cs","881"
"plugin-model","AllEnums.洗炼属性Type","体质","5","5","plugin-source/v10-source-restoration-lk/AllEnums.cs","882"
"plugin-model","AllEnums.洗炼属性Type","力量","2","2","plugin-source/v10-source-restoration-lk/AllEnums.cs","883"
"plugin-model","AllEnums.洗炼属性Type","灵力","9","9","plugin-source/v10-source-restoration-lk/AllEnums.cs","884"
"plugin-model","AllEnums.洗炼属性Type","敏捷","13","13","plugin-source/v10-source-restoration-lk/AllEnums.cs","885"
"plugin-model","AllEnums.洗炼属性Type","速度","14","14","plugin-source/v10-source-restoration-lk/AllEnums.cs","886"
"plugin-model","AllEnums.洗炼属性Type","金抗性","50","50","plugin-source/v10-source-restoration-lk/AllEnums.cs","887"
"plugin-model","AllEnums.洗炼属性Type","木抗性","51","51","plugin-source/v10-source-restoration-lk/AllEnums.cs","888"
"plugin-model","AllEnums.洗炼属性Type","水抗性","52","52","plugin-source/v10-source-restoration-lk/AllEnums.cs","889"
"plugin-model","AllEnums.洗炼属性Type","火抗性","53","53","plugin-source/v10-source-restoration-lk/AllEnums.cs","890"
"plugin-model","AllEnums.洗炼属性Type","土抗性","54","54","plugin-source/v10-source-restoration-lk/AllEnums.cs","891"
"plugin-model","AllEnums.洗炼属性Type","抗中毒","56","56","plugin-source/v10-source-restoration-lk/AllEnums.cs","892"
"plugin-model","AllEnums.洗炼属性Type","抗冰冻","57","57","plugin-source/v10-source-restoration-lk/AllEnums.cs","893"
"plugin-model","AllEnums.洗炼属性Type","抗昏睡","58","58","plugin-source/v10-source-restoration-lk/AllEnums.cs","894"
"plugin-model","AllEnums.洗炼属性Type","抗遗忘","59","59","plugin-source/v10-source-restoration-lk/AllEnums.cs","895"
"plugin-model","AllEnums.洗炼属性Type","抗混乱","60","60","plugin-source/v10-source-restoration-lk/AllEnums.cs","896"
"plugin-model","AllEnums.洗炼属性Type","抗所有异常","223","223","plugin-source/v10-source-restoration-lk/AllEnums.cs","897"
"plugin-model","AllEnums.洗炼属性Type","破防","110","110","plugin-source/v10-source-restoration-lk/AllEnums.cs","898"
"plugin-model","AllEnums.洗炼属性Type","破防率","117","117","plugin-source/v10-source-restoration-lk/AllEnums.cs","899"
"plugin-model","AllEnums.洗炼属性Type","连击","67","67","plugin-source/v10-source-restoration-lk/AllEnums.cs","900"
"plugin-model","AllEnums.洗炼属性Type","连击率","78","78","plugin-source/v10-source-restoration-lk/AllEnums.cs","901"
"plugin-model","AllEnums.洗炼属性Type","反击率","77","77","plugin-source/v10-source-restoration-lk/AllEnums.cs","902"
"plugin-model","AllEnums.洗炼属性Type","反震度","80","80","plugin-source/v10-source-restoration-lk/AllEnums.cs","903"
"plugin-model","AllEnums.洗炼属性Type","反震率","85","85","plugin-source/v10-source-restoration-lk/AllEnums.cs","904"
"plugin-model","AllEnums.洗炼属性Type","躲闪率","15","15","plugin-source/v10-source-restoration-lk/AllEnums.cs","905"
"plugin-model","AllEnums.洗炼属性Type","反击","69","69","plugin-source/v10-source-restoration-lk/AllEnums.cs","906"
"plugin-model","AllEnums.洗炼属性Type","物理必杀率","79","79","plugin-source/v10-source-restoration-lk/AllEnums.cs","907"
"plugin-model","AllEnums.洗炼属性Type","所有抗性","222","222","plugin-source/v10-source-restoration-lk/AllEnums.cs","908"
"plugin-model","AllEnums.洗炼属性Type","所有属性","220","220","plugin-source/v10-source-restoration-lk/AllEnums.cs","909"
"plugin-model","AllEnums.洗炼属性Type","所有技能上升","224","224","plugin-source/v10-source-restoration-lk/AllEnums.cs","910"
"plugin-model","AllEnums.洗炼属性Type","忽视目标抗金","126","126","plugin-source/v10-source-restoration-lk/AllEnums.cs","911"
"plugin-model","AllEnums.洗炼属性Type","忽视目标抗木","127","127","plugin-source/v10-source-restoration-lk/AllEnums.cs","912"
"plugin-model","AllEnums.洗炼属性Type","忽视目标抗水","128","128","plugin-source/v10-source-restoration-lk/AllEnums.cs","913"
"plugin-model","AllEnums.洗炼属性Type","忽视目标抗火","129","129","plugin-source/v10-source-restoration-lk/AllEnums.cs","914"
"plugin-model","AllEnums.洗炼属性Type","忽视目标抗土","130","130","plugin-source/v10-source-restoration-lk/AllEnums.cs","915"
"plugin-model","AllEnums.洗炼属性Type","忽视目标抗遗忘","131","131","plugin-source/v10-source-restoration-lk/AllEnums.cs","916"
"plugin-model","AllEnums.洗炼属性Type","忽视目标抗中毒","132","132","plugin-source/v10-source-restoration-lk/AllEnums.cs","917"
"plugin-model","AllEnums.洗炼属性Type","忽视目标抗冰冻","133","133","plugin-source/v10-source-restoration-lk/AllEnums.cs","918"
"plugin-model","AllEnums.洗炼属性Type","忽视目标抗昏睡","134","134","plugin-source/v10-source-restoration-lk/AllEnums.cs","919"
"plugin-model","AllEnums.洗炼属性Type","忽视目标抗混乱","135","135","plugin-source/v10-source-restoration-lk/AllEnums.cs","920"
"plugin-model","AllEnums.洗炼属性Type","强力克金","136","136","plugin-source/v10-source-restoration-lk/AllEnums.cs","921"
"plugin-model","AllEnums.洗炼属性Type","强力克木","137","137","plugin-source/v10-source-restoration-lk/AllEnums.cs","922"
"plugin-model","AllEnums.洗炼属性Type","强力克水","138","138","plugin-source/v10-source-restoration-lk/AllEnums.cs","923"
"plugin-model","AllEnums.洗炼属性Type","强力克火","139","139","plugin-source/v10-source-restoration-lk/AllEnums.cs","924"
"plugin-model","AllEnums.洗炼属性Type","强力克土","140","140","plugin-source/v10-source-restoration-lk/AllEnums.cs","925"
"plugin-model","AllEnums.洗炼属性Type","金光乍现反击率","155","155","plugin-source/v10-source-restoration-lk/AllEnums.cs","926"
"plugin-model","AllEnums.洗炼属性Type","摘叶飞花反击率","156","156","plugin-source/v10-source-restoration-lk/AllEnums.cs","927"
"plugin-model","AllEnums.洗炼属性Type","滴水穿石反击率","157","157","plugin-source/v10-source-restoration-lk/AllEnums.cs","928"
"plugin-model","AllEnums.洗炼属性Type","举火焚天反击率","158","158","plugin-source/v10-source-restoration-lk/AllEnums.cs","929"
"plugin-model","AllEnums.洗炼属性Type","落土飞岩反击率","159","159","plugin-source/v10-source-restoration-lk/AllEnums.cs","930"
"plugin-model","AllEnums.洗炼属性Type","躲避攻击","154","154","plugin-source/v10-source-restoration-lk/AllEnums.cs","931"
"plugin-model","AllEnums.洗炼属性Type","师门攻击技能消耗降低","141","141","plugin-source/v10-source-restoration-lk/AllEnums.cs","932"
"plugin-model","AllEnums.洗炼属性Type","师门障碍技能消耗降低","142","142","plugin-source/v10-source-restoration-lk/AllEnums.cs","933"
"plugin-model","AllEnums.洗炼属性Type","师门辅助技能消耗降低","143","143","plugin-source/v10-source-restoration-lk/AllEnums.cs","934"
"plugin-model","AllEnums.洗炼属性Type","强力中毒","144","144","plugin-source/v10-source-restoration-lk/AllEnums.cs","935"
"plugin-model","AllEnums.洗炼属性Type","强力昏睡","145","145","plugin-source/v10-source-restoration-lk/AllEnums.cs","936"
"plugin-model","AllEnums.洗炼属性Type","强力冰冻","148","148","plugin-source/v10-source-restoration-lk/AllEnums.cs","937"
"plugin-model","AllEnums.洗炼属性Type","强力遗忘","146","146","plugin-source/v10-source-restoration-lk/AllEnums.cs","938"
"plugin-model","AllEnums.洗炼属性Type","强力混乱","147","147","plugin-source/v10-source-restoration-lk/AllEnums.cs","939"
"plugin-model","AllEnums.洗炼属性Type","忽视目标抗物理","692","692","plugin-source/v10-source-restoration-lk/AllEnums.cs","940"
"plugin-model","AllEnums.洗炼属性Type","忽视所有抗性","168","168","plugin-source/v10-source-restoration-lk/AllEnums.cs","941"
"plugin-model","AllEnums.洗炼属性Type","忽视所有抗异常","169","169","plugin-source/v10-source-restoration-lk/AllEnums.cs","942"
"plugin-model","AllEnums.洗炼属性Type","解除遗忘状态","170","170","plugin-source/v10-source-restoration-lk/AllEnums.cs","943"
"plugin-model","AllEnums.洗炼属性Type","解除中毒状态","171","171","plugin-source/v10-source-restoration-lk/AllEnums.cs","944"
"plugin-model","AllEnums.洗炼属性Type","解除冰冻状态","172","172","plugin-source/v10-source-restoration-lk/AllEnums.cs","945"
"plugin-model","AllEnums.洗炼属性Type","解除昏睡状态","173","173","plugin-source/v10-source-restoration-lk/AllEnums.cs","946"
"plugin-model","AllEnums.洗炼属性Type","解除混乱状态","174","174","plugin-source/v10-source-restoration-lk/AllEnums.cs","947"
"plugin-model","AllEnums.洗炼属性Type","忽视目标连击","331","331","plugin-source/v10-source-restoration-lk/AllEnums.cs","948"
"plugin-model","AllEnums.洗炼属性Type","忽视目标物理必杀","332","332","plugin-source/v10-source-restoration-lk/AllEnums.cs","949"
"plugin-model","AllEnums.洗炼属性Type","出战化形","337","337","plugin-source/v10-source-restoration-lk/AllEnums.cs","950"
"plugin-model","AllEnums.洗炼属性Type","忽视躲避攻击","356","356","plugin-source/v10-source-restoration-lk/AllEnums.cs","951"
"plugin-model","AllEnums.洗炼属性Type","法术必杀率","657","657","plugin-source/v10-source-restoration-lk/AllEnums.cs","952"
"plugin-model","AllEnums.洗炼属性Type","忽视目标法术必杀","658","658","plugin-source/v10-source-restoration-lk/AllEnums.cs","953"
"plugin-model","AllEnums.洗炼属性Type","抗神圣之光","665","665","plugin-source/v10-source-restoration-lk/AllEnums.cs","954"
"plugin-model","AllEnums.洗炼属性Type","抗游说之舌","666","666","plugin-source/v10-source-restoration-lk/AllEnums.cs","955"
"plugin-model","AllEnums.洗炼属性Type","抗舍命一击","667","667","plugin-source/v10-source-restoration-lk/AllEnums.cs","956"
"plugin-model","AllEnums.洗炼属性Type","抗翻转乾坤","668","668","plugin-source/v10-source-restoration-lk/AllEnums.cs","957"
"plugin-model","AllEnums.洗炼属性Type","抗漫天血舞","669","669","plugin-source/v10-source-restoration-lk/AllEnums.cs","958"
"plugin-model","AllEnums.洗炼属性Type","闪避","695","695","plugin-source/v10-source-restoration-lk/AllEnums.cs","959"
"plugin-model","AllEnums.洗炼属性Type","抗镇魂","696","696","plugin-source/v10-source-restoration-lk/AllEnums.cs","960"
"plugin-model","AllEnums.洗炼属性Type","抗化功","697","697","plugin-source/v10-source-restoration-lk/AllEnums.cs","961"
"plugin-model","AllEnums.洗炼属性Type","抗水牢","698","698","plugin-source/v10-source-restoration-lk/AllEnums.cs","962"
"plugin-model","AllEnums.洗炼属性Type","抗锁灵","699","699","plugin-source/v10-source-restoration-lk/AllEnums.cs","963"
"plugin-model","AllEnums.洗炼属性Type","抗迷心","700","700","plugin-source/v10-source-restoration-lk/AllEnums.cs","964"
"plugin-model","AllEnums.洗炼属性Type","忽视目标抗镇魂","701","701","plugin-source/v10-source-restoration-lk/AllEnums.cs","965"
"plugin-model","AllEnums.洗炼属性Type","忽视目标抗化功","702","702","plugin-source/v10-source-restoration-lk/AllEnums.cs","966"
"plugin-model","AllEnums.洗炼属性Type","忽视目标抗水牢","703","703","plugin-source/v10-source-restoration-lk/AllEnums.cs","967"
"plugin-model","AllEnums.洗炼属性Type","忽视目标抗锁灵","704","704","plugin-source/v10-source-restoration-lk/AllEnums.cs","968"
"plugin-model","AllEnums.洗炼属性Type","忽视目标抗迷心","705","705","plugin-source/v10-source-restoration-lk/AllEnums.cs","969"
"plugin-model","AllEnums.洗炼属性Type","解除镇魂状态","706","706","plugin-source/v10-source-restoration-lk/AllEnums.cs","970"
"plugin-model","AllEnums.洗炼属性Type","解除化功状态","707","707","plugin-source/v10-source-restoration-lk/AllEnums.cs","971"
"plugin-model","AllEnums.洗炼属性Type","解除水牢状态","708","708","plugin-source/v10-source-restoration-lk/AllEnums.cs","972"
"plugin-model","AllEnums.洗炼属性Type","解除锁灵状态","709","709","plugin-source/v10-source-restoration-lk/AllEnums.cs","973"
"plugin-model","AllEnums.洗炼属性Type","解除迷心状态","710","710","plugin-source/v10-source-restoration-lk/AllEnums.cs","974"
"plugin-model","AllEnums.洗炼属性Type","强力镇魂","711","711","plugin-source/v10-source-restoration-lk/AllEnums.cs","975"
"plugin-model","AllEnums.洗炼属性Type","强力化功","712","712","plugin-source/v10-source-restoration-lk/AllEnums.cs","976"
"plugin-model","AllEnums.洗炼属性Type","强力水牢","713","713","plugin-source/v10-source-restoration-lk/AllEnums.cs","977"
"plugin-model","AllEnums.洗炼属性Type","强力锁灵","714","714","plugin-source/v10-source-restoration-lk/AllEnums.cs","978"
"plugin-model","AllEnums.洗炼属性Type","强力迷心","715","715","plugin-source/v10-source-restoration-lk/AllEnums.cs","979"
"plugin-model","AllEnums.洗炼属性Type","强金法伤害","149","149","plugin-source/v10-source-restoration-lk/AllEnums.cs","980"
"plugin-model","AllEnums.洗炼属性Type","强木法伤害","150","150","plugin-source/v10-source-restoration-lk/AllEnums.cs","981"
"plugin-model","AllEnums.洗炼属性Type","强水法伤害","151","151","plugin-source/v10-source-restoration-lk/AllEnums.cs","982"
"plugin-model","AllEnums.洗炼属性Type","强火法伤害","152","152","plugin-source/v10-source-restoration-lk/AllEnums.cs","983"
"plugin-model","AllEnums.洗炼属性Type","强土法伤害","153","153","plugin-source/v10-source-restoration-lk/AllEnums.cs","984"
"plugin-model","AllEnums.洗炼属性Type","强物理伤害","405","405","plugin-source/v10-source-restoration-lk/AllEnums.cs","985"
"plugin-model","AllEnums.数据库属性Type","所有技能上升","68","68","plugin-source/v10-source-restoration-lk/AllEnums.cs","990"
"plugin-model","AllEnums.数据库属性Type","所有相性","65","65","plugin-source/v10-source-restoration-lk/AllEnums.cs","991"
"plugin-model","AllEnums.数据库属性Type","所有属性","64","64","plugin-source/v10-source-restoration-lk/AllEnums.cs","992"
"plugin-model","AllEnums.数据库属性Type","金相性","30","30","plugin-source/v10-source-restoration-lk/AllEnums.cs","993"
"plugin-model","AllEnums.数据库属性Type","木相性","31","31","plugin-source/v10-source-restoration-lk/AllEnums.cs","994"
"plugin-model","AllEnums.数据库属性Type","水相性","32","32","plugin-source/v10-source-restoration-lk/AllEnums.cs","995"
"plugin-model","AllEnums.数据库属性Type","火相性","33","33","plugin-source/v10-source-restoration-lk/AllEnums.cs","996"
"plugin-model","AllEnums.数据库属性Type","土相性","34","34","plugin-source/v10-source-restoration-lk/AllEnums.cs","997"
"plugin-model","AllEnums.数据库属性Type","体质","5","5","plugin-source/v10-source-restoration-lk/AllEnums.cs","998"
"plugin-model","AllEnums.数据库属性Type","灵力","10","10","plugin-source/v10-source-restoration-lk/AllEnums.cs","999"
"plugin-model","AllEnums.数据库属性Type","力量","2","2","plugin-source/v10-source-restoration-lk/AllEnums.cs","1000"
"plugin-model","AllEnums.数据库属性Type","敏捷","14","14","plugin-source/v10-source-restoration-lk/AllEnums.cs","1001"
"plugin-model","AllEnums.数据库属性Type","速度","15","15","plugin-source/v10-source-restoration-lk/AllEnums.cs","1002"
"plugin-model","AllEnums.数据库属性Type","防御","8","8","plugin-source/v10-source-restoration-lk/AllEnums.cs","1003"
"plugin-model","AllEnums.数据库属性Type","气血","7","7","plugin-source/v10-source-restoration-lk/AllEnums.cs","1004"
"plugin-model","AllEnums.数据库属性Type","法力","13","13","plugin-source/v10-source-restoration-lk/AllEnums.cs","1005"
"plugin-model","AllEnums.数据库属性Type","闪避","305","305","plugin-source/v10-source-restoration-lk/AllEnums.cs","1006"
"plugin-model","AllEnums.数据库属性Type","准确","4","4","plugin-source/v10-source-restoration-lk/AllEnums.cs","1007"
"plugin-model","AllEnums.数据库属性Type","连击率","57","57","plugin-source/v10-source-restoration-lk/AllEnums.cs","1008"
"plugin-model","AllEnums.数据库属性Type","反击率","56","56","plugin-source/v10-source-restoration-lk/AllEnums.cs","1009"
"plugin-model","AllEnums.数据库属性Type","物理必杀率","58","58","plugin-source/v10-source-restoration-lk/AllEnums.cs","1010"
"plugin-model","AllEnums.数据库属性Type","法术必杀率","270","270","plugin-source/v10-source-restoration-lk/AllEnums.cs","1011"
"plugin-model","AllEnums.数据库属性Type","反震率","60","60","plugin-source/v10-source-restoration-lk/AllEnums.cs","1012"
"plugin-model","AllEnums.数据库属性Type","连击","51","51","plugin-source/v10-source-restoration-lk/AllEnums.cs","1013"
"plugin-model","AllEnums.数据库属性Type","反击","53","53","plugin-source/v10-source-restoration-lk/AllEnums.cs","1014"
"plugin-model","AllEnums.数据库属性Type","反震度","59","59","plugin-source/v10-source-restoration-lk/AllEnums.cs","1015"
"plugin-model","AllEnums.数据库属性Type","金抗性","36","36","plugin-source/v10-source-restoration-lk/AllEnums.cs","1016"
"plugin-model","AllEnums.数据库属性Type","木抗性","37","37","plugin-source/v10-source-restoration-lk/AllEnums.cs","1017"
"plugin-model","AllEnums.数据库属性Type","水抗性","39","39","plugin-source/v10-source-restoration-lk/AllEnums.cs","1018"
"plugin-model","AllEnums.数据库属性Type","火抗性","40","40","plugin-source/v10-source-restoration-lk/AllEnums.cs","1019"
"plugin-model","AllEnums.数据库属性Type","土抗性","41","41","plugin-source/v10-source-restoration-lk/AllEnums.cs","1020"
"plugin-model","AllEnums.数据库属性Type","抗中毒","42","42","plugin-source/v10-source-restoration-lk/AllEnums.cs","1021"
"plugin-model","AllEnums.数据库属性Type","抗冰冻","43","43","plugin-source/v10-source-restoration-lk/AllEnums.cs","1022"
"plugin-model","AllEnums.数据库属性Type","抗昏睡","44","44","plugin-source/v10-source-restoration-lk/AllEnums.cs","1023"
"plugin-model","AllEnums.数据库属性Type","抗遗忘","45","45","plugin-source/v10-source-restoration-lk/AllEnums.cs","1024"
"plugin-model","AllEnums.数据库属性Type","抗混乱","46","46","plugin-source/v10-source-restoration-lk/AllEnums.cs","1025"
"plugin-model","AllEnums.数据库属性Type","抗镇魂","284","284","plugin-source/v10-source-restoration-lk/AllEnums.cs","1026"
"plugin-model","AllEnums.数据库属性Type","抗化功","285","285","plugin-source/v10-source-restoration-lk/AllEnums.cs","1027"
"plugin-model","AllEnums.数据库属性Type","抗水牢","286","286","plugin-source/v10-source-restoration-lk/AllEnums.cs","1028"
"plugin-model","AllEnums.数据库属性Type","抗锁灵","287","287","plugin-source/v10-source-restoration-lk/AllEnums.cs","1029"
"plugin-model","AllEnums.数据库属性Type","抗迷心","288","288","plugin-source/v10-source-restoration-lk/AllEnums.cs","1030"
"plugin-model","AllEnums.数据库属性Type","所有抗性","66","66","plugin-source/v10-source-restoration-lk/AllEnums.cs","1031"
"plugin-model","AllEnums.数据库属性Type","抗所有异常","67","67","plugin-source/v10-source-restoration-lk/AllEnums.cs","1032"
"plugin-model","AllEnums.数据库属性Type","强力克金","95","95","plugin-source/v10-source-restoration-lk/AllEnums.cs","1033"
"plugin-model","AllEnums.数据库属性Type","强力克木","96","96","plugin-source/v10-source-restoration-lk/AllEnums.cs","1034"
"plugin-model","AllEnums.数据库属性Type","强力克水","97","97","plugin-source/v10-source-restoration-lk/AllEnums.cs","1035"
"plugin-model","AllEnums.数据库属性Type","强力克火","98","98","plugin-source/v10-source-restoration-lk/AllEnums.cs","1036"
"plugin-model","AllEnums.数据库属性Type","强力克土","99","99","plugin-source/v10-source-restoration-lk/AllEnums.cs","1037"
"plugin-model","AllEnums.数据库属性Type","躲避攻击","113","113","plugin-source/v10-source-restoration-lk/AllEnums.cs","1038"
"plugin-model","AllEnums.数据库属性Type","师门攻击技能消耗降低","100","100","plugin-source/v10-source-restoration-lk/AllEnums.cs","1039"
"plugin-model","AllEnums.数据库属性Type","师门障碍技能消耗降低","101","101","plugin-source/v10-source-restoration-lk/AllEnums.cs","1040"
"plugin-model","AllEnums.数据库属性Type","师门辅助技能消耗降低","102","102","plugin-source/v10-source-restoration-lk/AllEnums.cs","1041"
"plugin-model","AllEnums.数据库属性Type","强力遗忘","105","105","plugin-source/v10-source-restoration-lk/AllEnums.cs","1042"
"plugin-model","AllEnums.数据库属性Type","强力中毒","103","103","plugin-source/v10-source-restoration-lk/AllEnums.cs","1043"
"plugin-model","AllEnums.数据库属性Type","强力冰冻","107","107","plugin-source/v10-source-restoration-lk/AllEnums.cs","1044"
"plugin-model","AllEnums.数据库属性Type","强力昏睡","104","104","plugin-source/v10-source-restoration-lk/AllEnums.cs","1045"
"plugin-model","AllEnums.数据库属性Type","强力混乱","106","106","plugin-source/v10-source-restoration-lk/AllEnums.cs","1046"
"plugin-model","AllEnums.数据库属性Type","强力镇魂","299","299","plugin-source/v10-source-restoration-lk/AllEnums.cs","1047"
"plugin-model","AllEnums.数据库属性Type","强力化功","300","300","plugin-source/v10-source-restoration-lk/AllEnums.cs","1048"
"plugin-model","AllEnums.数据库属性Type","强力水牢","301","301","plugin-source/v10-source-restoration-lk/AllEnums.cs","1049"
"plugin-model","AllEnums.数据库属性Type","强力锁灵","302","302","plugin-source/v10-source-restoration-lk/AllEnums.cs","1050"
"plugin-model","AllEnums.数据库属性Type","强力迷心","303","303","plugin-source/v10-source-restoration-lk/AllEnums.cs","1051"
"plugin-model","AllEnums.数据库属性Type","忽视目标抗金","85","85","plugin-source/v10-source-restoration-lk/AllEnums.cs","1052"
"plugin-model","AllEnums.数据库属性Type","忽视目标抗木","86","86","plugin-source/v10-source-restoration-lk/AllEnums.cs","1053"
"plugin-model","AllEnums.数据库属性Type","忽视目标抗水","87","87","plugin-source/v10-source-restoration-lk/AllEnums.cs","1054"
"plugin-model","AllEnums.数据库属性Type","忽视目标抗火","88","88","plugin-source/v10-source-restoration-lk/AllEnums.cs","1055"
"plugin-model","AllEnums.数据库属性Type","忽视目标抗土","89","89","plugin-source/v10-source-restoration-lk/AllEnums.cs","1056"
"plugin-model","AllEnums.数据库属性Type","忽视目标抗遗忘","90","90","plugin-source/v10-source-restoration-lk/AllEnums.cs","1057"
"plugin-model","AllEnums.数据库属性Type","忽视目标抗中毒","91","91","plugin-source/v10-source-restoration-lk/AllEnums.cs","1058"
"plugin-model","AllEnums.数据库属性Type","忽视目标抗冰冻","92","92","plugin-source/v10-source-restoration-lk/AllEnums.cs","1059"
"plugin-model","AllEnums.数据库属性Type","忽视目标抗昏睡","93","93","plugin-source/v10-source-restoration-lk/AllEnums.cs","1060"
"plugin-model","AllEnums.数据库属性Type","忽视目标抗混乱","94","94","plugin-source/v10-source-restoration-lk/AllEnums.cs","1061"
"plugin-model","AllEnums.数据库属性Type","忽视目标抗镇魂","289","289","plugin-source/v10-source-restoration-lk/AllEnums.cs","1062"
"plugin-model","AllEnums.数据库属性Type","忽视目标抗化功","290","290","plugin-source/v10-source-restoration-lk/AllEnums.cs","1063"
"plugin-model","AllEnums.数据库属性Type","忽视目标抗水牢","291","291","plugin-source/v10-source-restoration-lk/AllEnums.cs","1064"
"plugin-model","AllEnums.数据库属性Type","忽视目标抗锁灵","292","292","plugin-source/v10-source-restoration-lk/AllEnums.cs","1065"
"plugin-model","AllEnums.数据库属性Type","忽视目标抗迷心","293","293","plugin-source/v10-source-restoration-lk/AllEnums.cs","1066"
"plugin-model","AllEnums.数据库属性Type","忽视所有抗性","119","119","plugin-source/v10-source-restoration-lk/AllEnums.cs","1067"
"plugin-model","AllEnums.数据库属性Type","忽视所有抗异常","200","200","plugin-source/v10-source-restoration-lk/AllEnums.cs","1068"
"plugin-model","AllEnums.数据库属性Type","解除遗忘状态","201","201","plugin-source/v10-source-restoration-lk/AllEnums.cs","1069"
"plugin-model","AllEnums.数据库属性Type","解除中毒状态","202","202","plugin-source/v10-source-restoration-lk/AllEnums.cs","1070"
"plugin-model","AllEnums.数据库属性Type","解除冰冻状态","203","203","plugin-source/v10-source-restoration-lk/AllEnums.cs","1071"
"plugin-model","AllEnums.数据库属性Type","解除昏睡状态","204","204","plugin-source/v10-source-restoration-lk/AllEnums.cs","1072"
"plugin-model","AllEnums.数据库属性Type","解除混乱状态","205","205","plugin-source/v10-source-restoration-lk/AllEnums.cs","1073"
"plugin-model","AllEnums.数据库属性Type","解除镇魂状态","294","294","plugin-source/v10-source-restoration-lk/AllEnums.cs","1074"
"plugin-model","AllEnums.数据库属性Type","解除化功状态","295","295","plugin-source/v10-source-restoration-lk/AllEnums.cs","1075"
"plugin-model","AllEnums.数据库属性Type","解除水牢状态","296","296","plugin-source/v10-source-restoration-lk/AllEnums.cs","1076"
"plugin-model","AllEnums.数据库属性Type","解除锁灵状态","297","297","plugin-source/v10-source-restoration-lk/AllEnums.cs","1077"
"plugin-model","AllEnums.数据库属性Type","解除迷心状态","298","298","plugin-source/v10-source-restoration-lk/AllEnums.cs","1078"
"plugin-model","AllEnums.数据库属性Type","忽视目标连击","238","238","plugin-source/v10-source-restoration-lk/AllEnums.cs","1079"
"plugin-model","AllEnums.数据库属性Type","忽视目标物理必杀","239","239","plugin-source/v10-source-restoration-lk/AllEnums.cs","1080"
"plugin-model","AllEnums.数据库属性Type","忽视躲避攻击","244","244","plugin-source/v10-source-restoration-lk/AllEnums.cs","1081"
"plugin-model","AllEnums.数据库属性Type","破防率","73","73","plugin-source/v10-source-restoration-lk/AllEnums.cs","1082"
"plugin-model","AllEnums.数据库属性Type","破防","9","9","plugin-source/v10-source-restoration-lk/AllEnums.cs","1083"
"plugin-model","AllEnums.数据库属性Type","出战化形","252","252","plugin-source/v10-source-restoration-lk/AllEnums.cs","1084"
"plugin-model","AllEnums.数据库属性Type","强金法伤害","108","108","plugin-source/v10-source-restoration-lk/AllEnums.cs","1085"
"plugin-model","AllEnums.数据库属性Type","强木法伤害","109","109","plugin-source/v10-source-restoration-lk/AllEnums.cs","1086"
"plugin-model","AllEnums.数据库属性Type","强水法伤害","110","110","plugin-source/v10-source-restoration-lk/AllEnums.cs","1087"
"plugin-model","AllEnums.数据库属性Type","强火法伤害","111","111","plugin-source/v10-source-restoration-lk/AllEnums.cs","1088"
"plugin-model","AllEnums.数据库属性Type","强土法伤害","112","112","plugin-source/v10-source-restoration-lk/AllEnums.cs","1089"
"plugin-model","AllEnums.数据库属性Type","强物理伤害","245","245","plugin-source/v10-source-restoration-lk/AllEnums.cs","1090"
"plugin-model","AllEnums.朝向Type","左","","0","plugin-source/v10-source-restoration-lk/AllEnums.cs","1095"
"plugin-model","AllEnums.朝向Type","左上","","1","plugin-source/v10-source-restoration-lk/AllEnums.cs","1096"
"plugin-model","AllEnums.朝向Type","上","","2","plugin-source/v10-source-restoration-lk/AllEnums.cs","1097"
"plugin-model","AllEnums.朝向Type","右上","","3","plugin-source/v10-source-restoration-lk/AllEnums.cs","1098"
"plugin-model","AllEnums.朝向Type","右","","4","plugin-source/v10-source-restoration-lk/AllEnums.cs","1099"
"plugin-model","AllEnums.朝向Type","右下","","5","plugin-source/v10-source-restoration-lk/AllEnums.cs","1100"
"plugin-model","AllEnums.朝向Type","下","","6","plugin-source/v10-source-restoration-lk/AllEnums.cs","1101"
"plugin-model","AllEnums.朝向Type","左下","","7","plugin-source/v10-source-restoration-lk/AllEnums.cs","1102"
"plugin-model","AllEnums.妖族Type","无","0","0","plugin-source/v10-source-restoration-lk/AllEnums.cs","1107"
"plugin-model","AllEnums.妖族Type","竹熊","2","2","plugin-source/v10-source-restoration-lk/AllEnums.cs","1108"
"plugin-model","AllEnums.妖族Type","玉兔","3","3","plugin-source/v10-source-restoration-lk/AllEnums.cs","1109"
"plugin-model","AllEnums.妖族Type","灵蛇","4","4","plugin-source/v10-source-restoration-lk/AllEnums.cs","1110"
"plugin-model","AllEnums.妖族Type","孔雀","5","5","plugin-source/v10-source-restoration-lk/AllEnums.cs","1111"
"plugin-model","AllEnums.绑定Type","不绑定","2","2","plugin-source/v10-source-restoration-lk/AllEnums.cs","1116"
"plugin-model","AllEnums.绑定Type","红绑","","3","plugin-source/v10-source-restoration-lk/AllEnums.cs","1117"
"plugin-model","AllEnums.绑定Type","死绑","","4","plugin-source/v10-source-restoration-lk/AllEnums.cs","1118"
"plugin-model","AllEnums.召唤材料Type","珊瑚","","0","plugin-source/v10-source-restoration-lk/AllEnums.cs","1123"
"plugin-model","AllEnums.召唤材料Type","还阳露","","1","plugin-source/v10-source-restoration-lk/AllEnums.cs","1124"
"plugin-model","AllEnums.召唤材料Type","醉仙酒","","2","plugin-source/v10-source-restoration-lk/AllEnums.cs","1125"
"plugin-model","AllEnums.召唤材料Type","五彩香","","3","plugin-source/v10-source-restoration-lk/AllEnums.cs","1126"
"plugin-model","AllEnums.召唤材料Type","仙露草","","4","plugin-source/v10-source-restoration-lk/AllEnums.cs","1127"
"plugin-model","AllEnums.召唤材料Type","百草集","","5","plugin-source/v10-source-restoration-lk/AllEnums.cs","1128"
"plugin-model","AllEnums.召唤材料Type","凝香草","","6","plugin-source/v10-source-restoration-lk/AllEnums.cs","1129"
"plugin-model","AllEnums.召唤材料Type","醒狮丹","","7","plugin-source/v10-source-restoration-lk/AllEnums.cs","1130"
"plugin-model","AllEnums.召唤材料Type","鱼仙饵","","8","plugin-source/v10-source-restoration-lk/AllEnums.cs","1131"
"plugin-model","AllEnums.召唤材料Type","猿兽丹","","9","plugin-source/v10-source-restoration-lk/AllEnums.cs","1132"
"plugin-model","AllEnums.召唤材料Type","菩提子","","10","plugin-source/v10-source-restoration-lk/AllEnums.cs","1133"
"plugin-model","AllEnums.召唤材料Type","御仙饮","","11","plugin-source/v10-source-restoration-lk/AllEnums.cs","1134"
"plugin-model","AllEnums.属性名字Type","改造所有属性","-220","-220","plugin-source/v10-source-restoration-lk/AllEnums.cs","1139"
"plugin-model","AllEnums.属性名字Type","改造防御","-8","-8","plugin-source/v10-source-restoration-lk/AllEnums.cs","1140"
"plugin-model","AllEnums.属性名字Type","改造气血","-7","-7","plugin-source/v10-source-restoration-lk/AllEnums.cs","1141"
"plugin-model","AllEnums.属性名字Type","改造伤害","-3","-3","plugin-source/v10-source-restoration-lk/AllEnums.cs","1142"
"plugin-model","AllEnums.属性名字Type","无","0","0","plugin-source/v10-source-restoration-lk/AllEnums.cs","1143"
"plugin-model","AllEnums.属性名字Type","力量","2","2","plugin-source/v10-source-restoration-lk/AllEnums.cs","1144"
"plugin-model","AllEnums.属性名字Type","物理伤害","3","3","plugin-source/v10-source-restoration-lk/AllEnums.cs","1145"
"plugin-model","AllEnums.属性名字Type","准确","4","4","plugin-source/v10-source-restoration-lk/AllEnums.cs","1146"
"plugin-model","AllEnums.属性名字Type","体质","5","5","plugin-source/v10-source-restoration-lk/AllEnums.cs","1147"
"plugin-model","AllEnums.属性名字Type","气血","7","7","plugin-source/v10-source-restoration-lk/AllEnums.cs","1148"
"plugin-model","AllEnums.属性名字Type","防御","8","8","plugin-source/v10-source-restoration-lk/AllEnums.cs","1149"
"plugin-model","AllEnums.属性名字Type","灵力","9","9","plugin-source/v10-source-restoration-lk/AllEnums.cs","1150"
"plugin-model","AllEnums.属性名字Type","法术伤害","10","10","plugin-source/v10-source-restoration-lk/AllEnums.cs","1151"
"plugin-model","AllEnums.属性名字Type","法力","12","12","plugin-source/v10-source-restoration-lk/AllEnums.cs","1152"
"plugin-model","AllEnums.属性名字Type","敏捷","13","13","plugin-source/v10-source-restoration-lk/AllEnums.cs","1153"
"plugin-model","AllEnums.属性名字Type","速度","14","14","plugin-source/v10-source-restoration-lk/AllEnums.cs","1154"
"plugin-model","AllEnums.属性名字Type","躲闪率","15","15","plugin-source/v10-source-restoration-lk/AllEnums.cs","1155"
"plugin-model","AllEnums.属性名字Type","好心值","37","37","plugin-source/v10-source-restoration-lk/AllEnums.cs","1156"
"plugin-model","AllEnums.属性名字Type","金相性","45","45","plugin-source/v10-source-restoration-lk/AllEnums.cs","1157"
"plugin-model","AllEnums.属性名字Type","木相性","46","46","plugin-source/v10-source-restoration-lk/AllEnums.cs","1158"
"plugin-model","AllEnums.属性名字Type","水相性","47","47","plugin-source/v10-source-restoration-lk/AllEnums.cs","1159"
"plugin-model","AllEnums.属性名字Type","火相性","48","48","plugin-source/v10-source-restoration-lk/AllEnums.cs","1160"
"plugin-model","AllEnums.属性名字Type","土相性","49","49","plugin-source/v10-source-restoration-lk/AllEnums.cs","1161"
"plugin-model","AllEnums.属性名字Type","金抗性","50","50","plugin-source/v10-source-restoration-lk/AllEnums.cs","1162"
"plugin-model","AllEnums.属性名字Type","木抗性","51","51","plugin-source/v10-source-restoration-lk/AllEnums.cs","1163"
"plugin-model","AllEnums.属性名字Type","水抗性","52","52","plugin-source/v10-source-restoration-lk/AllEnums.cs","1164"
"plugin-model","AllEnums.属性名字Type","火抗性","53","53","plugin-source/v10-source-restoration-lk/AllEnums.cs","1165"
"plugin-model","AllEnums.属性名字Type","土抗性","54","54","plugin-source/v10-source-restoration-lk/AllEnums.cs","1166"
"plugin-model","AllEnums.属性名字Type","抗中毒","56","56","plugin-source/v10-source-restoration-lk/AllEnums.cs","1167"
"plugin-model","AllEnums.属性名字Type","抗冰冻","57","57","plugin-source/v10-source-restoration-lk/AllEnums.cs","1168"
"plugin-model","AllEnums.属性名字Type","抗昏睡","58","58","plugin-source/v10-source-restoration-lk/AllEnums.cs","1169"
"plugin-model","AllEnums.属性名字Type","抗遗忘","59","59","plugin-source/v10-source-restoration-lk/AllEnums.cs","1170"
"plugin-model","AllEnums.属性名字Type","抗混乱","60","60","plugin-source/v10-source-restoration-lk/AllEnums.cs","1171"
"plugin-model","AllEnums.属性名字Type","亲密度","63","63","plugin-source/v10-source-restoration-lk/AllEnums.cs","1172"
"plugin-model","AllEnums.属性名字Type","连击","67","67","plugin-source/v10-source-restoration-lk/AllEnums.cs","1173"
"plugin-model","AllEnums.属性名字Type","反击","69","69","plugin-source/v10-source-restoration-lk/AllEnums.cs","1174"
"plugin-model","AllEnums.属性名字Type","反击率","77","77","plugin-source/v10-source-restoration-lk/AllEnums.cs","1175"
"plugin-model","AllEnums.属性名字Type","连击率","78","78","plugin-source/v10-source-restoration-lk/AllEnums.cs","1176"
"plugin-model","AllEnums.属性名字Type","物理必杀率","79","79","plugin-source/v10-source-restoration-lk/AllEnums.cs","1177"
"plugin-model","AllEnums.属性名字Type","反震度","80","80","plugin-source/v10-source-restoration-lk/AllEnums.cs","1178"
"plugin-model","AllEnums.属性名字Type","反震率","85","85","plugin-source/v10-source-restoration-lk/AllEnums.cs","1179"
"plugin-model","AllEnums.属性名字Type","破防","110","110","plugin-source/v10-source-restoration-lk/AllEnums.cs","1180"
"plugin-model","AllEnums.属性名字Type","破防率","117","117","plugin-source/v10-source-restoration-lk/AllEnums.cs","1181"
"plugin-model","AllEnums.属性名字Type","忽视目标抗金","126","126","plugin-source/v10-source-restoration-lk/AllEnums.cs","1182"
"plugin-model","AllEnums.属性名字Type","忽视目标抗木","127","127","plugin-source/v10-source-restoration-lk/AllEnums.cs","1183"
"plugin-model","AllEnums.属性名字Type","忽视目标抗水","128","128","plugin-source/v10-source-restoration-lk/AllEnums.cs","1184"
"plugin-model","AllEnums.属性名字Type","忽视目标抗火","129","129","plugin-source/v10-source-restoration-lk/AllEnums.cs","1185"
"plugin-model","AllEnums.属性名字Type","忽视目标抗土","130","130","plugin-source/v10-source-restoration-lk/AllEnums.cs","1186"
"plugin-model","AllEnums.属性名字Type","忽视目标抗遗忘","131","131","plugin-source/v10-source-restoration-lk/AllEnums.cs","1187"
"plugin-model","AllEnums.属性名字Type","忽视目标抗中毒","132","132","plugin-source/v10-source-restoration-lk/AllEnums.cs","1188"
"plugin-model","AllEnums.属性名字Type","忽视目标抗冰冻","133","133","plugin-source/v10-source-restoration-lk/AllEnums.cs","1189"
"plugin-model","AllEnums.属性名字Type","忽视目标抗昏睡","134","134","plugin-source/v10-source-restoration-lk/AllEnums.cs","1190"
"plugin-model","AllEnums.属性名字Type","忽视目标抗混乱","135","135","plugin-source/v10-source-restoration-lk/AllEnums.cs","1191"
"plugin-model","AllEnums.属性名字Type","强力克金","136","136","plugin-source/v10-source-restoration-lk/AllEnums.cs","1192"
"plugin-model","AllEnums.属性名字Type","强力克木","137","137","plugin-source/v10-source-restoration-lk/AllEnums.cs","1193"
"plugin-model","AllEnums.属性名字Type","强力克水","138","138","plugin-source/v10-source-restoration-lk/AllEnums.cs","1194"
"plugin-model","AllEnums.属性名字Type","强力克火","139","139","plugin-source/v10-source-restoration-lk/AllEnums.cs","1195"
"plugin-model","AllEnums.属性名字Type","强力克土","140","140","plugin-source/v10-source-restoration-lk/AllEnums.cs","1196"
"plugin-model","AllEnums.属性名字Type","师门攻击技能消耗降低","141","141","plugin-source/v10-source-restoration-lk/AllEnums.cs","1197"
"plugin-model","AllEnums.属性名字Type","师门障碍技能消耗降低","142","142","plugin-source/v10-source-restoration-lk/AllEnums.cs","1198"
"plugin-model","AllEnums.属性名字Type","师门辅助技能消耗降低","143","143","plugin-source/v10-source-restoration-lk/AllEnums.cs","1199"
"plugin-model","AllEnums.属性名字Type","强力中毒","144","144","plugin-source/v10-source-restoration-lk/AllEnums.cs","1200"
"plugin-model","AllEnums.属性名字Type","强力昏睡","145","145","plugin-source/v10-source-restoration-lk/AllEnums.cs","1201"
"plugin-model","AllEnums.属性名字Type","强力遗忘","146","146","plugin-source/v10-source-restoration-lk/AllEnums.cs","1202"
"plugin-model","AllEnums.属性名字Type","强力混乱","147","147","plugin-source/v10-source-restoration-lk/AllEnums.cs","1203"
"plugin-model","AllEnums.属性名字Type","强力冰冻","148","148","plugin-source/v10-source-restoration-lk/AllEnums.cs","1204"
"plugin-model","AllEnums.属性名字Type","强金法伤害","149","149","plugin-source/v10-source-restoration-lk/AllEnums.cs","1205"
"plugin-model","AllEnums.属性名字Type","强木法伤害","150","150","plugin-source/v10-source-restoration-lk/AllEnums.cs","1206"
"plugin-model","AllEnums.属性名字Type","强水法伤害","151","151","plugin-source/v10-source-restoration-lk/AllEnums.cs","1207"
"plugin-model","AllEnums.属性名字Type","强火法伤害","152","152","plugin-source/v10-source-restoration-lk/AllEnums.cs","1208"
"plugin-model","AllEnums.属性名字Type","强土法伤害","153","153","plugin-source/v10-source-restoration-lk/AllEnums.cs","1209"
"plugin-model","AllEnums.属性名字Type","躲避攻击","154","154","plugin-source/v10-source-restoration-lk/AllEnums.cs","1210"
"plugin-model","AllEnums.属性名字Type","金光乍现反击率","155","155","plugin-source/v10-source-restoration-lk/AllEnums.cs","1211"
"plugin-model","AllEnums.属性名字Type","摘叶飞花反击率","156","156","plugin-source/v10-source-restoration-lk/AllEnums.cs","1212"
"plugin-model","AllEnums.属性名字Type","滴水穿石反击率","157","157","plugin-source/v10-source-restoration-lk/AllEnums.cs","1213"
"plugin-model","AllEnums.属性名字Type","举火焚天反击率","158","158","plugin-source/v10-source-restoration-lk/AllEnums.cs","1214"
"plugin-model","AllEnums.属性名字Type","落土飞岩反击率","159","159","plugin-source/v10-source-restoration-lk/AllEnums.cs","1215"
"plugin-model","AllEnums.属性名字Type","金系法攻","160","160","plugin-source/v10-source-restoration-lk/AllEnums.cs","1216"
"plugin-model","AllEnums.属性名字Type","木系法攻","161","161","plugin-source/v10-source-restoration-lk/AllEnums.cs","1217"
"plugin-model","AllEnums.属性名字Type","水系法攻","162","162","plugin-source/v10-source-restoration-lk/AllEnums.cs","1218"
"plugin-model","AllEnums.属性名字Type","火系法攻","163","163","plugin-source/v10-source-restoration-lk/AllEnums.cs","1219"
"plugin-model","AllEnums.属性名字Type","土系法攻","164","164","plugin-source/v10-source-restoration-lk/AllEnums.cs","1220"
"plugin-model","AllEnums.属性名字Type","忽视所有抗性","168","168","plugin-source/v10-source-restoration-lk/AllEnums.cs","1221"
"plugin-model","AllEnums.属性名字Type","忽视所有抗异常","169","169","plugin-source/v10-source-restoration-lk/AllEnums.cs","1222"
"plugin-model","AllEnums.属性名字Type","解除遗忘状态","170","170","plugin-source/v10-source-restoration-lk/AllEnums.cs","1223"
"plugin-model","AllEnums.属性名字Type","解除中毒状态","171","171","plugin-source/v10-source-restoration-lk/AllEnums.cs","1224"
"plugin-model","AllEnums.属性名字Type","解除冰冻状态","172","172","plugin-source/v10-source-restoration-lk/AllEnums.cs","1225"
"plugin-model","AllEnums.属性名字Type","解除昏睡状态","173","173","plugin-source/v10-source-restoration-lk/AllEnums.cs","1226"
"plugin-model","AllEnums.属性名字Type","解除混乱状态","174","174","plugin-source/v10-source-restoration-lk/AllEnums.cs","1227"
"plugin-model","AllEnums.属性名字Type","所有属性","220","220","plugin-source/v10-source-restoration-lk/AllEnums.cs","1228"
"plugin-model","AllEnums.属性名字Type","所有相性","221","221","plugin-source/v10-source-restoration-lk/AllEnums.cs","1229"
"plugin-model","AllEnums.属性名字Type","所有抗性","222","222","plugin-source/v10-source-restoration-lk/AllEnums.cs","1230"
"plugin-model","AllEnums.属性名字Type","抗所有异常","223","223","plugin-source/v10-source-restoration-lk/AllEnums.cs","1231"
"plugin-model","AllEnums.属性名字Type","所有技能上升","224","224","plugin-source/v10-source-restoration-lk/AllEnums.cs","1232"
"plugin-model","AllEnums.属性名字Type","攻击效果","234","234","plugin-source/v10-source-restoration-lk/AllEnums.cs","1233"
"plugin-model","AllEnums.属性名字Type","物理攻击效果","236","236","plugin-source/v10-source-restoration-lk/AllEnums.cs","1234"
"plugin-model","AllEnums.属性名字Type","法术攻击效果","237","237","plugin-source/v10-source-restoration-lk/AllEnums.cs","1235"
"plugin-model","AllEnums.属性名字Type","抗物理","238","238","plugin-source/v10-source-restoration-lk/AllEnums.cs","1236"
"plugin-model","AllEnums.属性名字Type","抗法术","239","239","plugin-source/v10-source-restoration-lk/AllEnums.cs","1237"
"plugin-model","AllEnums.属性名字Type","仙道点","306","306","plugin-source/v10-source-restoration-lk/AllEnums.cs","1238"
"plugin-model","AllEnums.属性名字Type","魔道点","307","307","plugin-source/v10-source-restoration-lk/AllEnums.cs","1239"
"plugin-model","AllEnums.属性名字Type","忽视目标连击","331","331","plugin-source/v10-source-restoration-lk/AllEnums.cs","1240"
"plugin-model","AllEnums.属性名字Type","忽视目标物理必杀","332","332","plugin-source/v10-source-restoration-lk/AllEnums.cs","1241"
"plugin-model","AllEnums.属性名字Type","追击率","336","336","plugin-source/v10-source-restoration-lk/AllEnums.cs","1242"
"plugin-model","AllEnums.属性名字Type","强力障碍宠物","337","337","plugin-source/v10-source-restoration-lk/AllEnums.cs","1243"
"plugin-model","AllEnums.属性名字Type","忽视躲避攻击","356","356","plugin-source/v10-source-restoration-lk/AllEnums.cs","1244"
"plugin-model","AllEnums.属性名字Type","强物理伤害","405","405","plugin-source/v10-source-restoration-lk/AllEnums.cs","1245"
"plugin-model","AllEnums.属性名字Type","持续时间","448","448","plugin-source/v10-source-restoration-lk/AllEnums.cs","1246"
"plugin-model","AllEnums.属性名字Type","法术必杀率","657","657","plugin-source/v10-source-restoration-lk/AllEnums.cs","1247"
"plugin-model","AllEnums.属性名字Type","忽视目标法术必杀","658","658","plugin-source/v10-source-restoration-lk/AllEnums.cs","1248"
"plugin-model","AllEnums.属性名字Type","抗神圣之光","665","665","plugin-source/v10-source-restoration-lk/AllEnums.cs","1249"
"plugin-model","AllEnums.属性名字Type","抗游说之舌","666","666","plugin-source/v10-source-restoration-lk/AllEnums.cs","1250"
"plugin-model","AllEnums.属性名字Type","抗舍命一击","667","667","plugin-source/v10-source-restoration-lk/AllEnums.cs","1251"
"plugin-model","AllEnums.属性名字Type","抗翻转乾坤","668","668","plugin-source/v10-source-restoration-lk/AllEnums.cs","1252"
"plugin-model","AllEnums.属性名字Type","抗漫天血舞","669","669","plugin-source/v10-source-restoration-lk/AllEnums.cs","1253"
"plugin-model","AllEnums.属性名字Type","忽视目标抗物理","692","692","plugin-source/v10-source-restoration-lk/AllEnums.cs","1254"
"plugin-model","AllEnums.属性名字Type","闪避","695","695","plugin-source/v10-source-restoration-lk/AllEnums.cs","1255"
"plugin-model","AllEnums.属性名字Type","抗镇魂","696","696","plugin-source/v10-source-restoration-lk/AllEnums.cs","1256"
"plugin-model","AllEnums.属性名字Type","抗化功","697","697","plugin-source/v10-source-restoration-lk/AllEnums.cs","1257"
"plugin-model","AllEnums.属性名字Type","抗水牢","698","698","plugin-source/v10-source-restoration-lk/AllEnums.cs","1258"
"plugin-model","AllEnums.属性名字Type","抗锁灵","699","699","plugin-source/v10-source-restoration-lk/AllEnums.cs","1259"
"plugin-model","AllEnums.属性名字Type","抗迷心","700","700","plugin-source/v10-source-restoration-lk/AllEnums.cs","1260"
"plugin-model","AllEnums.属性名字Type","忽视目标抗镇魂","701","701","plugin-source/v10-source-restoration-lk/AllEnums.cs","1261"
"plugin-model","AllEnums.属性名字Type","忽视目标抗化功","702","702","plugin-source/v10-source-restoration-lk/AllEnums.cs","1262"
"plugin-model","AllEnums.属性名字Type","忽视目标抗水牢","703","703","plugin-source/v10-source-restoration-lk/AllEnums.cs","1263"
"plugin-model","AllEnums.属性名字Type","忽视目标抗锁灵","704","704","plugin-source/v10-source-restoration-lk/AllEnums.cs","1264"
"plugin-model","AllEnums.属性名字Type","忽视目标抗迷心","705","705","plugin-source/v10-source-restoration-lk/AllEnums.cs","1265"
"plugin-model","AllEnums.属性名字Type","解除镇魂状态","706","706","plugin-source/v10-source-restoration-lk/AllEnums.cs","1266"
"plugin-model","AllEnums.属性名字Type","解除化功状态","707","707","plugin-source/v10-source-restoration-lk/AllEnums.cs","1267"
"plugin-model","AllEnums.属性名字Type","解除水牢状态","708","708","plugin-source/v10-source-restoration-lk/AllEnums.cs","1268"
"plugin-model","AllEnums.属性名字Type","解除锁灵状态","709","709","plugin-source/v10-source-restoration-lk/AllEnums.cs","1269"
"plugin-model","AllEnums.属性名字Type","解除迷心状态","710","710","plugin-source/v10-source-restoration-lk/AllEnums.cs","1270"
"plugin-model","AllEnums.属性名字Type","强力镇魂","711","711","plugin-source/v10-source-restoration-lk/AllEnums.cs","1271"
"plugin-model","AllEnums.属性名字Type","强力化功","712","712","plugin-source/v10-source-restoration-lk/AllEnums.cs","1272"
"plugin-model","AllEnums.属性名字Type","强力水牢","713","713","plugin-source/v10-source-restoration-lk/AllEnums.cs","1273"
"plugin-model","AllEnums.属性名字Type","强力锁灵","714","714","plugin-source/v10-source-restoration-lk/AllEnums.cs","1274"
"plugin-model","AllEnums.属性名字Type","强力迷心","715","715","plugin-source/v10-source-restoration-lk/AllEnums.cs","1275"
"plugin-model","AllEnums.属性名字Type","出其不意","766","766","plugin-source/v10-source-restoration-lk/AllEnums.cs","1276"
"plugin-model","AllEnums.属性名字Type","无法无天","767","767","plugin-source/v10-source-restoration-lk/AllEnums.cs","1277"
"plugin-model","AllEnums.属性名字Type","辅助之力","768","768","plugin-source/v10-source-restoration-lk/AllEnums.cs","1278"
"plugin-model","AllEnums.属性名字Type","重生","769","769","plugin-source/v10-source-restoration-lk/AllEnums.cs","1279"
"plugin-model","AllEnums.属性标识Type","str","2","2","plugin-source/v10-source-restoration-lk/AllEnums.cs","1284"
"plugin-model","AllEnums.属性标识Type","phy_power","3","3","plugin-source/v10-source-restoration-lk/AllEnums.cs","1285"
"plugin-model","AllEnums.属性标识Type","accurate","4","4","plugin-source/v10-source-restoration-lk/AllEnums.cs","1286"
"plugin-model","AllEnums.属性标识Type","con","5","5","plugin-source/v10-source-restoration-lk/AllEnums.cs","1287"
"plugin-model","AllEnums.属性标识Type","max_life","7","7","plugin-source/v10-source-restoration-lk/AllEnums.cs","1288"
"plugin-model","AllEnums.属性标识Type","def","8","8","plugin-source/v10-source-restoration-lk/AllEnums.cs","1289"
"plugin-model","AllEnums.属性标识Type","wiz","9","9","plugin-source/v10-source-restoration-lk/AllEnums.cs","1290"
"plugin-model","AllEnums.属性标识Type","mag_power","10","10","plugin-source/v10-source-restoration-lk/AllEnums.cs","1291"
"plugin-model","AllEnums.属性标识Type","max_mana","12","12","plugin-source/v10-source-restoration-lk/AllEnums.cs","1292"
"plugin-model","AllEnums.属性标识Type","dex","13","13","plugin-source/v10-source-restoration-lk/AllEnums.cs","1293"
"plugin-model","AllEnums.属性标识Type","speed","14","14","plugin-source/v10-source-restoration-lk/AllEnums.cs","1294"
"plugin-model","AllEnums.属性标识Type","parry","15","15","plugin-source/v10-source-restoration-lk/AllEnums.cs","1295"
"plugin-model","AllEnums.属性标识Type","nice","37","37","plugin-source/v10-source-restoration-lk/AllEnums.cs","1296"
"plugin-model","AllEnums.属性标识Type","metal","45","45","plugin-source/v10-source-restoration-lk/AllEnums.cs","1297"
"plugin-model","AllEnums.属性标识Type","wood","46","46","plugin-source/v10-source-restoration-lk/AllEnums.cs","1298"
"plugin-model","AllEnums.属性标识Type","water","47","47","plugin-source/v10-source-restoration-lk/AllEnums.cs","1299"
"plugin-model","AllEnums.属性标识Type","fire","48","48","plugin-source/v10-source-restoration-lk/AllEnums.cs","1300"
"plugin-model","AllEnums.属性标识Type","earth","49","49","plugin-source/v10-source-restoration-lk/AllEnums.cs","1301"
"plugin-model","AllEnums.属性标识Type","resist_metal","50","50","plugin-source/v10-source-restoration-lk/AllEnums.cs","1302"
"plugin-model","AllEnums.属性标识Type","resist_wood","51","51","plugin-source/v10-source-restoration-lk/AllEnums.cs","1303"
"plugin-model","AllEnums.属性标识Type","resist_water","52","52","plugin-source/v10-source-restoration-lk/AllEnums.cs","1304"
"plugin-model","AllEnums.属性标识Type","resist_fire","53","53","plugin-source/v10-source-restoration-lk/AllEnums.cs","1305"
"plugin-model","AllEnums.属性标识Type","resist_earth","54","54","plugin-source/v10-source-restoration-lk/AllEnums.cs","1306"
"plugin-model","AllEnums.属性标识Type","resist_poison","56","56","plugin-source/v10-source-restoration-lk/AllEnums.cs","1307"
"plugin-model","AllEnums.属性标识Type","resist_frozen","57","57","plugin-source/v10-source-restoration-lk/AllEnums.cs","1308"
"plugin-model","AllEnums.属性标识Type","resist_sleep","58","58","plugin-source/v10-source-restoration-lk/AllEnums.cs","1309"
"plugin-model","AllEnums.属性标识Type","resist_forgotten","59","59","plugin-source/v10-source-restoration-lk/AllEnums.cs","1310"
"plugin-model","AllEnums.属性标识Type","resist_confusion","60","60","plugin-source/v10-source-restoration-lk/AllEnums.cs","1311"
"plugin-model","AllEnums.属性标识Type","intimacy","63","63","plugin-source/v10-source-restoration-lk/AllEnums.cs","1312"
"plugin-model","AllEnums.属性标识Type","double_hit","67","67","plugin-source/v10-source-restoration-lk/AllEnums.cs","1313"
"plugin-model","AllEnums.属性标识Type","counter_attack","69","69","plugin-source/v10-source-restoration-lk/AllEnums.cs","1314"
"plugin-model","AllEnums.属性标识Type","counter_attack_rate","77","77","plugin-source/v10-source-restoration-lk/AllEnums.cs","1315"
"plugin-model","AllEnums.属性标识Type","double_hit_rate","78","78","plugin-source/v10-source-restoration-lk/AllEnums.cs","1316"
"plugin-model","AllEnums.属性标识Type","stunt_rate","79","79","plugin-source/v10-source-restoration-lk/AllEnums.cs","1317"
"plugin-model","AllEnums.属性标识Type","damage_sel","80","80","plugin-source/v10-source-restoration-lk/AllEnums.cs","1318"
"plugin-model","AllEnums.属性标识Type","damage_sel_rate","85","85","plugin-source/v10-source-restoration-lk/AllEnums.cs","1319"
"plugin-model","AllEnums.属性标识Type","penetrate","110","110","plugin-source/v10-source-restoration-lk/AllEnums.cs","1320"
"plugin-model","AllEnums.属性标识Type","penetrate_rate","117","117","plugin-source/v10-source-restoration-lk/AllEnums.cs","1321"
"plugin-model","AllEnums.属性标识Type","ignore_resist_metal","126","126","plugin-source/v10-source-restoration-lk/AllEnums.cs","1322"
"plugin-model","AllEnums.属性标识Type","ignore_resist_wood","127","127","plugin-source/v10-source-restoration-lk/AllEnums.cs","1323"
"plugin-model","AllEnums.属性标识Type","ignore_resist_water","128","128","plugin-source/v10-source-restoration-lk/AllEnums.cs","1324"
"plugin-model","AllEnums.属性标识Type","ignore_resist_fire","129","129","plugin-source/v10-source-restoration-lk/AllEnums.cs","1325"
"plugin-model","AllEnums.属性标识Type","ignore_resist_earth","130","130","plugin-source/v10-source-restoration-lk/AllEnums.cs","1326"
"plugin-model","AllEnums.属性标识Type","ignore_resist_forgotten","131","131","plugin-source/v10-source-restoration-lk/AllEnums.cs","1327"
"plugin-model","AllEnums.属性标识Type","ignore_resist_poison","132","132","plugin-source/v10-source-restoration-lk/AllEnums.cs","1328"
"plugin-model","AllEnums.属性标识Type","ignore_resist_frozen","133","133","plugin-source/v10-source-restoration-lk/AllEnums.cs","1329"
"plugin-model","AllEnums.属性标识Type","ignore_resist_sleep","134","134","plugin-source/v10-source-restoration-lk/AllEnums.cs","1330"
"plugin-model","AllEnums.属性标识Type","ignore_resist_confusion","135","135","plugin-source/v10-source-restoration-lk/AllEnums.cs","1331"
"plugin-model","AllEnums.属性标识Type","super_excluse_metal","136","136","plugin-source/v10-source-restoration-lk/AllEnums.cs","1332"
"plugin-model","AllEnums.属性标识Type","super_excluse_wood","137","137","plugin-source/v10-source-restoration-lk/AllEnums.cs","1333"
"plugin-model","AllEnums.属性标识Type","super_excluse_water","138","138","plugin-source/v10-source-restoration-lk/AllEnums.cs","1334"
"plugin-model","AllEnums.属性标识Type","super_excluse_fire","139","139","plugin-source/v10-source-restoration-lk/AllEnums.cs","1335"
"plugin-model","AllEnums.属性标识Type","super_excluse_earth","140","140","plugin-source/v10-source-restoration-lk/AllEnums.cs","1336"
"plugin-model","AllEnums.属性标识Type","B_skill_low_cost","141","141","plugin-source/v10-source-restoration-lk/AllEnums.cs","1337"
"plugin-model","AllEnums.属性标识Type","C_skill_low_cost","142","142","plugin-source/v10-source-restoration-lk/AllEnums.cs","1338"
"plugin-model","AllEnums.属性标识Type","D_skill_low_cost","143","143","plugin-source/v10-source-restoration-lk/AllEnums.cs","1339"
"plugin-model","AllEnums.属性标识Type","super_poison","144","144","plugin-source/v10-source-restoration-lk/AllEnums.cs","1340"
"plugin-model","AllEnums.属性标识Type","super_sleep","145","145","plugin-source/v10-source-restoration-lk/AllEnums.cs","1341"
"plugin-model","AllEnums.属性标识Type","super_forgotten","146","146","plugin-source/v10-source-restoration-lk/AllEnums.cs","1342"
"plugin-model","AllEnums.属性标识Type","super_confusion","147","147","plugin-source/v10-source-restoration-lk/AllEnums.cs","1343"
"plugin-model","AllEnums.属性标识Type","super_frozen","148","148","plugin-source/v10-source-restoration-lk/AllEnums.cs","1344"
"plugin-model","AllEnums.属性标识Type","enhanced_metal","149","149","plugin-source/v10-source-restoration-lk/AllEnums.cs","1345"
"plugin-model","AllEnums.属性标识Type","enhanced_wood","150","150","plugin-source/v10-source-restoration-lk/AllEnums.cs","1346"
"plugin-model","AllEnums.属性标识Type","enhanced_water","151","151","plugin-source/v10-source-restoration-lk/AllEnums.cs","1347"
"plugin-model","AllEnums.属性标识Type","enhanced_fire","152","152","plugin-source/v10-source-restoration-lk/AllEnums.cs","1348"
"plugin-model","AllEnums.属性标识Type","enhanced_earth","153","153","plugin-source/v10-source-restoration-lk/AllEnums.cs","1349"
"plugin-model","AllEnums.属性标识Type","mag_dodge","154","154","plugin-source/v10-source-restoration-lk/AllEnums.cs","1350"
"plugin-model","AllEnums.属性标识Type","counter_attack_jgzx","155","155","plugin-source/v10-source-restoration-lk/AllEnums.cs","1351"
"plugin-model","AllEnums.属性标识Type","counter_attack_zyfh","156","156","plugin-source/v10-source-restoration-lk/AllEnums.cs","1352"
"plugin-model","AllEnums.属性标识Type","counter_attack_dscs","157","157","plugin-source/v10-source-restoration-lk/AllEnums.cs","1353"
"plugin-model","AllEnums.属性标识Type","counter_attack_jhft","158","158","plugin-source/v10-source-restoration-lk/AllEnums.cs","1354"
"plugin-model","AllEnums.属性标识Type","counter_attack_ltfy","159","159","plugin-source/v10-source-restoration-lk/AllEnums.cs","1355"
"plugin-model","AllEnums.属性标识Type","metal_mag_power","160","160","plugin-source/v10-source-restoration-lk/AllEnums.cs","1356"
"plugin-model","AllEnums.属性标识Type","wood_mag_power","161","161","plugin-source/v10-source-restoration-lk/AllEnums.cs","1357"
"plugin-model","AllEnums.属性标识Type","water_mag_power","162","162","plugin-source/v10-source-restoration-lk/AllEnums.cs","1358"
"plugin-model","AllEnums.属性标识Type","fire_mag_power","163","163","plugin-source/v10-source-restoration-lk/AllEnums.cs","1359"
"plugin-model","AllEnums.属性标识Type","earth_mag_power","164","164","plugin-source/v10-source-restoration-lk/AllEnums.cs","1360"
"plugin-model","AllEnums.属性标识Type","ignore_all_resist_polar","168","168","plugin-source/v10-source-restoration-lk/AllEnums.cs","1361"
"plugin-model","AllEnums.属性标识Type","ignore_all_resist_except","169","169","plugin-source/v10-source-restoration-lk/AllEnums.cs","1362"
"plugin-model","AllEnums.属性标识Type","release_forgotten","170","170","plugin-source/v10-source-restoration-lk/AllEnums.cs","1363"
"plugin-model","AllEnums.属性标识Type","release_poison","171","171","plugin-source/v10-source-restoration-lk/AllEnums.cs","1364"
"plugin-model","AllEnums.属性标识Type","release_frozen","172","172","plugin-source/v10-source-restoration-lk/AllEnums.cs","1365"
"plugin-model","AllEnums.属性标识Type","release_sleep","173","173","plugin-source/v10-source-restoration-lk/AllEnums.cs","1366"
"plugin-model","AllEnums.属性标识Type","release_confusion","174","174","plugin-source/v10-source-restoration-lk/AllEnums.cs","1367"
"plugin-model","AllEnums.属性标识Type","all_attrib","220","220","plugin-source/v10-source-restoration-lk/AllEnums.cs","1368"
"plugin-model","AllEnums.属性标识Type","all_polar","221","221","plugin-source/v10-source-restoration-lk/AllEnums.cs","1369"
"plugin-model","AllEnums.属性标识Type","all_resist_polar","222","222","plugin-source/v10-source-restoration-lk/AllEnums.cs","1370"
"plugin-model","AllEnums.属性标识Type","all_resist_except","223","223","plugin-source/v10-source-restoration-lk/AllEnums.cs","1371"
"plugin-model","AllEnums.属性标识Type","all_skill","224","224","plugin-source/v10-source-restoration-lk/AllEnums.cs","1372"
"plugin-model","AllEnums.属性标识Type","attack_effect","234","234","plugin-source/v10-source-restoration-lk/AllEnums.cs","1373"
"plugin-model","AllEnums.属性标识Type","phy_effect","236","236","plugin-source/v10-source-restoration-lk/AllEnums.cs","1374"
"plugin-model","AllEnums.属性标识Type","mag_effect","237","237","plugin-source/v10-source-restoration-lk/AllEnums.cs","1375"
"plugin-model","AllEnums.属性标识Type","phy_absorb","238","238","plugin-source/v10-source-restoration-lk/AllEnums.cs","1376"
"plugin-model","AllEnums.属性标识Type","mag_absorb","239","239","plugin-source/v10-source-restoration-lk/AllEnums.cs","1377"
"plugin-model","AllEnums.属性标识Type","upgrade_immortal","306","306","plugin-source/v10-source-restoration-lk/AllEnums.cs","1378"
"plugin-model","AllEnums.属性标识Type","upgrade_magic","307","307","plugin-source/v10-source-restoration-lk/AllEnums.cs","1379"
"plugin-model","AllEnums.属性标识Type","ignore_double_hit_rate","331","331","plugin-source/v10-source-restoration-lk/AllEnums.cs","1380"
"plugin-model","AllEnums.属性标识Type","ignore_stunt_rate","332","332","plugin-source/v10-source-restoration-lk/AllEnums.cs","1381"
"plugin-model","AllEnums.属性标识Type","chase","336","336","plugin-source/v10-source-restoration-lk/AllEnums.cs","1382"
"plugin-model","AllEnums.属性标识Type","super_obstruct","337","337","plugin-source/v10-source-restoration-lk/AllEnums.cs","1383"
"plugin-model","AllEnums.属性标识Type","ignore_mag_dodge","356","356","plugin-source/v10-source-restoration-lk/AllEnums.cs","1384"
"plugin-model","AllEnums.属性标识Type","enhanced_phy","405","405","plugin-source/v10-source-restoration-lk/AllEnums.cs","1385"
"plugin-model","AllEnums.属性标识Type","duration","448","448","plugin-source/v10-source-restoration-lk/AllEnums.cs","1386"
"plugin-model","AllEnums.属性标识Type","mstunt_rate","657","657","plugin-source/v10-source-restoration-lk/AllEnums.cs","1387"
"plugin-model","AllEnums.属性标识Type","ignore_mstunt_rate","658","658","plugin-source/v10-source-restoration-lk/AllEnums.cs","1388"
"plugin-model","AllEnums.属性标识Type","resist_shenszg","665","665","plugin-source/v10-source-restoration-lk/AllEnums.cs","1389"
"plugin-model","AllEnums.属性标识Type","resist_youszs","666","666","plugin-source/v10-source-restoration-lk/AllEnums.cs","1390"
"plugin-model","AllEnums.属性标识Type","resist_shemyj","667","667","plugin-source/v10-source-restoration-lk/AllEnums.cs","1391"
"plugin-model","AllEnums.属性标识Type","resist_fanzqk","668","668","plugin-source/v10-source-restoration-lk/AllEnums.cs","1392"
"plugin-model","AllEnums.属性标识Type","resist_mantxw","669","669","plugin-source/v10-source-restoration-lk/AllEnums.cs","1393"
"plugin-model","AllEnums.属性标识Type","ignore_phy_absorb","692","692","plugin-source/v10-source-restoration-lk/AllEnums.cs","1394"
"plugin-model","AllEnums.属性标识Type","base_dodge","695","695","plugin-source/v10-source-restoration-lk/AllEnums.cs","1395"
"plugin-model","AllEnums.属性标识Type","resist_repress","696","696","plugin-source/v10-source-restoration-lk/AllEnums.cs","1396"
"plugin-model","AllEnums.属性标识Type","resist_melt","697","697","plugin-source/v10-source-restoration-lk/AllEnums.cs","1397"
"plugin-model","AllEnums.属性标识Type","resist_cage","698","698","plugin-source/v10-source-restoration-lk/AllEnums.cs","1398"
"plugin-model","AllEnums.属性标识Type","resist_lock","699","699","plugin-source/v10-source-restoration-lk/AllEnums.cs","1399"
"plugin-model","AllEnums.属性标识Type","resist_lost","700","700","plugin-source/v10-source-restoration-lk/AllEnums.cs","1400"
"plugin-model","AllEnums.属性标识Type","ignore_resist_repress","701","701","plugin-source/v10-source-restoration-lk/AllEnums.cs","1401"
"plugin-model","AllEnums.属性标识Type","ignore_resist_melt","702","702","plugin-source/v10-source-restoration-lk/AllEnums.cs","1402"
"plugin-model","AllEnums.属性标识Type","ignore_resist_cage","703","703","plugin-source/v10-source-restoration-lk/AllEnums.cs","1403"
"plugin-model","AllEnums.属性标识Type","ignore_resist_lock","704","704","plugin-source/v10-source-restoration-lk/AllEnums.cs","1404"
"plugin-model","AllEnums.属性标识Type","ignore_resist_lost","705","705","plugin-source/v10-source-restoration-lk/AllEnums.cs","1405"
"plugin-model","AllEnums.属性标识Type","release_repress","706","706","plugin-source/v10-source-restoration-lk/AllEnums.cs","1406"
"plugin-model","AllEnums.属性标识Type","release_melt","707","707","plugin-source/v10-source-restoration-lk/AllEnums.cs","1407"
"plugin-model","AllEnums.属性标识Type","release_cage","708","708","plugin-source/v10-source-restoration-lk/AllEnums.cs","1408"
"plugin-model","AllEnums.属性标识Type","release_lock","709","709","plugin-source/v10-source-restoration-lk/AllEnums.cs","1409"
"plugin-model","AllEnums.属性标识Type","release_lost","710","710","plugin-source/v10-source-restoration-lk/AllEnums.cs","1410"
"plugin-model","AllEnums.属性标识Type","super_repress","711","711","plugin-source/v10-source-restoration-lk/AllEnums.cs","1411"
"plugin-model","AllEnums.属性标识Type","super_melt","712","712","plugin-source/v10-source-restoration-lk/AllEnums.cs","1412"
"plugin-model","AllEnums.属性标识Type","super_cage","713","713","plugin-source/v10-source-restoration-lk/AllEnums.cs","1413"
"plugin-model","AllEnums.属性标识Type","super_lock","714","714","plugin-source/v10-source-restoration-lk/AllEnums.cs","1414"
"plugin-model","AllEnums.属性标识Type","super_lost","715","715","plugin-source/v10-source-restoration-lk/AllEnums.cs","1415"
"plugin-model","AllEnums.属性标识Type","gb_chuqby","766","766","plugin-source/v10-source-restoration-lk/AllEnums.cs","1416"
"plugin-model","AllEnums.属性标识Type","gb_wufwt","767","767","plugin-source/v10-source-restoration-lk/AllEnums.cs","1417"
"plugin-model","AllEnums.属性标识Type","gb_fuzzl","768","768","plugin-source/v10-source-restoration-lk/AllEnums.cs","1418"
"plugin-model","AllEnums.属性标识Type","gb_chongs","769","769","plugin-source/v10-source-restoration-lk/AllEnums.cs","1419"
"plugin-model","AllEnums.大写Type","零","","0","plugin-source/v10-source-restoration-lk/AllEnums.cs","1424"
"plugin-model","AllEnums.大写Type","一","","1","plugin-source/v10-source-restoration-lk/AllEnums.cs","1425"
"plugin-model","AllEnums.大写Type","二","","2","plugin-source/v10-source-restoration-lk/AllEnums.cs","1426"
"plugin-model","AllEnums.大写Type","三","","3","plugin-source/v10-source-restoration-lk/AllEnums.cs","1427"
"plugin-model","AllEnums.大写Type","四","","4","plugin-source/v10-source-restoration-lk/AllEnums.cs","1428"
"plugin-model","AllEnums.大写Type","五","","5","plugin-source/v10-source-restoration-lk/AllEnums.cs","1429"
"plugin-model","AllEnums.大写Type","六","","6","plugin-source/v10-source-restoration-lk/AllEnums.cs","1430"
"plugin-model","AllEnums.大写Type","七","","7","plugin-source/v10-source-restoration-lk/AllEnums.cs","1431"
"plugin-model","AllEnums.大写Type","八","","8","plugin-source/v10-source-restoration-lk/AllEnums.cs","1432"
"plugin-model","AllEnums.大写Type","九","","9","plugin-source/v10-source-restoration-lk/AllEnums.cs","1433"
"plugin-model","AllEnums.大写Type","十","","10","plugin-source/v10-source-restoration-lk/AllEnums.cs","1434"
"plugin-model","AllEnums.物品重组Tpye","无","","0","plugin-source/v10-source-restoration-lk/AllEnums.cs","1439"
"plugin-model","AllEnums.物品重组Tpye","浮生化身","","1","plugin-source/v10-source-restoration-lk/AllEnums.cs","1440"
"plugin-model","AllEnums.物品重组Tpye","宠物使用","","2","plugin-source/v10-source-restoration-lk/AllEnums.cs","1441"
"plugin-model","AllEnums.物品重组Tpye","不可使用","","3","plugin-source/v10-source-restoration-lk/AllEnums.cs","1442"
"plugin-model","AllEnums.精炼属性Type","无","0","0","plugin-source/v10-source-restoration-lk/AllEnums.cs","1447"
"plugin-model","AllEnums.精炼属性Type","蓝属性","514","514","plugin-source/v10-source-restoration-lk/AllEnums.cs","1448"
"plugin-model","AllEnums.精炼属性Type","粉属性","770","770","plugin-source/v10-source-restoration-lk/AllEnums.cs","1449"
"plugin-model","AllEnums.精炼属性Type","黄属性","3074","3074","plugin-source/v10-source-restoration-lk/AllEnums.cs","1450"
"plugin-model","AllEnums.精炼属性Type","绿属性","1026","1026","plugin-source/v10-source-restoration-lk/AllEnums.cs","1451"
"plugin-model","AllEnums.精炼属性Type","封印属性","3330","3330","plugin-source/v10-source-restoration-lk/AllEnums.cs","1452"
"plugin-model","AllEnums.精炼属性Type","改造属性","2562","2562","plugin-source/v10-source-restoration-lk/AllEnums.cs","1453"
"plugin-model","AllEnums.发送数据Type","道具","","0","plugin-source/v10-source-restoration-lk/AllEnums.cs","1458"
"plugin-model","AllEnums.发送数据Type","宠物","","1","plugin-source/v10-source-restoration-lk/AllEnums.cs","1459"
"plugin-model","AllEnums.发送数据Type","坐骑","","2","plugin-source/v10-source-restoration-lk/AllEnums.cs","1460"
"plugin-model","AllEnums.发送数据Type","数值","","3","plugin-source/v10-source-restoration-lk/AllEnums.cs","1461"
"plugin-model","AllEnums.发送数据Type","累充点","","4","plugin-source/v10-source-restoration-lk/AllEnums.cs","1462"
"plugin-model","AllEnums.发送数据Type","南极点","","5","plugin-source/v10-source-restoration-lk/AllEnums.cs","1463"
"plugin-model","AllEnums.发送数据Type","奇宝点","","6","plugin-source/v10-source-restoration-lk/AllEnums.cs","1464"
"plugin-model","AllEnums.发送数据Type","灵气值","","7","plugin-source/v10-source-restoration-lk/AllEnums.cs","1465"
"plugin-model","AllEnums.发送数据Type","金元宝","","8","plugin-source/v10-source-restoration-lk/AllEnums.cs","1466"
"plugin-model","AllEnums.发送数据Type","银元宝","","9","plugin-source/v10-source-restoration-lk/AllEnums.cs","1467"
"plugin-model","AllEnums.发送数据Type","金银元宝","","10","plugin-source/v10-source-restoration-lk/AllEnums.cs","1468"
"plugin-model","AllEnums.发送数据Type","论道点","","11","plugin-source/v10-source-restoration-lk/AllEnums.cs","1469"
"plugin-model","AllEnums.特效类型Type","无","0","0","plugin-source/v10-source-restoration-lk/AllEnums.cs","1474"
"plugin-model","AllEnums.特效类型Type","所有相性增幅","221","221","plugin-source/v10-source-restoration-lk/AllEnums.cs","1475"
"plugin-model","AllEnums.特效类型Type","五行不入","222","222","plugin-source/v10-source-restoration-lk/AllEnums.cs","1476"
"plugin-model","AllEnums.特效类型Type","万法不侵","223","223","plugin-source/v10-source-restoration-lk/AllEnums.cs","1477"
"plugin-model","AllEnums.特效类型Type","抗性穿透","168","168","plugin-source/v10-source-restoration-lk/AllEnums.cs","1478"
"plugin-model","AllEnums.特效类型Type","障碍穿透","169","169","plugin-source/v10-source-restoration-lk/AllEnums.cs","1479"
"plugin-model","AllEnums.特效类型Type","所有技能增幅","224","224","plugin-source/v10-source-restoration-lk/AllEnums.cs","1480"
"plugin-model","AllEnums.特效类型Type","力量增幅","2","2","plugin-source/v10-source-restoration-lk/AllEnums.cs","1481"
"plugin-model","AllEnums.特效类型Type","灵力增幅","9","9","plugin-source/v10-source-restoration-lk/AllEnums.cs","1482"
"plugin-model","AllEnums.特效类型Type","体质增幅","5","5","plugin-source/v10-source-restoration-lk/AllEnums.cs","1483"
"plugin-model","AllEnums.特效类型Type","敏捷增幅","13","13","plugin-source/v10-source-restoration-lk/AllEnums.cs","1484"
"plugin-model","AllEnums.特效类型Type","金相增幅","45","45","plugin-source/v10-source-restoration-lk/AllEnums.cs","1485"
"plugin-model","AllEnums.特效类型Type","木相增幅","46","46","plugin-source/v10-source-restoration-lk/AllEnums.cs","1486"
"plugin-model","AllEnums.特效类型Type","水相增幅","47","47","plugin-source/v10-source-restoration-lk/AllEnums.cs","1487"
"plugin-model","AllEnums.特效类型Type","火相增幅","48","48","plugin-source/v10-source-restoration-lk/AllEnums.cs","1488"
"plugin-model","AllEnums.特效类型Type","土相增幅","49","49","plugin-source/v10-source-restoration-lk/AllEnums.cs","1489"
"plugin-model","AllEnums.特效类型Type","金抗增幅","50","50","plugin-source/v10-source-restoration-lk/AllEnums.cs","1490"
"plugin-model","AllEnums.特效类型Type","木抗增幅","51","51","plugin-source/v10-source-restoration-lk/AllEnums.cs","1491"
"plugin-model","AllEnums.特效类型Type","水抗增幅","52","52","plugin-source/v10-source-restoration-lk/AllEnums.cs","1492"
"plugin-model","AllEnums.特效类型Type","火抗增幅","53","53","plugin-source/v10-source-restoration-lk/AllEnums.cs","1493"
"plugin-model","AllEnums.特效类型Type","土抗增幅","54","54","plugin-source/v10-source-restoration-lk/AllEnums.cs","1494"
"plugin-model","AllEnums.特效类型Type","金抗穿透","126","126","plugin-source/v10-source-restoration-lk/AllEnums.cs","1495"
"plugin-model","AllEnums.特效类型Type","木抗穿透","127","127","plugin-source/v10-source-restoration-lk/AllEnums.cs","1496"
"plugin-model","AllEnums.特效类型Type","水抗穿透","128","128","plugin-source/v10-source-restoration-lk/AllEnums.cs","1497"
"plugin-model","AllEnums.特效类型Type","火抗穿透","129","129","plugin-source/v10-source-restoration-lk/AllEnums.cs","1498"
"plugin-model","AllEnums.特效类型Type","土抗穿透","130","130","plugin-source/v10-source-restoration-lk/AllEnums.cs","1499"
"plugin-model","AllEnums.特效类型Type","抗遗忘增幅","59","59","plugin-source/v10-source-restoration-lk/AllEnums.cs","1500"
"plugin-model","AllEnums.特效类型Type","抗中毒增幅","56","56","plugin-source/v10-source-restoration-lk/AllEnums.cs","1501"
"plugin-model","AllEnums.特效类型Type","抗冰冻增幅","57","57","plugin-source/v10-source-restoration-lk/AllEnums.cs","1502"
"plugin-model","AllEnums.特效类型Type","抗昏睡增幅","58","58","plugin-source/v10-source-restoration-lk/AllEnums.cs","1503"
"plugin-model","AllEnums.特效类型Type","抗混乱增幅","60","60","plugin-source/v10-source-restoration-lk/AllEnums.cs","1504"
"plugin-model","AllEnums.特效类型Type","抗镇魂增幅","696","696","plugin-source/v10-source-restoration-lk/AllEnums.cs","1505"
"plugin-model","AllEnums.特效类型Type","抗化功增幅","697","697","plugin-source/v10-source-restoration-lk/AllEnums.cs","1506"
"plugin-model","AllEnums.特效类型Type","抗水牢增幅","698","698","plugin-source/v10-source-restoration-lk/AllEnums.cs","1507"
"plugin-model","AllEnums.特效类型Type","抗锁灵增幅","699","699","plugin-source/v10-source-restoration-lk/AllEnums.cs","1508"
"plugin-model","AllEnums.特效类型Type","抗迷心增幅","700","700","plugin-source/v10-source-restoration-lk/AllEnums.cs","1509"
"plugin-model","AllEnums.特效类型Type","抗遗忘穿透","131","131","plugin-source/v10-source-restoration-lk/AllEnums.cs","1510"
"plugin-model","AllEnums.特效类型Type","抗中毒穿透","132","132","plugin-source/v10-source-restoration-lk/AllEnums.cs","1511"
"plugin-model","AllEnums.特效类型Type","抗冰冻穿透","133","133","plugin-source/v10-source-restoration-lk/AllEnums.cs","1512"
"plugin-model","AllEnums.特效类型Type","抗昏睡穿透","134","134","plugin-source/v10-source-restoration-lk/AllEnums.cs","1513"
"plugin-model","AllEnums.特效类型Type","抗混乱穿透","135","135","plugin-source/v10-source-restoration-lk/AllEnums.cs","1514"
"plugin-model","AllEnums.特效类型Type","抗镇魂穿透","701","701","plugin-source/v10-source-restoration-lk/AllEnums.cs","1515"
"plugin-model","AllEnums.特效类型Type","抗化功穿透","702","702","plugin-source/v10-source-restoration-lk/AllEnums.cs","1516"
"plugin-model","AllEnums.特效类型Type","抗水牢穿透","703","703","plugin-source/v10-source-restoration-lk/AllEnums.cs","1517"
"plugin-model","AllEnums.特效类型Type","抗锁灵穿透","704","704","plugin-source/v10-source-restoration-lk/AllEnums.cs","1518"
"plugin-model","AllEnums.特效类型Type","抗迷心穿透","705","705","plugin-source/v10-source-restoration-lk/AllEnums.cs","1519"
"plugin-model","AllEnums.特效类型Type","金之大道领悟","149","149","plugin-source/v10-source-restoration-lk/AllEnums.cs","1520"
"plugin-model","AllEnums.特效类型Type","木之大道领悟","150","150","plugin-source/v10-source-restoration-lk/AllEnums.cs","1521"
"plugin-model","AllEnums.特效类型Type","水之大道领悟","151","151","plugin-source/v10-source-restoration-lk/AllEnums.cs","1522"
"plugin-model","AllEnums.特效类型Type","火之大道领悟","152","152","plugin-source/v10-source-restoration-lk/AllEnums.cs","1523"
"plugin-model","AllEnums.特效类型Type","土之大道领悟","153","153","plugin-source/v10-source-restoration-lk/AllEnums.cs","1524"
"plugin-model","AllEnums.特效类型Type","力之大道领悟","405","405","plugin-source/v10-source-restoration-lk/AllEnums.cs","1525"
"plugin-model","AllEnums.特效类型Type","金之大道克制","136","136","plugin-source/v10-source-restoration-lk/AllEnums.cs","1526"
"plugin-model","AllEnums.特效类型Type","木之大道克制","137","137","plugin-source/v10-source-restoration-lk/AllEnums.cs","1527"
"plugin-model","AllEnums.特效类型Type","水之大道克制","138","138","plugin-source/v10-source-restoration-lk/AllEnums.cs","1528"
"plugin-model","AllEnums.特效类型Type","火之大道克制","139","139","plugin-source/v10-source-restoration-lk/AllEnums.cs","1529"
"plugin-model","AllEnums.特效类型Type","土之大道克制","140","140","plugin-source/v10-source-restoration-lk/AllEnums.cs","1530"
"plugin-model","AllEnums.特效类型Type","遗忘大道领悟","146","146","plugin-source/v10-source-restoration-lk/AllEnums.cs","1531"
"plugin-model","AllEnums.特效类型Type","中毒大道领悟","144","144","plugin-source/v10-source-restoration-lk/AllEnums.cs","1532"
"plugin-model","AllEnums.特效类型Type","冰冻大道领悟","148","148","plugin-source/v10-source-restoration-lk/AllEnums.cs","1533"
"plugin-model","AllEnums.特效类型Type","昏睡大道领悟","145","145","plugin-source/v10-source-restoration-lk/AllEnums.cs","1534"
"plugin-model","AllEnums.特效类型Type","混乱大道领悟","147","147","plugin-source/v10-source-restoration-lk/AllEnums.cs","1535"
"plugin-model","AllEnums.特效类型Type","镇魂大道领悟","711","711","plugin-source/v10-source-restoration-lk/AllEnums.cs","1536"
"plugin-model","AllEnums.特效类型Type","化功大道领悟","712","712","plugin-source/v10-source-restoration-lk/AllEnums.cs","1537"
"plugin-model","AllEnums.特效类型Type","水牢大道领悟","713","713","plugin-source/v10-source-restoration-lk/AllEnums.cs","1538"
"plugin-model","AllEnums.特效类型Type","锁灵大道领悟","714","714","plugin-source/v10-source-restoration-lk/AllEnums.cs","1539"
"plugin-model","AllEnums.特效类型Type","迷心大道领悟","715","715","plugin-source/v10-source-restoration-lk/AllEnums.cs","1540"
"plugin-model","AllEnums.特效类型Type","遗忘清洗术","170","170","plugin-source/v10-source-restoration-lk/AllEnums.cs","1541"
"plugin-model","AllEnums.特效类型Type","中毒清洗术","171","171","plugin-source/v10-source-restoration-lk/AllEnums.cs","1542"
"plugin-model","AllEnums.特效类型Type","冰冻清洗术","172","172","plugin-source/v10-source-restoration-lk/AllEnums.cs","1543"
"plugin-model","AllEnums.特效类型Type","昏睡清洗术","173","173","plugin-source/v10-source-restoration-lk/AllEnums.cs","1544"
"plugin-model","AllEnums.特效类型Type","混乱清洗术","174","174","plugin-source/v10-source-restoration-lk/AllEnums.cs","1545"
"plugin-model","AllEnums.特效类型Type","镇魂清洗术","706","706","plugin-source/v10-source-restoration-lk/AllEnums.cs","1546"
"plugin-model","AllEnums.特效类型Type","化功清洗术","707","707","plugin-source/v10-source-restoration-lk/AllEnums.cs","1547"
"plugin-model","AllEnums.特效类型Type","水牢清洗术","708","708","plugin-source/v10-source-restoration-lk/AllEnums.cs","1548"
"plugin-model","AllEnums.特效类型Type","锁灵清洗术","709","709","plugin-source/v10-source-restoration-lk/AllEnums.cs","1549"
"plugin-model","AllEnums.特效类型Type","迷心清洗术","710","710","plugin-source/v10-source-restoration-lk/AllEnums.cs","1550"
"plugin-model","AllEnums.特效类型Type","金光乍现反击","155","155","plugin-source/v10-source-restoration-lk/AllEnums.cs","1551"
"plugin-model","AllEnums.特效类型Type","摘叶飞花反击","156","156","plugin-source/v10-source-restoration-lk/AllEnums.cs","1552"
"plugin-model","AllEnums.特效类型Type","滴水穿石反击","157","157","plugin-source/v10-source-restoration-lk/AllEnums.cs","1553"
"plugin-model","AllEnums.特效类型Type","举火焚天反击","158","158","plugin-source/v10-source-restoration-lk/AllEnums.cs","1554"
"plugin-model","AllEnums.特效类型Type","落土飞岩反击","159","159","plugin-source/v10-source-restoration-lk/AllEnums.cs","1555"
"plugin-model","AllEnums.特效类型Type","神圣阻击","665","665","plugin-source/v10-source-restoration-lk/AllEnums.cs","1556"
"plugin-model","AllEnums.特效类型Type","游说阻击","666","666","plugin-source/v10-source-restoration-lk/AllEnums.cs","1557"
"plugin-model","AllEnums.特效类型Type","舍命阻击","667","667","plugin-source/v10-source-restoration-lk/AllEnums.cs","1558"
"plugin-model","AllEnums.特效类型Type","翻转阻击","668","668","plugin-source/v10-source-restoration-lk/AllEnums.cs","1559"
"plugin-model","AllEnums.特效类型Type","漫天阻击","669","669","plugin-source/v10-source-restoration-lk/AllEnums.cs","1560"
"plugin-model","AllEnums.特效类型Type","物理必杀","79","79","plugin-source/v10-source-restoration-lk/AllEnums.cs","1561"
"plugin-model","AllEnums.特效类型Type","法术必杀","657","657","plugin-source/v10-source-restoration-lk/AllEnums.cs","1562"
"plugin-model","AllEnums.特效类型Type","高级反击","77","77","plugin-source/v10-source-restoration-lk/AllEnums.cs","1563"
"plugin-model","AllEnums.特效类型Type","高级连击","78","78","plugin-source/v10-source-restoration-lk/AllEnums.cs","1564"
"plugin-model","AllEnums.特效类型Type","伤敌一百","80","80","plugin-source/v10-source-restoration-lk/AllEnums.cs","1565"
"plugin-model","AllEnums.特效类型Type","高级反震","85","85","plugin-source/v10-source-restoration-lk/AllEnums.cs","1566"
"plugin-model","AllEnums.特效类型Type","防御击破","110","110","plugin-source/v10-source-restoration-lk/AllEnums.cs","1567"
"plugin-model","AllEnums.特效类型Type","高级破防","117","117","plugin-source/v10-source-restoration-lk/AllEnums.cs","1568"
"plugin-model","AllEnums.特效类型Type","魔高一丈","238","238","plugin-source/v10-source-restoration-lk/AllEnums.cs","1569"
"plugin-model","AllEnums.特效类型Type","道高一尺","239","239","plugin-source/v10-source-restoration-lk/AllEnums.cs","1570"
"plugin-model","AllEnums.特效类型Type","连击压制","331","331","plugin-source/v10-source-restoration-lk/AllEnums.cs","1571"
"plugin-model","AllEnums.特效类型Type","物必压制","332","332","plugin-source/v10-source-restoration-lk/AllEnums.cs","1572"
"plugin-model","AllEnums.特效类型Type","法必压制","658","658","plugin-source/v10-source-restoration-lk/AllEnums.cs","1573"
"plugin-model","AllEnums.特效类型Type","高级闪避","695","695","plugin-source/v10-source-restoration-lk/AllEnums.cs","1574"
"plugin-model","AllEnums.特效类型Type","高级准确","4","4","plugin-source/v10-source-restoration-lk/AllEnums.cs","1575"
"plugin-model","AllEnums.特效类型Type","势如破竹","234","234","plugin-source/v10-source-restoration-lk/AllEnums.cs","1576"
"plugin-model","AllEnums.特效类型Type","身似游龙","154","154","plugin-source/v10-source-restoration-lk/AllEnums.cs","1577"
"plugin-model","AllEnums.特效类型Type","高级命中","356","356","plugin-source/v10-source-restoration-lk/AllEnums.cs","1578"
"plugin-model","AllEnums.日常类型Type","无","","0","plugin-source/v10-source-restoration-lk/AllEnums.cs","1583"
"plugin-model","AllEnums.日常类型Type","助人为乐","","1","plugin-source/v10-source-restoration-lk/AllEnums.cs","1584"
"plugin-model","AllEnums.日常类型Type","师门任务","","2","plugin-source/v10-source-restoration-lk/AllEnums.cs","1585"
"plugin-model","AllEnums.日常类型Type","刷道任务","","3","plugin-source/v10-source-restoration-lk/AllEnums.cs","1586"
"plugin-model","AllEnums.日常类型Type","八仙梦境","","4","plugin-source/v10-source-restoration-lk/AllEnums.cs","1587"
"plugin-model","AllEnums.日常类型Type","悬赏令","","5","plugin-source/v10-source-restoration-lk/AllEnums.cs","1588"
"plugin-model","AllEnums.日常类型Type","十绝阵","","6","plugin-source/v10-source-restoration-lk/AllEnums.cs","1589"
"plugin-model","AllEnums.日常类型Type","修行任务","","7","plugin-source/v10-source-restoration-lk/AllEnums.cs","1590"
"plugin-model","AllEnums.日常类型Type","仙人指路","","8","plugin-source/v10-source-restoration-lk/AllEnums.cs","1591"
"plugin-model","AllEnums.日常类型Type","寻仙任务","","9","plugin-source/v10-source-restoration-lk/AllEnums.cs","1592"
"plugin-model","AllEnums.日常类型Type","八阵图","","10","plugin-source/v10-source-restoration-lk/AllEnums.cs","1593"
"plugin-model","AllEnums.日常类型Type","跑环任务","","11","plugin-source/v10-source-restoration-lk/AllEnums.cs","1594"
"plugin-model","AllEnums.日常类型Type","副本挑战","","12","plugin-source/v10-source-restoration-lk/AllEnums.cs","1595"
"plugin-model","AllEnums.日常类型Type","昆仑神镜","","13","plugin-source/v10-source-restoration-lk/AllEnums.cs","1596"
"plugin-model","AllEnums.任务星级Type","空","-1","-1","plugin-source/v10-source-restoration-lk/AllEnums.cs","1601"
"plugin-model","AllEnums.任务星级Type","通用","","0","plugin-source/v10-source-restoration-lk/AllEnums.cs","1602"
"plugin-model","AllEnums.任务星级Type","一星","","1","plugin-source/v10-source-restoration-lk/AllEnums.cs","1603"
"plugin-model","AllEnums.任务星级Type","二星","","2","plugin-source/v10-source-restoration-lk/AllEnums.cs","1604"
"plugin-model","AllEnums.技能品阶Type","无","","0","plugin-source/v10-source-restoration-lk/AllEnums.cs","1609"
"plugin-model","AllEnums.技能品阶Type","门派遁术","","1","plugin-source/v10-source-restoration-lk/AllEnums.cs","1610"
"plugin-model","AllEnums.技能品阶Type","一阶攻击","","2","plugin-source/v10-source-restoration-lk/AllEnums.cs","1611"
"plugin-model","AllEnums.技能品阶Type","二阶攻击","","3","plugin-source/v10-source-restoration-lk/AllEnums.cs","1612"
"plugin-model","AllEnums.技能品阶Type","三阶攻击","","4","plugin-source/v10-source-restoration-lk/AllEnums.cs","1613"
"plugin-model","AllEnums.技能品阶Type","四阶攻击","","5","plugin-source/v10-source-restoration-lk/AllEnums.cs","1614"
"plugin-model","AllEnums.技能品阶Type","五阶攻击","","6","plugin-source/v10-source-restoration-lk/AllEnums.cs","1615"
"plugin-model","AllEnums.技能品阶Type","一阶障碍","","7","plugin-source/v10-source-restoration-lk/AllEnums.cs","1616"
"plugin-model","AllEnums.技能品阶Type","二阶障碍","","8","plugin-source/v10-source-restoration-lk/AllEnums.cs","1617"
"plugin-model","AllEnums.技能品阶Type","三阶障碍","","9","plugin-source/v10-source-restoration-lk/AllEnums.cs","1618"
"plugin-model","AllEnums.技能品阶Type","四阶障碍","","10","plugin-source/v10-source-restoration-lk/AllEnums.cs","1619"
"plugin-model","AllEnums.技能品阶Type","五阶障碍","","11","plugin-source/v10-source-restoration-lk/AllEnums.cs","1620"
"plugin-model","AllEnums.技能品阶Type","一阶辅助","","12","plugin-source/v10-source-restoration-lk/AllEnums.cs","1621"
"plugin-model","AllEnums.技能品阶Type","二阶辅助","","13","plugin-source/v10-source-restoration-lk/AllEnums.cs","1622"
"plugin-model","AllEnums.技能品阶Type","三阶辅助","","14","plugin-source/v10-source-restoration-lk/AllEnums.cs","1623"
"plugin-model","AllEnums.技能品阶Type","四阶辅助","","15","plugin-source/v10-source-restoration-lk/AllEnums.cs","1624"
"plugin-model","AllEnums.技能品阶Type","五阶辅助","","16","plugin-source/v10-source-restoration-lk/AllEnums.cs","1625"
"plugin-model","AllEnums.技能品阶Type","一阶飞升","","17","plugin-source/v10-source-restoration-lk/AllEnums.cs","1626"
"plugin-model","AllEnums.技能品阶Type","二阶飞升","","18","plugin-source/v10-source-restoration-lk/AllEnums.cs","1627"
"plugin-model","AllEnums.技能品阶Type","三阶飞升","","19","plugin-source/v10-source-restoration-lk/AllEnums.cs","1628"
"plugin-model","AllEnums.技能品阶Type","四阶飞升","","20","plugin-source/v10-source-restoration-lk/AllEnums.cs","1629"
"plugin-model","AllEnums.元神境界","凡人境","","0","plugin-source/v10-source-restoration-lk/AllEnums.cs","1634"
"plugin-model","AllEnums.元神境界","练气境","","1","plugin-source/v10-source-restoration-lk/AllEnums.cs","1635"
"plugin-model","AllEnums.元神境界","筑基境","","2","plugin-source/v10-source-restoration-lk/AllEnums.cs","1636"
"plugin-model","AllEnums.元神境界","金丹境","","3","plugin-source/v10-source-restoration-lk/AllEnums.cs","1637"
"plugin-model","AllEnums.元神境界","元婴境","","4","plugin-source/v10-source-restoration-lk/AllEnums.cs","1638"
"plugin-model","AllEnums.元神境界","化神境","","5","plugin-source/v10-source-restoration-lk/AllEnums.cs","1639"
"plugin-model","AllEnums.元神境界","炼虚境","","6","plugin-source/v10-source-restoration-lk/AllEnums.cs","1640"
"plugin-model","AllEnums.元神境界","合体境","","7","plugin-source/v10-source-restoration-lk/AllEnums.cs","1641"
"plugin-model","AllEnums.元神境界","渡劫境","","8","plugin-source/v10-source-restoration-lk/AllEnums.cs","1642"
"plugin-model","AllEnums.元神境界","大乘境","","9","plugin-source/v10-source-restoration-lk/AllEnums.cs","1643"
"plugin-model","AllEnums.元神境界","真仙境","","10","plugin-source/v10-source-restoration-lk/AllEnums.cs","1644"
"plugin-model","AllEnums.真灵境界","天仙境","11","11","plugin-source/v10-source-restoration-lk/AllEnums.cs","1649"
"plugin-model","AllEnums.真灵境界","玄仙境","","12","plugin-source/v10-source-restoration-lk/AllEnums.cs","1650"
"plugin-model","AllEnums.真灵境界","金仙境","","13","plugin-source/v10-source-restoration-lk/AllEnums.cs","1651"
"plugin-model","AllEnums.真灵境界","仙君境","","14","plugin-source/v10-source-restoration-lk/AllEnums.cs","1652"
"plugin-model","AllEnums.真灵境界","仙王境","","15","plugin-source/v10-source-restoration-lk/AllEnums.cs","1653"
"plugin-model","AllEnums.真灵境界","仙皇境","","16","plugin-source/v10-source-restoration-lk/AllEnums.cs","1654"
"plugin-model","AllEnums.真灵境界","仙帝境","","17","plugin-source/v10-source-restoration-lk/AllEnums.cs","1655"
"plugin-model","AllEnums.真灵境界","圣人境","","18","plugin-source/v10-source-restoration-lk/AllEnums.cs","1656"
"plugin-model","AllEnums.真灵境界","天道境","","19","plugin-source/v10-source-restoration-lk/AllEnums.cs","1657"
"plugin-model","AllEnums.真灵境界","大道境","","20","plugin-source/v10-source-restoration-lk/AllEnums.cs","1658"
"plugin-model","AllEnums.项目类型","无","","0","plugin-source/v10-source-restoration-lk/AllEnums.cs","1663"
"plugin-model","AllEnums.项目类型","系统充值","","1","plugin-source/v10-source-restoration-lk/AllEnums.cs","1664"
"plugin-model","AllEnums.项目类型","奇宝充值","","2","plugin-source/v10-source-restoration-lk/AllEnums.cs","1665"
"plugin-model","AllEnums.项目类型","奇宝购买","","3","plugin-source/v10-source-restoration-lk/AllEnums.cs","1666"
"plugin-model","AllEnums.项目类型","天机神算","","4","plugin-source/v10-source-restoration-lk/AllEnums.cs","1667"
"plugin-model","AllEnums.项目类型","发卡抽奖","","5","plugin-source/v10-source-restoration-lk/AllEnums.cs","1668"
"plugin-model","AllEnums.项目类型","其他购买","","6","plugin-source/v10-source-restoration-lk/AllEnums.cs","1669"
"plugin-model","AllEnums.支付类型","无","","0","plugin-source/v10-source-restoration-lk/AllEnums.cs","1674"
"plugin-model","AllEnums.支付类型","alipay","","1","plugin-source/v10-source-restoration-lk/AllEnums.cs","1675"
"plugin-model","AllEnums.支付类型","wxpay","","2","plugin-source/v10-source-restoration-lk/AllEnums.cs","1676"
"plugin-model","AllEnums.支付类型","qqpay","","3","plugin-source/v10-source-restoration-lk/AllEnums.cs","1677"
"plugin-model","AllEnums.支付类型","bank","","4","plugin-source/v10-source-restoration-lk/AllEnums.cs","1678"
"plugin-model","AllEnums.支付类型","jdpay","","5","plugin-source/v10-source-restoration-lk/AllEnums.cs","1679"
"plugin-model","AllEnums.支付类型","unionpay","","6","plugin-source/v10-source-restoration-lk/AllEnums.cs","1680"
"plugin-model","AllEnums.支付类型","usdt","","7","plugin-source/v10-source-restoration-lk/AllEnums.cs","1681"
"plugin-model","AllEnums.支付类型","paypal","","8","plugin-source/v10-source-restoration-lk/AllEnums.cs","1682"
"plugin-model","AllEnums.支付类型","douyinpay","","9","plugin-source/v10-source-restoration-lk/AllEnums.cs","1683"
"plugin-model","AllEnums.支付类型名字","无","","0","plugin-source/v10-source-restoration-lk/AllEnums.cs","1688"
"plugin-model","AllEnums.支付类型名字","支付宝","","1","plugin-source/v10-source-restoration-lk/AllEnums.cs","1689"
"plugin-model","AllEnums.支付类型名字","微信","","2","plugin-source/v10-source-restoration-lk/AllEnums.cs","1690"
"plugin-model","AllEnums.支付类型名字","QQ钱包","","3","plugin-source/v10-source-restoration-lk/AllEnums.cs","1691"
"plugin-model","AllEnums.支付类型名字","网银支付","","4","plugin-source/v10-source-restoration-lk/AllEnums.cs","1692"
"plugin-model","AllEnums.支付类型名字","京东钱包","","5","plugin-source/v10-source-restoration-lk/AllEnums.cs","1693"
"plugin-model","AllEnums.支付类型名字","云闪付","","6","plugin-source/v10-source-restoration-lk/AllEnums.cs","1694"
"plugin-model","AllEnums.支付类型名字","USDT","","7","plugin-source/v10-source-restoration-lk/AllEnums.cs","1695"
"plugin-model","AllEnums.支付类型名字","Paypal","","8","plugin-source/v10-source-restoration-lk/AllEnums.cs","1696"
"plugin-model","AllEnums.支付类型名字","抖音支付","","9","plugin-source/v10-source-restoration-lk/AllEnums.cs","1697"
"plugin-model","AllEnums.菜单操作类型","无","0","0","plugin-source/v10-source-restoration-lk/AllEnums.cs","1702"
"plugin-model","AllEnums.菜单操作类型","个人_信息查询","1","1","plugin-source/v10-source-restoration-lk/AllEnums.cs","1703"
"plugin-model","AllEnums.菜单操作类型","个人_强制下线","2","2","plugin-source/v10-source-restoration-lk/AllEnums.cs","1704"
"plugin-model","AllEnums.菜单操作类型","个人_拉黑IP","3","3","plugin-source/v10-source-restoration-lk/AllEnums.cs","1705"
"plugin-model","AllEnums.菜单操作类型","个人_拉黑Mac","4","4","plugin-source/v10-source-restoration-lk/AllEnums.cs","1706"
"plugin-model","AllEnums.菜单操作类型","个人_拉黑QQ","5","5","plugin-source/v10-source-restoration-lk/AllEnums.cs","1707"
"plugin-model","AllEnums.菜单操作类型","个人_清空存档","6","6","plugin-source/v10-source-restoration-lk/AllEnums.cs","1708"
"plugin-model","AllEnums.菜单操作类型","个人_清空南极点","7","7","plugin-source/v10-source-restoration-lk/AllEnums.cs","1709"
"plugin-model","AllEnums.菜单操作类型","个人_清空累充点","8","8","plugin-source/v10-source-restoration-lk/AllEnums.cs","1710"
"plugin-model","AllEnums.菜单操作类型","个人_清空奇宝点","9","9","plugin-source/v10-source-restoration-lk/AllEnums.cs","1711"
"plugin-model","AllEnums.菜单操作类型","个人_清空金元宝","10","10","plugin-source/v10-source-restoration-lk/AllEnums.cs","1712"
"plugin-model","AllEnums.菜单操作类型","个人_清空银元宝","11","11","plugin-source/v10-source-restoration-lk/AllEnums.cs","1713"
"plugin-model","AllEnums.菜单操作类型","个人_清空定制异兽录","12","12","plugin-source/v10-source-restoration-lk/AllEnums.cs","1714"
"plugin-model","AllEnums.菜单操作类型","个人_清空定制浮生录","13","13","plugin-source/v10-source-restoration-lk/AllEnums.cs","1715"
"plugin-model","AllEnums.菜单操作类型","个人_清空定制六道轮回","14","14","plugin-source/v10-source-restoration-lk/AllEnums.cs","1716"
"plugin-model","AllEnums.菜单操作类型","个人_清空定制超级道具","15","15","plugin-source/v10-source-restoration-lk/AllEnums.cs","1717"
"plugin-model","AllEnums.菜单操作类型","个人_清空注册表数据","16","16","plugin-source/v10-source-restoration-lk/AllEnums.cs","1718"
"plugin-model","AllEnums.菜单操作类型","全区_清空全区存档","101","101","plugin-source/v10-source-restoration-lk/AllEnums.cs","1719"
"plugin-model","AllEnums.菜单操作类型","全区_清空全区南极点","102","102","plugin-source/v10-source-restoration-lk/AllEnums.cs","1720"
"plugin-model","AllEnums.菜单操作类型","全区_清空全区累充点","103","103","plugin-source/v10-source-restoration-lk/AllEnums.cs","1721"
"plugin-model","AllEnums.菜单操作类型","全区_清空全区奇宝点","104","104","plugin-source/v10-source-restoration-lk/AllEnums.cs","1722"
"plugin-model","AllEnums.菜单操作类型","全区_清空全区金元宝","105","105","plugin-source/v10-source-restoration-lk/AllEnums.cs","1723"
"plugin-model","AllEnums.菜单操作类型","全区_清空全区银元宝","106","106","plugin-source/v10-source-restoration-lk/AllEnums.cs","1724"
