"Project","Type","Method","Labels","Calls","File","Line"
"plugin-core","bDlweAW3n8LaSgX06LQ.xKp3aGWENEfI6KIHVKi","jnBWr3icOw","case AllEnums.数值Type.等级:","Singleton<WdAPI>.I.PndoGw5lW7; defaultInterpolatedStringHandler.AppendLiteral; defaultInterpolatedStringHandler.AppendFormatted; P_0.C_Send; i8.提示_提醒和杂项公告; defaultInterpolatedStringHandler.ToStringAndClear","plugin-source/v10-source-restoration/bDlweAW3n8LaSgX06LQ/xKp3aGWENEfI6KIHVKi.cs","156"
"plugin-core","bDlweAW3n8LaSgX06LQ.xKp3aGWENEfI6KIHVKi","jnBWr3icOw","case AllEnums.数值Type.道行:","Singleton<WdAPI>.I.PndoGw5lW7; P_0.C_Send; Singleton<WdAPI>.I.提示_提醒和杂项公告; Singleton<WdAPI>.I.道行转文本","plugin-source/v10-source-restoration/bDlweAW3n8LaSgX06LQ/xKp3aGWENEfI6KIHVKi.cs","167"
"plugin-core","bDlweAW3n8LaSgX06LQ.xKp3aGWENEfI6KIHVKi","jnBWr3icOw","case AllEnums.数值Type.经验:","Singleton<WdAPI>.I.PndoGw5lW7; defaultInterpolatedStringHandler.AppendLiteral; defaultInterpolatedStringHandler.AppendFormatted; P_0.C_Send; i4.提示_提醒和杂项公告; defaultInterpolatedStringHandler.ToStringAndClear","plugin-source/v10-source-restoration/bDlweAW3n8LaSgX06LQ/xKp3aGWENEfI6KIHVKi.cs","171"
"plugin-core","bDlweAW3n8LaSgX06LQ.xKp3aGWENEfI6KIHVKi","jnBWr3icOw","case AllEnums.数值Type.声望:","Singleton<WdAPI>.I.PndoGw5lW7; defaultInterpolatedStringHandler.AppendLiteral; defaultInterpolatedStringHandler.AppendFormatted; P_0.C_Send; i10.提示_提醒和杂项公告; defaultInterpolatedStringHandler.ToStringAndClear","plugin-source/v10-source-restoration/bDlweAW3n8LaSgX06LQ/xKp3aGWENEfI6KIHVKi.cs","182"
"plugin-core","bDlweAW3n8LaSgX06LQ.xKp3aGWENEfI6KIHVKi","jnBWr3icOw","case AllEnums.数值Type.战绩:","Singleton<WdAPI>.I.PndoGw5lW7; defaultInterpolatedStringHandler.AppendLiteral; defaultInterpolatedStringHandler.AppendFormatted; P_0.C_Send; i9.提示_提醒和杂项公告; defaultInterpolatedStringHandler.ToStringAndClear","plugin-source/v10-source-restoration/bDlweAW3n8LaSgX06LQ/xKp3aGWENEfI6KIHVKi.cs","193"
"plugin-core","bDlweAW3n8LaSgX06LQ.xKp3aGWENEfI6KIHVKi","jnBWr3icOw","case AllEnums.数值Type.金元宝:","DB.I.cAJNoOkab6; defaultInterpolatedStringHandler.AppendLiteral; defaultInterpolatedStringHandler.AppendFormatted; P_0.C_Send; i7.提示_提醒和杂项公告; defaultInterpolatedStringHandler.ToStringAndClear","plugin-source/v10-source-restoration/bDlweAW3n8LaSgX06LQ/xKp3aGWENEfI6KIHVKi.cs","204"
"plugin-core","bDlweAW3n8LaSgX06LQ.xKp3aGWENEfI6KIHVKi","jnBWr3icOw","case AllEnums.数值Type.银元宝:","DB.I.cAJNoOkab6; defaultInterpolatedStringHandler.AppendLiteral; defaultInterpolatedStringHandler.AppendFormatted; P_0.C_Send; i6.提示_提醒和杂项公告; defaultInterpolatedStringHandler.ToStringAndClear","plugin-source/v10-source-restoration/bDlweAW3n8LaSgX06LQ/xKp3aGWENEfI6KIHVKi.cs","215"
"plugin-core","bDlweAW3n8LaSgX06LQ.xKp3aGWENEfI6KIHVKi","jnBWr3icOw","case AllEnums.数值Type.金钱:","Singleton<WdAPI>.I.PndoGw5lW7; P_0.C_Send; Singleton<WdAPI>.I.提示_提醒和杂项公告; Singleton<WdAPI>.I.问道标准数值文本","plugin-source/v10-source-restoration/bDlweAW3n8LaSgX06LQ/xKp3aGWENEfI6KIHVKi.cs","226"
"plugin-core","bDlweAW3n8LaSgX06LQ.xKp3aGWENEfI6KIHVKi","jnBWr3icOw","case AllEnums.数值Type.累充点:","Singleton<WdAPI>.I.PndoGw5lW7; defaultInterpolatedStringHandler.AppendLiteral; defaultInterpolatedStringHandler.AppendFormatted; P_0.C_Send; i5.提示_提醒和杂项公告; defaultInterpolatedStringHandler.ToStringAndClear","plugin-source/v10-source-restoration/bDlweAW3n8LaSgX06LQ/xKp3aGWENEfI6KIHVKi.cs","230"
"plugin-core","bDlweAW3n8LaSgX06LQ.xKp3aGWENEfI6KIHVKi","jnBWr3icOw","case AllEnums.数值Type.道具:","Singleton<WdAPI>.I.PndoGw5lW7; defaultInterpolatedStringHandler.AppendLiteral; defaultInterpolatedStringHandler.AppendFormatted; P_0.C_Send; i3.提示_提醒和杂项公告; defaultInterpolatedStringHandler.ToStringAndClear","plugin-source/v10-source-restoration/bDlweAW3n8LaSgX06LQ/xKp3aGWENEfI6KIHVKi.cs","241"
"plugin-core","bDlweAW3n8LaSgX06LQ.xKp3aGWENEfI6KIHVKi","jnBWr3icOw","case AllEnums.数值Type.体力:","Singleton<WdAPI>.I.PndoGw5lW7; defaultInterpolatedStringHandler.AppendLiteral; defaultInterpolatedStringHandler.AppendFormatted; P_0.C_Send; i2.提示_提醒和杂项公告; defaultInterpolatedStringHandler.ToStringAndClear","plugin-source/v10-source-restoration/bDlweAW3n8LaSgX06LQ/xKp3aGWENEfI6KIHVKi.cs","254"
"plugin-core","bDlweAW3n8LaSgX06LQ.xKp3aGWENEfI6KIHVKi","jnBWr3icOw","case AllEnums.数值Type.南极点:","Singleton<WdAPI>.I.PndoGw5lW7; defaultInterpolatedStringHandler.AppendLiteral; defaultInterpolatedStringHandler.AppendFormatted; P_0.C_Send; i.提示_提醒和杂项公告; defaultInterpolatedStringHandler.ToStringAndClear","plugin-source/v10-source-restoration/bDlweAW3n8LaSgX06LQ/xKp3aGWENEfI6KIHVKi.cs","265"
"plugin-core","bDlweAW3n8LaSgX06LQ.xKp3aGWENEfI6KIHVKi","jnBWr3icOw","case AllEnums.数值Type.代金券:","Singleton<WdAPI>.I.PndoGw5lW7; P_0.C_Send; Singleton<WdAPI>.I.提示_提醒和杂项公告; Singleton<WdAPI>.I.问道标准数值文本","plugin-source/v10-source-restoration/bDlweAW3n8LaSgX06LQ/xKp3aGWENEfI6KIHVKi.cs","276"
"plugin-core","bDlweAW3n8LaSgX06LQ.xKp3aGWENEfI6KIHVKi","jnBWr3icOw","case AllEnums.数值Type.宠物:","Singleton<WdAPI>.I.PndoGw5lW7; P_0.C_Send; Singleton<WdAPI>.I.提示_提醒和杂项公告","plugin-source/v10-source-restoration/bDlweAW3n8LaSgX06LQ/xKp3aGWENEfI6KIHVKi.cs","280"
"plugin-core","bDlweAW3n8LaSgX06LQ.xKp3aGWENEfI6KIHVKi","jnBWr3icOw","case AllEnums.数值Type.坐骑:","Singleton<WdAPI>.I.PndoGw5lW7; P_0.C_Send; Singleton<WdAPI>.I.提示_提醒和杂项公告","plugin-source/v10-source-restoration/bDlweAW3n8LaSgX06LQ/xKp3aGWENEfI6KIHVKi.cs","284"
"plugin-core","bDlweAW3n8LaSgX06LQ.xKp3aGWENEfI6KIHVKi","jnBWr3icOw","case AllEnums.数值Type.气血上限:","","plugin-source/v10-source-restoration/bDlweAW3n8LaSgX06LQ/xKp3aGWENEfI6KIHVKi.cs","288"
"plugin-core","bDlweAW3n8LaSgX06LQ.xKp3aGWENEfI6KIHVKi","jnBWr3icOw","case AllEnums.数值Type.等级:","Singleton<WdAPI>.I.PndoGw5lW7; defaultInterpolatedStringHandler.AppendLiteral; defaultInterpolatedStringHandler.AppendFormatted; P_0.C_Send; i18.提示_提醒和杂项公告; defaultInterpolatedStringHandler.ToStringAndClear","plugin-source/v10-source-restoration/bDlweAW3n8LaSgX06LQ/xKp3aGWENEfI6KIHVKi.cs","306"
"plugin-core","bDlweAW3n8LaSgX06LQ.xKp3aGWENEfI6KIHVKi","jnBWr3icOw","case AllEnums.数值Type.道行:","Singleton<WdAPI>.I.PndoGw5lW7; P_0.C_Send; Singleton<WdAPI>.I.提示_提醒和杂项公告; Singleton<WdAPI>.I.道行转文本","plugin-source/v10-source-restoration/bDlweAW3n8LaSgX06LQ/xKp3aGWENEfI6KIHVKi.cs","317"
"plugin-core","bDlweAW3n8LaSgX06LQ.xKp3aGWENEfI6KIHVKi","jnBWr3icOw","case AllEnums.数值Type.经验:","Singleton<WdAPI>.I.PndoGw5lW7; defaultInterpolatedStringHandler.AppendLiteral; defaultInterpolatedStringHandler.AppendFormatted; P_0.C_Send; i14.提示_提醒和杂项公告; defaultInterpolatedStringHandler.ToStringAndClear","plugin-source/v10-source-restoration/bDlweAW3n8LaSgX06LQ/xKp3aGWENEfI6KIHVKi.cs","321"
"plugin-core","bDlweAW3n8LaSgX06LQ.xKp3aGWENEfI6KIHVKi","jnBWr3icOw","case AllEnums.数值Type.声望:","Singleton<WdAPI>.I.PndoGw5lW7; defaultInterpolatedStringHandler.AppendLiteral; defaultInterpolatedStringHandler.AppendFormatted; P_0.C_Send; i20.提示_提醒和杂项公告; defaultInterpolatedStringHandler.ToStringAndClear","plugin-source/v10-source-restoration/bDlweAW3n8LaSgX06LQ/xKp3aGWENEfI6KIHVKi.cs","332"
"plugin-core","bDlweAW3n8LaSgX06LQ.xKp3aGWENEfI6KIHVKi","jnBWr3icOw","case AllEnums.数值Type.战绩:","Singleton<WdAPI>.I.PndoGw5lW7; defaultInterpolatedStringHandler.AppendLiteral; defaultInterpolatedStringHandler.AppendFormatted; P_0.C_Send; i19.提示_提醒和杂项公告; defaultInterpolatedStringHandler.ToStringAndClear","plugin-source/v10-source-restoration/bDlweAW3n8LaSgX06LQ/xKp3aGWENEfI6KIHVKi.cs","343"
"plugin-core","bDlweAW3n8LaSgX06LQ.xKp3aGWENEfI6KIHVKi","jnBWr3icOw","case AllEnums.数值Type.金元宝:","DB.I.cAJNoOkab6; defaultInterpolatedStringHandler.AppendLiteral; defaultInterpolatedStringHandler.AppendFormatted; P_0.C_Send; i17.提示_提醒和杂项公告; defaultInterpolatedStringHandler.ToStringAndClear","plugin-source/v10-source-restoration/bDlweAW3n8LaSgX06LQ/xKp3aGWENEfI6KIHVKi.cs","354"
"plugin-core","bDlweAW3n8LaSgX06LQ.xKp3aGWENEfI6KIHVKi","jnBWr3icOw","case AllEnums.数值Type.银元宝:","DB.I.cAJNoOkab6; defaultInterpolatedStringHandler.AppendLiteral; defaultInterpolatedStringHandler.AppendFormatted; P_0.C_Send; i16.提示_提醒和杂项公告; defaultInterpolatedStringHandler.ToStringAndClear","plugin-source/v10-source-restoration/bDlweAW3n8LaSgX06LQ/xKp3aGWENEfI6KIHVKi.cs","365"
"plugin-core","bDlweAW3n8LaSgX06LQ.xKp3aGWENEfI6KIHVKi","jnBWr3icOw","case AllEnums.数值Type.金钱:","Singleton<WdAPI>.I.PndoGw5lW7; P_0.C_Send; Singleton<WdAPI>.I.提示_提醒和杂项公告; Singleton<WdAPI>.I.问道标准数值文本","plugin-source/v10-source-restoration/bDlweAW3n8LaSgX06LQ/xKp3aGWENEfI6KIHVKi.cs","376"
"plugin-core","bDlweAW3n8LaSgX06LQ.xKp3aGWENEfI6KIHVKi","jnBWr3icOw","case AllEnums.数值Type.累充点:","Singleton<WdAPI>.I.PndoGw5lW7; defaultInterpolatedStringHandler.AppendLiteral; defaultInterpolatedStringHandler.AppendFormatted; P_0.C_Send; i15.提示_提醒和杂项公告; defaultInterpolatedStringHandler.ToStringAndClear","plugin-source/v10-source-restoration/bDlweAW3n8LaSgX06LQ/xKp3aGWENEfI6KIHVKi.cs","380"
"plugin-core","bDlweAW3n8LaSgX06LQ.xKp3aGWENEfI6KIHVKi","jnBWr3icOw","case AllEnums.数值Type.道具:","Singleton<WdAPI>.I.PndoGw5lW7; defaultInterpolatedStringHandler.AppendLiteral; defaultInterpolatedStringHandler.AppendFormatted; P_0.C_Send; i13.提示_提醒和杂项公告; defaultInterpolatedStringHandler.ToStringAndClear","plugin-source/v10-source-restoration/bDlweAW3n8LaSgX06LQ/xKp3aGWENEfI6KIHVKi.cs","391"
"plugin-core","bDlweAW3n8LaSgX06LQ.xKp3aGWENEfI6KIHVKi","jnBWr3icOw","case AllEnums.数值Type.体力:","Singleton<WdAPI>.I.PndoGw5lW7; defaultInterpolatedStringHandler.AppendLiteral; defaultInterpolatedStringHandler.AppendFormatted; P_0.C_Send; i12.提示_提醒和杂项公告; defaultInterpolatedStringHandler.ToStringAndClear","plugin-source/v10-source-restoration/bDlweAW3n8LaSgX06LQ/xKp3aGWENEfI6KIHVKi.cs","404"
"plugin-core","bDlweAW3n8LaSgX06LQ.xKp3aGWENEfI6KIHVKi","jnBWr3icOw","case AllEnums.数值Type.南极点:","Singleton<WdAPI>.I.PndoGw5lW7; defaultInterpolatedStringHandler.AppendLiteral; defaultInterpolatedStringHandler.AppendFormatted; P_0.C_Send; i11.提示_提醒和杂项公告; defaultInterpolatedStringHandler.ToStringAndClear","plugin-source/v10-source-restoration/bDlweAW3n8LaSgX06LQ/xKp3aGWENEfI6KIHVKi.cs","415"
"plugin-core","bDlweAW3n8LaSgX06LQ.xKp3aGWENEfI6KIHVKi","jnBWr3icOw","case AllEnums.数值Type.代金券:","Singleton<WdAPI>.I.PndoGw5lW7; P_0.C_Send; Singleton<WdAPI>.I.提示_提醒和杂项公告; Singleton<WdAPI>.I.问道标准数值文本","plugin-source/v10-source-restoration/bDlweAW3n8LaSgX06LQ/xKp3aGWENEfI6KIHVKi.cs","426"
"plugin-core","bDlweAW3n8LaSgX06LQ.xKp3aGWENEfI6KIHVKi","jnBWr3icOw","case AllEnums.数值Type.宠物:","Singleton<WdAPI>.I.PndoGw5lW7; P_0.C_Send; Singleton<WdAPI>.I.提示_提醒和杂项公告","plugin-source/v10-source-restoration/bDlweAW3n8LaSgX06LQ/xKp3aGWENEfI6KIHVKi.cs","430"
"plugin-core","bDlweAW3n8LaSgX06LQ.xKp3aGWENEfI6KIHVKi","jnBWr3icOw","case AllEnums.数值Type.坐骑:","Singleton<WdAPI>.I.PndoGw5lW7; P_0.C_Send; Singleton<WdAPI>.I.提示_提醒和杂项公告","plugin-source/v10-source-restoration/bDlweAW3n8LaSgX06LQ/xKp3aGWENEfI6KIHVKi.cs","434"
"plugin-core","DB","JfDNL1qVLO","case 5001:; case 5002:; case 5003:; case 5004:; case 5005:; case 6002:; case 6003:; case 7001:; case 7004:; case 7005:","","plugin-source/v10-source-restoration/DB.cs","1269"
"plugin-core","DB","JfDNL1qVLO","default:","","plugin-source/v10-source-restoration/DB.cs","1281"
"plugin-core","DB","JfDNL1qVLO","case 0:","","plugin-source/v10-source-restoration/DB.cs","1284"
"plugin-core","DB","w5lNMH6DIt","case AllEnums.宠物成长Type.血量成长:","","plugin-source/v10-source-restoration/DB.cs","2825"
"plugin-core","DB","w5lNMH6DIt","case AllEnums.宠物成长Type.法力成长:","","plugin-source/v10-source-restoration/DB.cs","2828"
"plugin-core","DB","w5lNMH6DIt","case AllEnums.宠物成长Type.法攻成长:","","plugin-source/v10-source-restoration/DB.cs","2831"
"plugin-core","DB","w5lNMH6DIt","case AllEnums.宠物成长Type.物攻成长:","","plugin-source/v10-source-restoration/DB.cs","2834"
"plugin-core","DB","w5lNMH6DIt","case AllEnums.宠物成长Type.速度成长:","","plugin-source/v10-source-restoration/DB.cs","2837"
"plugin-core","DB","OvlNheWUZG","case AllEnums.宠物成长Type.血量成长:","","plugin-source/v10-source-restoration/DB.cs","3003"
"plugin-core","DB","OvlNheWUZG","case AllEnums.宠物成长Type.法力成长:","","plugin-source/v10-source-restoration/DB.cs","3006"
"plugin-core","DB","OvlNheWUZG","case AllEnums.宠物成长Type.法攻成长:","","plugin-source/v10-source-restoration/DB.cs","3009"
"plugin-core","DB","OvlNheWUZG","case AllEnums.宠物成长Type.物攻成长:","","plugin-source/v10-source-restoration/DB.cs","3012"
"plugin-core","DB","OvlNheWUZG","case AllEnums.宠物成长Type.速度成长:","","plugin-source/v10-source-restoration/DB.cs","3015"
"plugin-core","DB","wmMNqYIGuE","case 1:","Singleton<WdAPI>.I.PndoGw5lW7; defaultInterpolatedStringHandler.AppendLiteral; defaultInterpolatedStringHandler.AppendFormatted; P_0.C_Send; i2.提示_提醒和杂项公告; defaultInterpolatedStringHandler.ToStringAndClear","plugin-source/v10-source-restoration/DB.cs","5125"
"plugin-core","DB","wmMNqYIGuE","case 2:","defaultInterpolatedStringHandler.AppendLiteral; defaultInterpolatedStringHandler.AppendFormatted; c1ZNsjqlRc; defaultInterpolatedStringHandler.ToStringAndClear; P_0.C_Send; Singleton<WdAPI>.I.提示_提醒和杂项公告; i3.提示_提醒和杂项公告; cAJNoOkab6; Singleton<WdAPI>.I.PndoGw5lW7; Singleton<WdAPI>.I.组包邮件南极次数; i4.提示_提醒和杂项公告; i5.提示_提醒和杂项公告; Singleton<EfHAVFUgqrnaj1QwnLW>.I.ktVUfSuD8y","plugin-source/v10-source-restoration/DB.cs","5138"
"plugin-core","DB","wmMNqYIGuE","case 17:","Singleton<WdAPI>.I.PndoGw5lW7; P_0.C_Send; Singleton<WdAPI>.I.组包邮件南极次数; defaultInterpolatedStringHandler.AppendLiteral; defaultInterpolatedStringHandler.AppendFormatted; i.提示_提醒和杂项公告; defaultInterpolatedStringHandler.ToStringAndClear","plugin-source/v10-source-restoration/DB.cs","5210"
"plugin-core","DB","IPJNZeRxy9","case 1:","defaultInterpolatedStringHandler.AppendLiteral; defaultInterpolatedStringHandler.AppendFormatted; defaultInterpolatedStringHandler.ToStringAndClear; mySqlCommand3.Parameters.AddWithValue; mySqlCommand3.ExecuteNonQuery; Invoke; P_0.C_Send; Singleton<WdAPI>.I.提示_中心提醒; Singleton<WdAPI>.I.PndoGw5lW7; i2.提示_提醒和杂项公告","plugin-source/v10-source-restoration/DB.cs","5363"
"plugin-core","DB","IPJNZeRxy9","case 2:","defaultInterpolatedStringHandler.AppendLiteral; defaultInterpolatedStringHandler.AppendFormatted; defaultInterpolatedStringHandler.ToStringAndClear; mySqlCommand2.Parameters.AddWithValue; mySqlCommand2.ExecuteNonQuery; Invoke; P_0.C_Send; Singleton<WdAPI>.I.提示_中心提醒; i.提示_提醒和杂项公告","plugin-source/v10-source-restoration/DB.cs","5396"
"plugin-core","DRafti6FMxQYhxQAQHW.KmvE5t6XclSPSYZqqE9","FEd6hEYBPM","case AllEnums.数值Type.金元宝:","DB.I.cAJNoOkab6; defaultInterpolatedStringHandler.AppendLiteral; defaultInterpolatedStringHandler.AppendFormatted; P_0.C_Send; i7.提示_杂项公告; defaultInterpolatedStringHandler.ToStringAndClear; handler.AppendLiteral; handler.AppendFormatted; stringBuilder8.Append","plugin-source/v10-source-restoration/DRafti6FMxQYhxQAQHW/KmvE5t6XclSPSYZqqE9.cs","158"
"plugin-core","DRafti6FMxQYhxQAQHW.KmvE5t6XclSPSYZqqE9","FEd6hEYBPM","case AllEnums.数值Type.银元宝:","DB.I.cAJNoOkab6; defaultInterpolatedStringHandler.AppendLiteral; defaultInterpolatedStringHandler.AppendFormatted; P_0.C_Send; i10.提示_杂项公告; defaultInterpolatedStringHandler.ToStringAndClear; handler.AppendLiteral; handler.AppendFormatted; stringBuilder11.Append","plugin-source/v10-source-restoration/DRafti6FMxQYhxQAQHW/KmvE5t6XclSPSYZqqE9.cs","176"
"plugin-core","DRafti6FMxQYhxQAQHW.KmvE5t6XclSPSYZqqE9","FEd6hEYBPM","case AllEnums.数值Type.金钱:","Singleton<WdAPI>.I.AKEoOlhFAx; P_0.C_Send; Singleton<WdAPI>.I.提示_杂项公告; Singleton<WdAPI>.I.问道标准数值文本; stringBuilder.Append","plugin-source/v10-source-restoration/DRafti6FMxQYhxQAQHW/KmvE5t6XclSPSYZqqE9.cs","194"
"plugin-core","DRafti6FMxQYhxQAQHW.KmvE5t6XclSPSYZqqE9","FEd6hEYBPM","case AllEnums.数值Type.代金券:","Singleton<WdAPI>.I.AKEoOlhFAx; P_0.C_Send; Singleton<WdAPI>.I.提示_杂项公告; Singleton<WdAPI>.I.问道标准数值文本; stringBuilder.Append","plugin-source/v10-source-restoration/DRafti6FMxQYhxQAQHW/KmvE5t6XclSPSYZqqE9.cs","199"
"plugin-core","DRafti6FMxQYhxQAQHW.KmvE5t6XclSPSYZqqE9","FEd6hEYBPM","case AllEnums.数值Type.道行:","Singleton<WdAPI>.I.AKEoOlhFAx; defaultInterpolatedStringHandler.AppendLiteral; defaultInterpolatedStringHandler.AppendFormatted; P_0.C_Send; i9.提示_杂项公告; defaultInterpolatedStringHandler.ToStringAndClear; handler.AppendLiteral; handler.AppendFormatted; stringBuilder10.Append","plugin-source/v10-source-restoration/DRafti6FMxQYhxQAQHW/KmvE5t6XclSPSYZqqE9.cs","204"
"plugin-core","DRafti6FMxQYhxQAQHW.KmvE5t6XclSPSYZqqE9","FEd6hEYBPM","case AllEnums.数值Type.声望:","Singleton<WdAPI>.I.AKEoOlhFAx; defaultInterpolatedStringHandler.AppendLiteral; defaultInterpolatedStringHandler.AppendFormatted; P_0.C_Send; i8.提示_杂项公告; defaultInterpolatedStringHandler.ToStringAndClear; handler.AppendLiteral; handler.AppendFormatted; stringBuilder9.Append","plugin-source/v10-source-restoration/DRafti6FMxQYhxQAQHW/KmvE5t6XclSPSYZqqE9.cs","222"
"plugin-core","DRafti6FMxQYhxQAQHW.KmvE5t6XclSPSYZqqE9","FEd6hEYBPM","case AllEnums.数值Type.道具:","string.IsNullOrWhiteSpace; Singleton<WdAPI>.I.AKEoOlhFAx; defaultInterpolatedStringHandler.AppendLiteral; defaultInterpolatedStringHandler.AppendFormatted; P_0.C_Send; i6.提示_杂项公告; defaultInterpolatedStringHandler.ToStringAndClear; handler.AppendLiteral; handler.AppendFormatted; stringBuilder7.Append","plugin-source/v10-source-restoration/DRafti6FMxQYhxQAQHW/KmvE5t6XclSPSYZqqE9.cs","240"
"plugin-core","DRafti6FMxQYhxQAQHW.KmvE5t6XclSPSYZqqE9","FEd6hEYBPM","case AllEnums.数值Type.累充点:","Singleton<WdAPI>.I.AKEoOlhFAx; defaultInterpolatedStringHandler.AppendLiteral; defaultInterpolatedStringHandler.AppendFormatted; P_0.C_Send; i5.提示_杂项公告; defaultInterpolatedStringHandler.ToStringAndClear; handler.AppendLiteral; handler.AppendFormatted; stringBuilder6.Append","plugin-source/v10-source-restoration/DRafti6FMxQYhxQAQHW/KmvE5t6XclSPSYZqqE9.cs","262"
"plugin-core","DRafti6FMxQYhxQAQHW.KmvE5t6XclSPSYZqqE9","FEd6hEYBPM","case AllEnums.数值Type.南极点:","Singleton<WdAPI>.I.AKEoOlhFAx; defaultInterpolatedStringHandler.AppendLiteral; defaultInterpolatedStringHandler.AppendFormatted; P_0.C_Send; i4.提示_杂项公告; defaultInterpolatedStringHandler.ToStringAndClear; handler.AppendLiteral; handler.AppendFormatted; stringBuilder5.Append","plugin-source/v10-source-restoration/DRafti6FMxQYhxQAQHW/KmvE5t6XclSPSYZqqE9.cs","280"
"plugin-core","DRafti6FMxQYhxQAQHW.KmvE5t6XclSPSYZqqE9","FEd6hEYBPM","case AllEnums.数值Type.奇宝点:","Singleton<WdAPI>.I.AKEoOlhFAx; defaultInterpolatedStringHandler.AppendLiteral; defaultInterpolatedStringHandler.AppendFormatted; P_0.C_Send; i3.提示_杂项公告; defaultInterpolatedStringHandler.ToStringAndClear; handler.AppendLiteral; handler.AppendFormatted; stringBuilder4.Append","plugin-source/v10-source-restoration/DRafti6FMxQYhxQAQHW/KmvE5t6XclSPSYZqqE9.cs","298"
"plugin-core","DRafti6FMxQYhxQAQHW.KmvE5t6XclSPSYZqqE9","FEd6hEYBPM","case AllEnums.数值Type.灵气值:","Singleton<WdAPI>.I.AKEoOlhFAx; defaultInterpolatedStringHandler.AppendLiteral; defaultInterpolatedStringHandler.AppendFormatted; P_0.C_Send; i2.提示_杂项公告; defaultInterpolatedStringHandler.ToStringAndClear; handler.AppendLiteral; handler.AppendFormatted; stringBuilder3.Append","plugin-source/v10-source-restoration/DRafti6FMxQYhxQAQHW/KmvE5t6XclSPSYZqqE9.cs","316"
"plugin-core","DRafti6FMxQYhxQAQHW.KmvE5t6XclSPSYZqqE9","ohx6vOKC1h","case AllEnums.数值Type.金元宝:","DB.I.cAJNoOkab6; defaultInterpolatedStringHandler.AppendLiteral; defaultInterpolatedStringHandler.AppendFormatted; P_0.C_Send; i7.提示_杂项公告; defaultInterpolatedStringHandler.ToStringAndClear; handler.AppendLiteral; handler.AppendFormatted; stringBuilder8.Append","plugin-source/v10-source-restoration/DRafti6FMxQYhxQAQHW/KmvE5t6XclSPSYZqqE9.cs","360"
"plugin-core","DRafti6FMxQYhxQAQHW.KmvE5t6XclSPSYZqqE9","ohx6vOKC1h","case AllEnums.数值Type.银元宝:","DB.I.cAJNoOkab6; defaultInterpolatedStringHandler.AppendLiteral; defaultInterpolatedStringHandler.AppendFormatted; P_0.C_Send; i10.提示_杂项公告; defaultInterpolatedStringHandler.ToStringAndClear; handler.AppendLiteral; handler.AppendFormatted; stringBuilder11.Append","plugin-source/v10-source-restoration/DRafti6FMxQYhxQAQHW/KmvE5t6XclSPSYZqqE9.cs","378"
"plugin-core","DRafti6FMxQYhxQAQHW.KmvE5t6XclSPSYZqqE9","ohx6vOKC1h","case AllEnums.数值Type.金钱:","Singleton<WdAPI>.I.AKEoOlhFAx; P_0.C_Send; Singleton<WdAPI>.I.提示_杂项公告; Singleton<WdAPI>.I.问道标准数值文本; stringBuilder.Append","plugin-source/v10-source-restoration/DRafti6FMxQYhxQAQHW/KmvE5t6XclSPSYZqqE9.cs","396"
"plugin-core","DRafti6FMxQYhxQAQHW.KmvE5t6XclSPSYZqqE9","ohx6vOKC1h","case AllEnums.数值Type.代金券:","Singleton<WdAPI>.I.AKEoOlhFAx; P_0.C_Send; Singleton<WdAPI>.I.提示_杂项公告; Singleton<WdAPI>.I.问道标准数值文本; stringBuilder.Append","plugin-source/v10-source-restoration/DRafti6FMxQYhxQAQHW/KmvE5t6XclSPSYZqqE9.cs","401"
"plugin-core","DRafti6FMxQYhxQAQHW.KmvE5t6XclSPSYZqqE9","ohx6vOKC1h","case AllEnums.数值Type.道行:","Singleton<WdAPI>.I.AKEoOlhFAx; defaultInterpolatedStringHandler.AppendLiteral; defaultInterpolatedStringHandler.AppendFormatted; P_0.C_Send; i9.提示_杂项公告; defaultInterpolatedStringHandler.ToStringAndClear; handler.AppendLiteral; handler.AppendFormatted; stringBuilder10.Append","plugin-source/v10-source-restoration/DRafti6FMxQYhxQAQHW/KmvE5t6XclSPSYZqqE9.cs","406"
"plugin-core","DRafti6FMxQYhxQAQHW.KmvE5t6XclSPSYZqqE9","ohx6vOKC1h","case AllEnums.数值Type.声望:","Singleton<WdAPI>.I.AKEoOlhFAx; defaultInterpolatedStringHandler.AppendLiteral; defaultInterpolatedStringHandler.AppendFormatted; P_0.C_Send; i8.提示_杂项公告; defaultInterpolatedStringHandler.ToStringAndClear; handler.AppendLiteral; handler.AppendFormatted; stringBuilder9.Append","plugin-source/v10-source-restoration/DRafti6FMxQYhxQAQHW/KmvE5t6XclSPSYZqqE9.cs","424"
"plugin-core","DRafti6FMxQYhxQAQHW.KmvE5t6XclSPSYZqqE9","ohx6vOKC1h","case AllEnums.数值Type.道具:","string.IsNullOrWhiteSpace; Singleton<WdAPI>.I.AKEoOlhFAx; defaultInterpolatedStringHandler.AppendLiteral; defaultInterpolatedStringHandler.AppendFormatted; P_0.C_Send; i6.提示_杂项公告; defaultInterpolatedStringHandler.ToStringAndClear; handler.AppendLiteral; handler.AppendFormatted; stringBuilder7.Append","plugin-source/v10-source-restoration/DRafti6FMxQYhxQAQHW/KmvE5t6XclSPSYZqqE9.cs","442"
"plugin-core","DRafti6FMxQYhxQAQHW.KmvE5t6XclSPSYZqqE9","ohx6vOKC1h","case AllEnums.数值Type.累充点:","Singleton<WdAPI>.I.AKEoOlhFAx; defaultInterpolatedStringHandler.AppendLiteral; defaultInterpolatedStringHandler.AppendFormatted; P_0.C_Send; i5.提示_杂项公告; defaultInterpolatedStringHandler.ToStringAndClear; handler.AppendLiteral; handler.AppendFormatted; stringBuilder6.Append","plugin-source/v10-source-restoration/DRafti6FMxQYhxQAQHW/KmvE5t6XclSPSYZqqE9.cs","464"
"plugin-core","DRafti6FMxQYhxQAQHW.KmvE5t6XclSPSYZqqE9","ohx6vOKC1h","case AllEnums.数值Type.南极点:","Singleton<WdAPI>.I.AKEoOlhFAx; defaultInterpolatedStringHandler.AppendLiteral; defaultInterpolatedStringHandler.AppendFormatted; P_0.C_Send; i4.提示_杂项公告; defaultInterpolatedStringHandler.ToStringAndClear; handler.AppendLiteral; handler.AppendFormatted; stringBuilder5.Append","plugin-source/v10-source-restoration/DRafti6FMxQYhxQAQHW/KmvE5t6XclSPSYZqqE9.cs","482"
"plugin-core","DRafti6FMxQYhxQAQHW.KmvE5t6XclSPSYZqqE9","ohx6vOKC1h","case AllEnums.数值Type.奇宝点:","Singleton<WdAPI>.I.AKEoOlhFAx; defaultInterpolatedStringHandler.AppendLiteral; defaultInterpolatedStringHandler.AppendFormatted; P_0.C_Send; i3.提示_杂项公告; defaultInterpolatedStringHandler.ToStringAndClear; handler.AppendLiteral; handler.AppendFormatted; stringBuilder4.Append","plugin-source/v10-source-restoration/DRafti6FMxQYhxQAQHW/KmvE5t6XclSPSYZqqE9.cs","500"
"plugin-core","DRafti6FMxQYhxQAQHW.KmvE5t6XclSPSYZqqE9","ohx6vOKC1h","case AllEnums.数值Type.灵气值:","Singleton<WdAPI>.I.AKEoOlhFAx; defaultInterpolatedStringHandler.AppendLiteral; defaultInterpolatedStringHandler.AppendFormatted; P_0.C_Send; i2.提示_杂项公告; defaultInterpolatedStringHandler.ToStringAndClear; handler.AppendLiteral; handler.AppendFormatted; stringBuilder3.Append","plugin-source/v10-source-restoration/DRafti6FMxQYhxQAQHW/KmvE5t6XclSPSYZqqE9.cs","518"
"plugin-core","EKROCVD7DRi8Cx5mpUu.Rfq62uDvr7Ur9Lpyctd","Wf7DkJgGWj","case AllEnums.数值Type.金元宝:","defaultInterpolatedStringHandler.AppendLiteral; defaultInterpolatedStringHandler.AppendFormatted; P_0.C_Send; i25.提示_中心提醒; defaultInterpolatedStringHandler.ToStringAndClear; DB.I.cAJNoOkab6; i26.提示_中心提醒; i27.提示_杂项公告","plugin-source/v10-source-restoration/EKROCVD7DRi8Cx5mpUu/Rfq62uDvr7Ur9Lpyctd.cs","283"
"plugin-core","EKROCVD7DRi8Cx5mpUu.Rfq62uDvr7Ur9Lpyctd","Wf7DkJgGWj","case AllEnums.数值Type.银元宝:","defaultInterpolatedStringHandler.AppendLiteral; defaultInterpolatedStringHandler.AppendFormatted; P_0.C_Send; i18.提示_中心提醒; defaultInterpolatedStringHandler.ToStringAndClear; DB.I.cAJNoOkab6; i19.提示_中心提醒; i20.提示_杂项公告","plugin-source/v10-source-restoration/EKROCVD7DRi8Cx5mpUu/Rfq62uDvr7Ur9Lpyctd.cs","320"
"plugin-core","EKROCVD7DRi8Cx5mpUu.Rfq62uDvr7Ur9Lpyctd","Wf7DkJgGWj","case AllEnums.数值Type.声望:","defaultInterpolatedStringHandler.AppendLiteral; defaultInterpolatedStringHandler.AppendFormatted; P_0.C_Send; i28.提示_中心提醒; defaultInterpolatedStringHandler.ToStringAndClear; Singleton<WdAPI>.I.PndoGw5lW7; i29.提示_杂项公告","plugin-source/v10-source-restoration/EKROCVD7DRi8Cx5mpUu/Rfq62uDvr7Ur9Lpyctd.cs","357"
"plugin-core","EKROCVD7DRi8Cx5mpUu.Rfq62uDvr7Ur9Lpyctd","Wf7DkJgGWj","case AllEnums.数值Type.战绩:","defaultInterpolatedStringHandler.AppendLiteral; defaultInterpolatedStringHandler.AppendFormatted; P_0.C_Send; i14.提示_中心提醒; defaultInterpolatedStringHandler.ToStringAndClear; Singleton<WdAPI>.I.PndoGw5lW7; i15.提示_杂项公告","plugin-source/v10-source-restoration/EKROCVD7DRi8Cx5mpUu/Rfq62uDvr7Ur9Lpyctd.cs","383"
"plugin-core","EKROCVD7DRi8Cx5mpUu.Rfq62uDvr7Ur9Lpyctd","Wf7DkJgGWj","case AllEnums.数值Type.金钱:","defaultInterpolatedStringHandler.AppendLiteral; defaultInterpolatedStringHandler.AppendFormatted; Singleton<WdAPI>.I.问道标准数值文本; P_0.C_Send; i21.提示_中心提醒; defaultInterpolatedStringHandler.ToStringAndClear; Singleton<WdAPI>.I.PndoGw5lW7; i22.提示_杂项公告","plugin-source/v10-source-restoration/EKROCVD7DRi8Cx5mpUu/Rfq62uDvr7Ur9Lpyctd.cs","409"
"plugin-core","EKROCVD7DRi8Cx5mpUu.Rfq62uDvr7Ur9Lpyctd","Wf7DkJgGWj","case AllEnums.数值Type.累充点:","defaultInterpolatedStringHandler.AppendLiteral; defaultInterpolatedStringHandler.AppendFormatted; P_0.C_Send; i12.提示_中心提醒; defaultInterpolatedStringHandler.ToStringAndClear; Singleton<WdAPI>.I.PndoGw5lW7; i13.提示_杂项公告","plugin-source/v10-source-restoration/EKROCVD7DRi8Cx5mpUu/Rfq62uDvr7Ur9Lpyctd.cs","435"
"plugin-core","EKROCVD7DRi8Cx5mpUu.Rfq62uDvr7Ur9Lpyctd","Wf7DkJgGWj","case AllEnums.数值Type.南极点:","defaultInterpolatedStringHandler.AppendLiteral; defaultInterpolatedStringHandler.AppendFormatted; P_0.C_Send; i23.提示_中心提醒; defaultInterpolatedStringHandler.ToStringAndClear; Singleton<WdAPI>.I.PndoGw5lW7; i24.提示_杂项公告","plugin-source/v10-source-restoration/EKROCVD7DRi8Cx5mpUu/Rfq62uDvr7Ur9Lpyctd.cs","461"
"plugin-core","EKROCVD7DRi8Cx5mpUu.Rfq62uDvr7Ur9Lpyctd","Wf7DkJgGWj","case AllEnums.数值Type.灵气值:","defaultInterpolatedStringHandler.AppendLiteral; defaultInterpolatedStringHandler.AppendFormatted; P_0.C_Send; i16.提示_中心提醒; defaultInterpolatedStringHandler.ToStringAndClear; Singleton<WdAPI>.I.PndoGw5lW7; i17.提示_杂项公告","plugin-source/v10-source-restoration/EKROCVD7DRi8Cx5mpUu/Rfq62uDvr7Ur9Lpyctd.cs","487"
"plugin-core","EKROCVD7DRi8Cx5mpUu.Rfq62uDvr7Ur9Lpyctd","Wf7DkJgGWj","case AllEnums.数值Type.体力:","defaultInterpolatedStringHandler.AppendLiteral; defaultInterpolatedStringHandler.AppendFormatted; P_0.C_Send; i30.提示_中心提醒; defaultInterpolatedStringHandler.ToStringAndClear; Singleton<WdAPI>.I.PndoGw5lW7; i31.提示_杂项公告","plugin-source/v10-source-restoration/EKROCVD7DRi8Cx5mpUu/Rfq62uDvr7Ur9Lpyctd.cs","513"
"plugin-core","EKROCVD7DRi8Cx5mpUu.Rfq62uDvr7Ur9Lpyctd","Wf7DkJgGWj","case AllEnums.数值Type.道具:","Singleton<WdAPI>.I.取背包物品格子实例; defaultInterpolatedStringHandler.AppendLiteral; defaultInterpolatedStringHandler.AppendFormatted; P_0.C_Send; i9.提示_中心提醒; defaultInterpolatedStringHandler.ToStringAndClear; i10.提示_中心提醒; Singleton<WdAPI>.I.取背包剩余空格数; Singleton<WdAPI>.I.提示_中心提醒; Singleton<WdAPI>.I.dSCoKmGWP9; Singleton<WdAPI>.I.使用背包批量异步; i11.提示_杂项公告","plugin-source/v10-source-restoration/EKROCVD7DRi8Cx5mpUu/Rfq62uDvr7Ur9Lpyctd.cs","539"
"plugin-core","EKROCVD7DRi8Cx5mpUu.Rfq62uDvr7Ur9Lpyctd","mNsD0xYTS4","case AllEnums.数值Type.金元宝:","defaultInterpolatedStringHandler.AppendLiteral; defaultInterpolatedStringHandler.AppendFormatted; P_0.C_Send; i14.提示_中心提醒; defaultInterpolatedStringHandler.ToStringAndClear","plugin-source/v10-source-restoration/EKROCVD7DRi8Cx5mpUu/Rfq62uDvr7Ur9Lpyctd.cs","810"
"plugin-core","EKROCVD7DRi8Cx5mpUu.Rfq62uDvr7Ur9Lpyctd","mNsD0xYTS4","case AllEnums.数值Type.银元宝:","defaultInterpolatedStringHandler.AppendLiteral; defaultInterpolatedStringHandler.AppendFormatted; P_0.C_Send; i18.提示_中心提醒; defaultInterpolatedStringHandler.ToStringAndClear","plugin-source/v10-source-restoration/EKROCVD7DRi8Cx5mpUu/Rfq62uDvr7Ur9Lpyctd.cs","826"
"plugin-core","EKROCVD7DRi8Cx5mpUu.Rfq62uDvr7Ur9Lpyctd","mNsD0xYTS4","case AllEnums.数值Type.声望:","defaultInterpolatedStringHandler.AppendLiteral; defaultInterpolatedStringHandler.AppendFormatted; P_0.C_Send; i20.提示_中心提醒; defaultInterpolatedStringHandler.ToStringAndClear","plugin-source/v10-source-restoration/EKROCVD7DRi8Cx5mpUu/Rfq62uDvr7Ur9Lpyctd.cs","842"
"plugin-core","EKROCVD7DRi8Cx5mpUu.Rfq62uDvr7Ur9Lpyctd","mNsD0xYTS4","case AllEnums.数值Type.战绩:","defaultInterpolatedStringHandler.AppendLiteral; defaultInterpolatedStringHandler.AppendFormatted; P_0.C_Send; i16.提示_中心提醒; defaultInterpolatedStringHandler.ToStringAndClear","plugin-source/v10-source-restoration/EKROCVD7DRi8Cx5mpUu/Rfq62uDvr7Ur9Lpyctd.cs","858"
"plugin-core","EKROCVD7DRi8Cx5mpUu.Rfq62uDvr7Ur9Lpyctd","mNsD0xYTS4","case AllEnums.数值Type.金钱:","defaultInterpolatedStringHandler.AppendLiteral; defaultInterpolatedStringHandler.AppendFormatted; Singleton<WdAPI>.I.问道标准数值文本; P_0.C_Send; i21.提示_中心提醒; defaultInterpolatedStringHandler.ToStringAndClear","plugin-source/v10-source-restoration/EKROCVD7DRi8Cx5mpUu/Rfq62uDvr7Ur9Lpyctd.cs","874"
"plugin-core","EKROCVD7DRi8Cx5mpUu.Rfq62uDvr7Ur9Lpyctd","mNsD0xYTS4","case AllEnums.数值Type.累充点:","defaultInterpolatedStringHandler.AppendLiteral; defaultInterpolatedStringHandler.AppendFormatted; P_0.C_Send; i19.提示_中心提醒; defaultInterpolatedStringHandler.ToStringAndClear","plugin-source/v10-source-restoration/EKROCVD7DRi8Cx5mpUu/Rfq62uDvr7Ur9Lpyctd.cs","890"
"plugin-core","EKROCVD7DRi8Cx5mpUu.Rfq62uDvr7Ur9Lpyctd","mNsD0xYTS4","case AllEnums.数值Type.南极点:","defaultInterpolatedStringHandler.AppendLiteral; defaultInterpolatedStringHandler.AppendFormatted; P_0.C_Send; i17.提示_中心提醒; defaultInterpolatedStringHandler.ToStringAndClear","plugin-source/v10-source-restoration/EKROCVD7DRi8Cx5mpUu/Rfq62uDvr7Ur9Lpyctd.cs","906"
"plugin-core","EKROCVD7DRi8Cx5mpUu.Rfq62uDvr7Ur9Lpyctd","mNsD0xYTS4","case AllEnums.数值Type.灵气值:","defaultInterpolatedStringHandler.AppendLiteral; defaultInterpolatedStringHandler.AppendFormatted; P_0.C_Send; i15.提示_中心提醒; defaultInterpolatedStringHandler.ToStringAndClear","plugin-source/v10-source-restoration/EKROCVD7DRi8Cx5mpUu/Rfq62uDvr7Ur9Lpyctd.cs","922"
"plugin-core","EKROCVD7DRi8Cx5mpUu.Rfq62uDvr7Ur9Lpyctd","mNsD0xYTS4","case AllEnums.数值Type.体力:","defaultInterpolatedStringHandler.AppendLiteral; defaultInterpolatedStringHandler.AppendFormatted; P_0.C_Send; i13.提示_中心提醒; defaultInterpolatedStringHandler.ToStringAndClear","plugin-source/v10-source-restoration/EKROCVD7DRi8Cx5mpUu/Rfq62uDvr7Ur9Lpyctd.cs","938"
"plugin-core","EKROCVD7DRi8Cx5mpUu.Rfq62uDvr7Ur9Lpyctd","mNsD0xYTS4","case AllEnums.数值Type.金元宝:","DB.I.cAJNoOkab6; defaultInterpolatedStringHandler.AppendLiteral; defaultInterpolatedStringHandler.AppendFormatted; key9.C_Send; i30.提示_杂项公告; defaultInterpolatedStringHandler.ToStringAndClear","plugin-source/v10-source-restoration/EKROCVD7DRi8Cx5mpUu/Rfq62uDvr7Ur9Lpyctd.cs","968"
"plugin-core","EKROCVD7DRi8Cx5mpUu.Rfq62uDvr7Ur9Lpyctd","mNsD0xYTS4","case AllEnums.数值Type.银元宝:","DB.I.cAJNoOkab6; defaultInterpolatedStringHandler.AppendLiteral; defaultInterpolatedStringHandler.AppendFormatted; key8.C_Send; i29.提示_杂项公告; defaultInterpolatedStringHandler.ToStringAndClear","plugin-source/v10-source-restoration/EKROCVD7DRi8Cx5mpUu/Rfq62uDvr7Ur9Lpyctd.cs","982"
"plugin-core","EKROCVD7DRi8Cx5mpUu.Rfq62uDvr7Ur9Lpyctd","mNsD0xYTS4","case AllEnums.数值Type.声望:","Singleton<WdAPI>.I.PndoGw5lW7; defaultInterpolatedStringHandler.AppendLiteral; defaultInterpolatedStringHandler.AppendFormatted; key7.C_Send; i28.提示_杂项公告; defaultInterpolatedStringHandler.ToStringAndClear","plugin-source/v10-source-restoration/EKROCVD7DRi8Cx5mpUu/Rfq62uDvr7Ur9Lpyctd.cs","996"
"plugin-core","EKROCVD7DRi8Cx5mpUu.Rfq62uDvr7Ur9Lpyctd","mNsD0xYTS4","case AllEnums.数值Type.战绩:","Singleton<WdAPI>.I.PndoGw5lW7; defaultInterpolatedStringHandler.AppendLiteral; defaultInterpolatedStringHandler.AppendFormatted; key6.C_Send; i27.提示_杂项公告; defaultInterpolatedStringHandler.ToStringAndClear","plugin-source/v10-source-restoration/EKROCVD7DRi8Cx5mpUu/Rfq62uDvr7Ur9Lpyctd.cs","1010"
"plugin-core","EKROCVD7DRi8Cx5mpUu.Rfq62uDvr7Ur9Lpyctd","mNsD0xYTS4","case AllEnums.数值Type.金钱:","Singleton<WdAPI>.I.PndoGw5lW7; defaultInterpolatedStringHandler.AppendLiteral; defaultInterpolatedStringHandler.AppendFormatted; Singleton<WdAPI>.I.问道标准数值文本; key5.C_Send; i26.提示_杂项公告; defaultInterpolatedStringHandler.ToStringAndClear","plugin-source/v10-source-restoration/EKROCVD7DRi8Cx5mpUu/Rfq62uDvr7Ur9Lpyctd.cs","1024"
"plugin-core","EKROCVD7DRi8Cx5mpUu.Rfq62uDvr7Ur9Lpyctd","mNsD0xYTS4","case AllEnums.数值Type.累充点:","Singleton<WdAPI>.I.PndoGw5lW7; defaultInterpolatedStringHandler.AppendLiteral; defaultInterpolatedStringHandler.AppendFormatted; key4.C_Send; i25.提示_杂项公告; defaultInterpolatedStringHandler.ToStringAndClear","plugin-source/v10-source-restoration/EKROCVD7DRi8Cx5mpUu/Rfq62uDvr7Ur9Lpyctd.cs","1038"
"plugin-core","EKROCVD7DRi8Cx5mpUu.Rfq62uDvr7Ur9Lpyctd","mNsD0xYTS4","case AllEnums.数值Type.南极点:","Singleton<WdAPI>.I.PndoGw5lW7; defaultInterpolatedStringHandler.AppendLiteral; defaultInterpolatedStringHandler.AppendFormatted; key3.C_Send; i24.提示_杂项公告; defaultInterpolatedStringHandler.ToStringAndClear","plugin-source/v10-source-restoration/EKROCVD7DRi8Cx5mpUu/Rfq62uDvr7Ur9Lpyctd.cs","1052"
"plugin-core","EKROCVD7DRi8Cx5mpUu.Rfq62uDvr7Ur9Lpyctd","mNsD0xYTS4","case AllEnums.数值Type.灵气值:","Singleton<WdAPI>.I.PndoGw5lW7; defaultInterpolatedStringHandler.AppendLiteral; defaultInterpolatedStringHandler.AppendFormatted; key2.C_Send; i23.提示_杂项公告; defaultInterpolatedStringHandler.ToStringAndClear","plugin-source/v10-source-restoration/EKROCVD7DRi8Cx5mpUu/Rfq62uDvr7Ur9Lpyctd.cs","1066"
"plugin-core","EKROCVD7DRi8Cx5mpUu.Rfq62uDvr7Ur9Lpyctd","mNsD0xYTS4","case AllEnums.数值Type.体力:","Singleton<WdAPI>.I.PndoGw5lW7; defaultInterpolatedStringHandler.AppendLiteral; defaultInterpolatedStringHandler.AppendFormatted; key.C_Send; i22.提示_杂项公告; defaultInterpolatedStringHandler.ToStringAndClear","plugin-source/v10-source-restoration/EKROCVD7DRi8Cx5mpUu/Rfq62uDvr7Ur9Lpyctd.cs","1080"
"plugin-core","EoNAUnGWS8H1K1ckt64.i3kWo8GUakCSddRpyDe","v2ZGgD6bGf","case 1:","封包_读2.读字节型; 封包_写2.写字节型; Enumerable.SequenceEqual","plugin-source/v10-source-restoration/EoNAUnGWS8H1K1ckt64/i3kWo8GUakCSddRpyDe.cs","132"
"plugin-core","EoNAUnGWS8H1K1ckt64.i3kWo8GUakCSddRpyDe","v2ZGgD6bGf","case 2:","封包_读2.读短整数型; 封包_写2.写短整数型; Enumerable.SequenceEqual","plugin-source/v10-source-restoration/EoNAUnGWS8H1K1ckt64/i3kWo8GUakCSddRpyDe.cs","179"
"plugin-core","EoNAUnGWS8H1K1ckt64.i3kWo8GUakCSddRpyDe","v2ZGgD6bGf","case 3:","封包_读2.读整数型; 封包_写2.写整数型; Enumerable.SequenceEqual","plugin-source/v10-source-restoration/EoNAUnGWS8H1K1ckt64/i3kWo8GUakCSddRpyDe.cs","245"
"plugin-core","EoNAUnGWS8H1K1ckt64.i3kWo8GUakCSddRpyDe","v2ZGgD6bGf","case 4:","封包_读2.读文本型; 封包_写2.写文本型; Enumerable.SequenceEqual","plugin-source/v10-source-restoration/EoNAUnGWS8H1K1ckt64/i3kWo8GUakCSddRpyDe.cs","327"
"plugin-core","EoNAUnGWS8H1K1ckt64.i3kWo8GUakCSddRpyDe","v2ZGgD6bGf","case 6:","封包_读2.读字节型; 封包_写2.写字节型","plugin-source/v10-source-restoration/EoNAUnGWS8H1K1ckt64/i3kWo8GUakCSddRpyDe.cs","351"
"plugin-core","EoNAUnGWS8H1K1ckt64.i3kWo8GUakCSddRpyDe","v2ZGgD6bGf","case 7:","封包_读2.读短整数型; 封包_写2.写短整数型","plugin-source/v10-source-restoration/EoNAUnGWS8H1K1ckt64/i3kWo8GUakCSddRpyDe.cs","355"
"plugin-core","EoNAUnGWS8H1K1ckt64.i3kWo8GUakCSddRpyDe","dj3GDEQoE3","case 1:","封包_读2.读字节型; Enumerable.SequenceEqual","plugin-source/v10-source-restoration/EoNAUnGWS8H1K1ckt64/i3kWo8GUakCSddRpyDe.cs","439"
"plugin-core","EoNAUnGWS8H1K1ckt64.i3kWo8GUakCSddRpyDe","dj3GDEQoE3","case 2:","封包_读2.读短整数型; Enumerable.SequenceEqual","plugin-source/v10-source-restoration/EoNAUnGWS8H1K1ckt64/i3kWo8GUakCSddRpyDe.cs","485"
"plugin-core","EoNAUnGWS8H1K1ckt64.i3kWo8GUakCSddRpyDe","dj3GDEQoE3","case 3:","封包_读2.读整数型; Enumerable.SequenceEqual","plugin-source/v10-source-restoration/EoNAUnGWS8H1K1ckt64/i3kWo8GUakCSddRpyDe.cs","539"
"plugin-core","EoNAUnGWS8H1K1ckt64.i3kWo8GUakCSddRpyDe","dj3GDEQoE3","case 4:","封包_读2.读文本型; Enumerable.SequenceEqual","plugin-source/v10-source-restoration/EoNAUnGWS8H1K1ckt64/i3kWo8GUakCSddRpyDe.cs","620"
"plugin-core","EoNAUnGWS8H1K1ckt64.i3kWo8GUakCSddRpyDe","dj3GDEQoE3","case 6:","封包_读2.读字节型","plugin-source/v10-source-restoration/EoNAUnGWS8H1K1ckt64/i3kWo8GUakCSddRpyDe.cs","638"
"plugin-core","EoNAUnGWS8H1K1ckt64.i3kWo8GUakCSddRpyDe","dj3GDEQoE3","case 7:","封包_读2.读短整数型","plugin-source/v10-source-restoration/EoNAUnGWS8H1K1ckt64/i3kWo8GUakCSddRpyDe.cs","641"
"plugin-core","EoNAUnGWS8H1K1ckt64.i3kWo8GUakCSddRpyDe","rAqGjiGmji","case 1:","封包_读2.读字节型; 封包_写2.写字节型; Enumerable.SequenceEqual","plugin-source/v10-source-restoration/EoNAUnGWS8H1K1ckt64/i3kWo8GUakCSddRpyDe.cs","725"
"plugin-core","EoNAUnGWS8H1K1ckt64.i3kWo8GUakCSddRpyDe","rAqGjiGmji","case 2:","封包_读2.读短整数型; 封包_写2.写短整数型; Enumerable.SequenceEqual","plugin-source/v10-source-restoration/EoNAUnGWS8H1K1ckt64/i3kWo8GUakCSddRpyDe.cs","772"
"plugin-core","EoNAUnGWS8H1K1ckt64.i3kWo8GUakCSddRpyDe","rAqGjiGmji","case 3:","封包_读2.读整数型; 封包_写2.写整数型; Enumerable.SequenceEqual","plugin-source/v10-source-restoration/EoNAUnGWS8H1K1ckt64/i3kWo8GUakCSddRpyDe.cs","838"
"plugin-core","EoNAUnGWS8H1K1ckt64.i3kWo8GUakCSddRpyDe","rAqGjiGmji","case 4:","封包_读2.读文本型; 封包_写2.写文本型; Enumerable.SequenceEqual","plugin-source/v10-source-restoration/EoNAUnGWS8H1K1ckt64/i3kWo8GUakCSddRpyDe.cs","920"
"plugin-core","EoNAUnGWS8H1K1ckt64.i3kWo8GUakCSddRpyDe","rAqGjiGmji","case 6:","封包_读2.读字节型; 封包_写2.写字节型","plugin-source/v10-source-restoration/EoNAUnGWS8H1K1ckt64/i3kWo8GUakCSddRpyDe.cs","944"
"plugin-core","EoNAUnGWS8H1K1ckt64.i3kWo8GUakCSddRpyDe","rAqGjiGmji","case 7:","封包_读2.读短整数型; 封包_写2.写短整数型","plugin-source/v10-source-restoration/EoNAUnGWS8H1K1ckt64/i3kWo8GUakCSddRpyDe.cs","948"
"plugin-core","F2RFuVfrhBPBhCG1Yrv.hQdJQufqsH3l9bnUemG","bIY6bwxGuZ","case 1:","封包_读2.读字节型; Enumerable.SequenceEqual; Singleton<ByteAPI>.I.HtoC; 封包_写3.写字节型","plugin-source/v10-source-restoration/F2RFuVfrhBPBhCG1Yrv/hQdJQufqsH3l9bnUemG.cs","784"
"plugin-core","F2RFuVfrhBPBhCG1Yrv.hQdJQufqsH3l9bnUemG","bIY6bwxGuZ","case 2:","封包_读2.读短整数型; Enumerable.SequenceEqual; Singleton<ByteAPI>.I.HtoC; 封包_写3.写短整数型","plugin-source/v10-source-restoration/F2RFuVfrhBPBhCG1Yrv/hQdJQufqsH3l9bnUemG.cs","797"
"plugin-core","F2RFuVfrhBPBhCG1Yrv.hQdJQufqsH3l9bnUemG","bIY6bwxGuZ","case 3:","封包_读2.读整数型; Enumerable.SequenceEqual; Singleton<ByteAPI>.I.HtoC; 封包_写3.写整数型","plugin-source/v10-source-restoration/F2RFuVfrhBPBhCG1Yrv/hQdJQufqsH3l9bnUemG.cs","805"
"plugin-core","F2RFuVfrhBPBhCG1Yrv.hQdJQufqsH3l9bnUemG","bIY6bwxGuZ","case 4:","封包_读2.读文本型; Enumerable.SequenceEqual; Singleton<ByteAPI>.I.取文本左边; 封包_写3.写文本型","plugin-source/v10-source-restoration/F2RFuVfrhBPBhCG1Yrv/hQdJQufqsH3l9bnUemG.cs","853"
"plugin-core","F2RFuVfrhBPBhCG1Yrv.hQdJQufqsH3l9bnUemG","bIY6bwxGuZ","case 6:","封包_读2.读字节型; Enumerable.SequenceEqual; 封包_写3.写字节型","plugin-source/v10-source-restoration/F2RFuVfrhBPBhCG1Yrv/hQdJQufqsH3l9bnUemG.cs","885"
"plugin-core","F2RFuVfrhBPBhCG1Yrv.hQdJQufqsH3l9bnUemG","bIY6bwxGuZ","case 7:","封包_读2.读短整数型; 封包_写3.写短整数型","plugin-source/v10-source-restoration/F2RFuVfrhBPBhCG1Yrv/hQdJQufqsH3l9bnUemG.cs","897"
"plugin-core","F2RFuVfrhBPBhCG1Yrv.hQdJQufqsH3l9bnUemG","bIY6bwxGuZ","case 1:","物品信息类2.装备属性列表.Add","plugin-source/v10-source-restoration/F2RFuVfrhBPBhCG1Yrv/hQdJQufqsH3l9bnUemG.cs","906"
"plugin-core","F2RFuVfrhBPBhCG1Yrv.hQdJQufqsH3l9bnUemG","bIY6bwxGuZ","case 2:","物品信息类2.装备属性列表.Add","plugin-source/v10-source-restoration/F2RFuVfrhBPBhCG1Yrv/hQdJQufqsH3l9bnUemG.cs","914"
"plugin-core","F2RFuVfrhBPBhCG1Yrv.hQdJQufqsH3l9bnUemG","bIY6bwxGuZ","case 3:","物品信息类2.装备属性列表.Add","plugin-source/v10-source-restoration/F2RFuVfrhBPBhCG1Yrv/hQdJQufqsH3l9bnUemG.cs","922"
"plugin-core","F2RFuVfrhBPBhCG1Yrv.hQdJQufqsH3l9bnUemG","bIY6bwxGuZ","case 6:","物品信息类2.装备属性列表.Add","plugin-source/v10-source-restoration/F2RFuVfrhBPBhCG1Yrv/hQdJQufqsH3l9bnUemG.cs","930"
"plugin-core","F2RFuVfrhBPBhCG1Yrv.hQdJQufqsH3l9bnUemG","bIY6bwxGuZ","case 7:","物品信息类2.装备属性列表.Add","plugin-source/v10-source-restoration/F2RFuVfrhBPBhCG1Yrv/hQdJQufqsH3l9bnUemG.cs","938"
"plugin-core","gEdioZfkTLM2TXU6jgd.uh2edhfVGtogUy49Lpv","ALHfp3Nlra","case AllEnums.数值Type.道行:","","plugin-source/v10-source-restoration/gEdioZfkTLM2TXU6jgd/uh2edhfVGtogUy49Lpv.cs","116"
"plugin-core","gEdioZfkTLM2TXU6jgd.uh2edhfVGtogUy49Lpv","ALHfp3Nlra","case AllEnums.数值Type.声望:","","plugin-source/v10-source-restoration/gEdioZfkTLM2TXU6jgd/uh2edhfVGtogUy49Lpv.cs","119"
"plugin-core","gEdioZfkTLM2TXU6jgd.uh2edhfVGtogUy49Lpv","ALHfp3Nlra","case AllEnums.数值Type.战绩:","","plugin-source/v10-source-restoration/gEdioZfkTLM2TXU6jgd/uh2edhfVGtogUy49Lpv.cs","122"
"plugin-core","gEdioZfkTLM2TXU6jgd.uh2edhfVGtogUy49Lpv","ALHfp3Nlra","case AllEnums.数值Type.金元宝:","","plugin-source/v10-source-restoration/gEdioZfkTLM2TXU6jgd/uh2edhfVGtogUy49Lpv.cs","125"
"plugin-core","gEdioZfkTLM2TXU6jgd.uh2edhfVGtogUy49Lpv","ALHfp3Nlra","case AllEnums.数值Type.银元宝:","","plugin-source/v10-source-restoration/gEdioZfkTLM2TXU6jgd/uh2edhfVGtogUy49Lpv.cs","128"
"plugin-core","gEdioZfkTLM2TXU6jgd.uh2edhfVGtogUy49Lpv","ALHfp3Nlra","case AllEnums.数值Type.金钱:","","plugin-source/v10-source-restoration/gEdioZfkTLM2TXU6jgd/uh2edhfVGtogUy49Lpv.cs","131"
"plugin-core","gEdioZfkTLM2TXU6jgd.uh2edhfVGtogUy49Lpv","ALHfp3Nlra","case AllEnums.数值Type.累充点:","","plugin-source/v10-source-restoration/gEdioZfkTLM2TXU6jgd/uh2edhfVGtogUy49Lpv.cs","134"
"plugin-core","gEdioZfkTLM2TXU6jgd.uh2edhfVGtogUy49Lpv","ALHfp3Nlra","case AllEnums.数值Type.南极点:","","plugin-source/v10-source-restoration/gEdioZfkTLM2TXU6jgd/uh2edhfVGtogUy49Lpv.cs","137"
"plugin-core","gEdioZfkTLM2TXU6jgd.uh2edhfVGtogUy49Lpv","ALHfp3Nlra","case AllEnums.数值Type.代金券:","","plugin-source/v10-source-restoration/gEdioZfkTLM2TXU6jgd/uh2edhfVGtogUy49Lpv.cs","140"
"plugin-core","gEdioZfkTLM2TXU6jgd.uh2edhfVGtogUy49Lpv","ALHfp3Nlra","case AllEnums.数值Type.奇宝点:","","plugin-source/v10-source-restoration/gEdioZfkTLM2TXU6jgd/uh2edhfVGtogUy49Lpv.cs","143"
"plugin-core","gEdioZfkTLM2TXU6jgd.uh2edhfVGtogUy49Lpv","ALHfp3Nlra","case AllEnums.数值Type.灵气值:","","plugin-source/v10-source-restoration/gEdioZfkTLM2TXU6jgd/uh2edhfVGtogUy49Lpv.cs","146"
"plugin-core","gEdioZfkTLM2TXU6jgd.uh2edhfVGtogUy49Lpv","ALHfp3Nlra","case AllEnums.数值Type.潜能:","","plugin-source/v10-source-restoration/gEdioZfkTLM2TXU6jgd/uh2edhfVGtogUy49Lpv.cs","149"
"plugin-core","gEdioZfkTLM2TXU6jgd.uh2edhfVGtogUy49Lpv","yf6f1XgX3g","case AllEnums.数值Type.道行:","defaultInterpolatedStringHandler.AppendLiteral; defaultInterpolatedStringHandler.AppendFormatted; P_0.C_Send; i8.提示_中心提醒; defaultInterpolatedStringHandler.ToStringAndClear; Singleton<WdAPI>.I.PndoGw5lW7","plugin-source/v10-source-restoration/gEdioZfkTLM2TXU6jgd/uh2edhfVGtogUy49Lpv.cs","202"
"plugin-core","gEdioZfkTLM2TXU6jgd.uh2edhfVGtogUy49Lpv","yf6f1XgX3g","case AllEnums.数值Type.声望:","defaultInterpolatedStringHandler.AppendLiteral; defaultInterpolatedStringHandler.AppendFormatted; P_0.C_Send; i9.提示_中心提醒; defaultInterpolatedStringHandler.ToStringAndClear; Singleton<WdAPI>.I.PndoGw5lW7","plugin-source/v10-source-restoration/gEdioZfkTLM2TXU6jgd/uh2edhfVGtogUy49Lpv.cs","228"
"plugin-core","gEdioZfkTLM2TXU6jgd.uh2edhfVGtogUy49Lpv","yf6f1XgX3g","case AllEnums.数值Type.战绩:","defaultInterpolatedStringHandler.AppendLiteral; defaultInterpolatedStringHandler.AppendFormatted; P_0.C_Send; i5.提示_中心提醒; defaultInterpolatedStringHandler.ToStringAndClear; Singleton<WdAPI>.I.PndoGw5lW7","plugin-source/v10-source-restoration/gEdioZfkTLM2TXU6jgd/uh2edhfVGtogUy49Lpv.cs","254"
"plugin-core","gEdioZfkTLM2TXU6jgd.uh2edhfVGtogUy49Lpv","yf6f1XgX3g","case AllEnums.数值Type.潜能:","defaultInterpolatedStringHandler.AppendLiteral; defaultInterpolatedStringHandler.AppendFormatted; P_0.C_Send; i3.提示_中心提醒; defaultInterpolatedStringHandler.ToStringAndClear; Singleton<WdAPI>.I.PndoGw5lW7","plugin-source/v10-source-restoration/gEdioZfkTLM2TXU6jgd/uh2edhfVGtogUy49Lpv.cs","280"
"plugin-core","gEdioZfkTLM2TXU6jgd.uh2edhfVGtogUy49Lpv","yf6f1XgX3g","case AllEnums.数值Type.金钱:","P_0.C_Send; Singleton<WdAPI>.I.提示_中心提醒; Singleton<WdAPI>.I.问道标准数值文本; Singleton<WdAPI>.I.PndoGw5lW7; defaultInterpolatedStringHandler.AppendLiteral; defaultInterpolatedStringHandler.AppendFormatted; defaultInterpolatedStringHandler.ToStringAndClear","plugin-source/v10-source-restoration/gEdioZfkTLM2TXU6jgd/uh2edhfVGtogUy49Lpv.cs","306"
"plugin-core","gEdioZfkTLM2TXU6jgd.uh2edhfVGtogUy49Lpv","yf6f1XgX3g","case AllEnums.数值Type.代金券:","P_0.C_Send; Singleton<WdAPI>.I.提示_中心提醒; Singleton<WdAPI>.I.问道标准数值文本; Singleton<WdAPI>.I.PndoGw5lW7; defaultInterpolatedStringHandler.AppendLiteral; defaultInterpolatedStringHandler.AppendFormatted; defaultInterpolatedStringHandler.ToStringAndClear","plugin-source/v10-source-restoration/gEdioZfkTLM2TXU6jgd/uh2edhfVGtogUy49Lpv.cs","327"
"plugin-core","gEdioZfkTLM2TXU6jgd.uh2edhfVGtogUy49Lpv","yf6f1XgX3g","case AllEnums.数值Type.金元宝:","defaultInterpolatedStringHandler.AppendLiteral; defaultInterpolatedStringHandler.AppendFormatted; P_0.C_Send; i10.提示_中心提醒; defaultInterpolatedStringHandler.ToStringAndClear; Singleton<WdAPI>.I.PndoGw5lW7","plugin-source/v10-source-restoration/gEdioZfkTLM2TXU6jgd/uh2edhfVGtogUy49Lpv.cs","348"
"plugin-core","gEdioZfkTLM2TXU6jgd.uh2edhfVGtogUy49Lpv","yf6f1XgX3g","case AllEnums.数值Type.银元宝:","defaultInterpolatedStringHandler.AppendLiteral; defaultInterpolatedStringHandler.AppendFormatted; P_0.C_Send; i6.提示_中心提醒; defaultInterpolatedStringHandler.ToStringAndClear; Singleton<WdAPI>.I.PndoGw5lW7","plugin-source/v10-source-restoration/gEdioZfkTLM2TXU6jgd/uh2edhfVGtogUy49Lpv.cs","374"
"plugin-core","gEdioZfkTLM2TXU6jgd.uh2edhfVGtogUy49Lpv","yf6f1XgX3g","case AllEnums.数值Type.累充点:","defaultInterpolatedStringHandler.AppendLiteral; defaultInterpolatedStringHandler.AppendFormatted; P_0.C_Send; i2.提示_中心提醒; defaultInterpolatedStringHandler.ToStringAndClear; Singleton<WdAPI>.I.PndoGw5lW7","plugin-source/v10-source-restoration/gEdioZfkTLM2TXU6jgd/uh2edhfVGtogUy49Lpv.cs","400"
"plugin-core","gEdioZfkTLM2TXU6jgd.uh2edhfVGtogUy49Lpv","yf6f1XgX3g","case AllEnums.数值Type.南极点:","defaultInterpolatedStringHandler.AppendLiteral; defaultInterpolatedStringHandler.AppendFormatted; P_0.C_Send; i7.提示_中心提醒; defaultInterpolatedStringHandler.ToStringAndClear; Singleton<WdAPI>.I.PndoGw5lW7","plugin-source/v10-source-restoration/gEdioZfkTLM2TXU6jgd/uh2edhfVGtogUy49Lpv.cs","426"
"plugin-core","gEdioZfkTLM2TXU6jgd.uh2edhfVGtogUy49Lpv","yf6f1XgX3g","case AllEnums.数值Type.奇宝点:","defaultInterpolatedStringHandler.AppendLiteral; defaultInterpolatedStringHandler.AppendFormatted; P_0.C_Send; i4.提示_中心提醒; defaultInterpolatedStringHandler.ToStringAndClear; Singleton<WdAPI>.I.PndoGw5lW7","plugin-source/v10-source-restoration/gEdioZfkTLM2TXU6jgd/uh2edhfVGtogUy49Lpv.cs","452"
"plugin-core","gEdioZfkTLM2TXU6jgd.uh2edhfVGtogUy49Lpv","yf6f1XgX3g","case AllEnums.数值Type.灵气值:","defaultInterpolatedStringHandler.AppendLiteral; defaultInterpolatedStringHandler.AppendFormatted; P_0.C_Send; i.提示_中心提醒; defaultInterpolatedStringHandler.ToStringAndClear; Singleton<WdAPI>.I.PndoGw5lW7","plugin-source/v10-source-restoration/gEdioZfkTLM2TXU6jgd/uh2edhfVGtogUy49Lpv.cs","478"
"plugin-core","GJSyJYUDOfxE331QwT1.EfHAVFUgqrnaj1QwnLW","zKSUiidHmj","case 5:","","plugin-source/v10-source-restoration/GJSyJYUDOfxE331QwT1/EfHAVFUgqrnaj1QwnLW.cs","358"
"plugin-core","GJSyJYUDOfxE331QwT1.EfHAVFUgqrnaj1QwnLW","zKSUiidHmj","case 10:","","plugin-source/v10-source-restoration/GJSyJYUDOfxE331QwT1/EfHAVFUgqrnaj1QwnLW.cs","362"
"plugin-core","GJSyJYUDOfxE331QwT1.EfHAVFUgqrnaj1QwnLW","zKSUiidHmj","case 20:","","plugin-source/v10-source-restoration/GJSyJYUDOfxE331QwT1/EfHAVFUgqrnaj1QwnLW.cs","366"
"plugin-core","GJSyJYUDOfxE331QwT1.EfHAVFUgqrnaj1QwnLW","zKSUiidHmj","case 40:","","plugin-source/v10-source-restoration/GJSyJYUDOfxE331QwT1/EfHAVFUgqrnaj1QwnLW.cs","370"
"plugin-core","GJSyJYUDOfxE331QwT1.EfHAVFUgqrnaj1QwnLW","zKSUiidHmj","case 60:","","plugin-source/v10-source-restoration/GJSyJYUDOfxE331QwT1/EfHAVFUgqrnaj1QwnLW.cs","374"
"plugin-core","GJSyJYUDOfxE331QwT1.EfHAVFUgqrnaj1QwnLW","zKSUiidHmj","case 80:","","plugin-source/v10-source-restoration/GJSyJYUDOfxE331QwT1/EfHAVFUgqrnaj1QwnLW.cs","378"
"plugin-core","GJSyJYUDOfxE331QwT1.EfHAVFUgqrnaj1QwnLW","zKSUiidHmj","case 100:","","plugin-source/v10-source-restoration/GJSyJYUDOfxE331QwT1/EfHAVFUgqrnaj1QwnLW.cs","382"
"plugin-core","H0Y8GEJQx5wfb6t3alR.MtacAPJOeul0knZiQar","HwtJtSuiHH","case AllEnums.数值Type.金元宝:","defaultInterpolatedStringHandler.AppendLiteral; defaultInterpolatedStringHandler.AppendFormatted; P_0.C_Send; i4.提示_中心提醒; defaultInterpolatedStringHandler.ToStringAndClear; DB.I.cAJNoOkab6; i5.提示_中心提醒; i6.提示_杂项公告","plugin-source/v10-source-restoration/H0Y8GEJQx5wfb6t3alR/MtacAPJOeul0knZiQar.cs","537"
"plugin-core","H0Y8GEJQx5wfb6t3alR.MtacAPJOeul0knZiQar","HwtJtSuiHH","case AllEnums.数值Type.银元宝:","defaultInterpolatedStringHandler.AppendLiteral; defaultInterpolatedStringHandler.AppendFormatted; P_0.C_Send; i13.提示_中心提醒; defaultInterpolatedStringHandler.ToStringAndClear; DB.I.cAJNoOkab6; i14.提示_中心提醒; i15.提示_杂项公告","plugin-source/v10-source-restoration/H0Y8GEJQx5wfb6t3alR/MtacAPJOeul0knZiQar.cs","578"
"plugin-core","H0Y8GEJQx5wfb6t3alR.MtacAPJOeul0knZiQar","HwtJtSuiHH","case AllEnums.数值Type.金钱:","defaultInterpolatedStringHandler.AppendLiteral; defaultInterpolatedStringHandler.AppendFormatted; Singleton<WdAPI>.I.问道标准数值文本; P_0.C_Send; i7.提示_中心提醒; defaultInterpolatedStringHandler.ToStringAndClear; Singleton<WdAPI>.I.PndoGw5lW7; i8.提示_杂项公告","plugin-source/v10-source-restoration/H0Y8GEJQx5wfb6t3alR/MtacAPJOeul0knZiQar.cs","619"
"plugin-core","H0Y8GEJQx5wfb6t3alR.MtacAPJOeul0knZiQar","HwtJtSuiHH","case AllEnums.数值Type.累充点:","defaultInterpolatedStringHandler.AppendLiteral; defaultInterpolatedStringHandler.AppendFormatted; P_0.C_Send; i11.提示_中心提醒; defaultInterpolatedStringHandler.ToStringAndClear; Singleton<WdAPI>.I.PndoGw5lW7; i12.提示_杂项公告","plugin-source/v10-source-restoration/H0Y8GEJQx5wfb6t3alR/MtacAPJOeul0knZiQar.cs","649"
"plugin-core","H0Y8GEJQx5wfb6t3alR.MtacAPJOeul0knZiQar","HwtJtSuiHH","case AllEnums.数值Type.南极点:","defaultInterpolatedStringHandler.AppendLiteral; defaultInterpolatedStringHandler.AppendFormatted; P_0.C_Send; i16.提示_中心提醒; defaultInterpolatedStringHandler.ToStringAndClear; Singleton<WdAPI>.I.PndoGw5lW7; i17.提示_杂项公告","plugin-source/v10-source-restoration/H0Y8GEJQx5wfb6t3alR/MtacAPJOeul0knZiQar.cs","679"
"plugin-core","H0Y8GEJQx5wfb6t3alR.MtacAPJOeul0knZiQar","HwtJtSuiHH","case AllEnums.数值Type.奇宝点:","defaultInterpolatedStringHandler.AppendLiteral; defaultInterpolatedStringHandler.AppendFormatted; P_0.C_Send; i9.提示_中心提醒; defaultInterpolatedStringHandler.ToStringAndClear; Singleton<WdAPI>.I.PndoGw5lW7; i10.提示_杂项公告","plugin-source/v10-source-restoration/H0Y8GEJQx5wfb6t3alR/MtacAPJOeul0knZiQar.cs","709"
"plugin-core","H0Y8GEJQx5wfb6t3alR.MtacAPJOeul0knZiQar","HwtJtSuiHH","case AllEnums.数值Type.灵气值:","defaultInterpolatedStringHandler.AppendLiteral; defaultInterpolatedStringHandler.AppendFormatted; P_0.C_Send; i2.提示_中心提醒; defaultInterpolatedStringHandler.ToStringAndClear; Singleton<WdAPI>.I.PndoGw5lW7; i3.提示_杂项公告","plugin-source/v10-source-restoration/H0Y8GEJQx5wfb6t3alR/MtacAPJOeul0knZiQar.cs","739"
"plugin-core","H0Y8GEJQx5wfb6t3alR.MtacAPJOeul0knZiQar","HwtJtSuiHH","default:","Task.Delay","plugin-source/v10-source-restoration/H0Y8GEJQx5wfb6t3alR/MtacAPJOeul0knZiQar.cs","769"
"plugin-core","HS2GfXB7hJCX6tDXuc0.mDs6hiBvFvG3CRi3MZk","地府商城购买确定","case AllEnums.数值Type.潜能:","defaultInterpolatedStringHandler.AppendLiteral; defaultInterpolatedStringHandler.AppendFormatted; myNATSocketClient4.C_Send; i4.提示_中心提醒; defaultInterpolatedStringHandler.ToStringAndClear","plugin-source/v10-source-restoration/HS2GfXB7hJCX6tDXuc0/mDs6hiBvFvG3CRi3MZk.cs","455"
"plugin-core","HS2GfXB7hJCX6tDXuc0.mDs6hiBvFvG3CRi3MZk","地府商城购买确定","case AllEnums.数值Type.道行:","CS_0024_003C_003E8__locals154.vvsaNhn13E.C_Send; Singleton<WdAPI>.I.提示_中心提醒; TrjBpRk3tp.TryGetValue; defaultInterpolatedStringHandler.AppendLiteral; defaultInterpolatedStringHandler.AppendFormatted; myNATSocketClient8.C_Send; i8.提示_中心提醒; defaultInterpolatedStringHandler.ToStringAndClear; myNATSocketClient9.C_Send; i9.提示_中心提醒","plugin-source/v10-source-restoration/HS2GfXB7hJCX6tDXuc0/mDs6hiBvFvG3CRi3MZk.cs","468"
"plugin-core","HS2GfXB7hJCX6tDXuc0.mDs6hiBvFvG3CRi3MZk","地府商城购买确定","case AllEnums.数值Type.声望:","defaultInterpolatedStringHandler.AppendLiteral; defaultInterpolatedStringHandler.AppendFormatted; myNATSocketClient5.C_Send; i5.提示_中心提醒; defaultInterpolatedStringHandler.ToStringAndClear","plugin-source/v10-source-restoration/HS2GfXB7hJCX6tDXuc0/mDs6hiBvFvG3CRi3MZk.cs","502"
"plugin-core","HS2GfXB7hJCX6tDXuc0.mDs6hiBvFvG3CRi3MZk","地府商城购买确定","case AllEnums.数值Type.累充点:","defaultInterpolatedStringHandler.AppendLiteral; defaultInterpolatedStringHandler.AppendFormatted; myNATSocketClient7.C_Send; i7.提示_中心提醒; defaultInterpolatedStringHandler.ToStringAndClear","plugin-source/v10-source-restoration/HS2GfXB7hJCX6tDXuc0/mDs6hiBvFvG3CRi3MZk.cs","515"
"plugin-core","HS2GfXB7hJCX6tDXuc0.mDs6hiBvFvG3CRi3MZk","地府商城购买确定","case AllEnums.数值Type.奇宝点:","defaultInterpolatedStringHandler.AppendLiteral; defaultInterpolatedStringHandler.AppendFormatted; myNATSocketClient10.C_Send; i10.提示_中心提醒; defaultInterpolatedStringHandler.ToStringAndClear","plugin-source/v10-source-restoration/HS2GfXB7hJCX6tDXuc0/mDs6hiBvFvG3CRi3MZk.cs","528"
"plugin-core","HS2GfXB7hJCX6tDXuc0.mDs6hiBvFvG3CRi3MZk","地府商城购买确定","case AllEnums.数值Type.灵气值:","defaultInterpolatedStringHandler.AppendLiteral; defaultInterpolatedStringHandler.AppendFormatted; myNATSocketClient6.C_Send; i6.提示_中心提醒; defaultInterpolatedStringHandler.ToStringAndClear","plugin-source/v10-source-restoration/HS2GfXB7hJCX6tDXuc0/mDs6hiBvFvG3CRi3MZk.cs","541"
"plugin-core","HS2GfXB7hJCX6tDXuc0.mDs6hiBvFvG3CRi3MZk","地府商城购买确定","case AllEnums.数值Type.论道点:","defaultInterpolatedStringHandler.AppendLiteral; defaultInterpolatedStringHandler.AppendFormatted; myNATSocketClient3.C_Send; i3.提示_中心提醒; defaultInterpolatedStringHandler.ToStringAndClear","plugin-source/v10-source-restoration/HS2GfXB7hJCX6tDXuc0/mDs6hiBvFvG3CRi3MZk.cs","554"
"plugin-core","HS2GfXB7hJCX6tDXuc0.mDs6hiBvFvG3CRi3MZk","地府商城购买确定","case AllEnums.数值Type.潜能:","Singleton<WdAPI>.I.PndoGw5lW7","plugin-source/v10-source-restoration/HS2GfXB7hJCX6tDXuc0/mDs6hiBvFvG3CRi3MZk.cs","611"
"plugin-core","HS2GfXB7hJCX6tDXuc0.mDs6hiBvFvG3CRi3MZk","地府商城购买确定","case AllEnums.数值Type.道行:","Singleton<WdAPI>.I.PndoGw5lW7","plugin-source/v10-source-restoration/HS2GfXB7hJCX6tDXuc0/mDs6hiBvFvG3CRi3MZk.cs","614"
"plugin-core","HS2GfXB7hJCX6tDXuc0.mDs6hiBvFvG3CRi3MZk","地府商城购买确定","case AllEnums.数值Type.声望:","Singleton<WdAPI>.I.PndoGw5lW7","plugin-source/v10-source-restoration/HS2GfXB7hJCX6tDXuc0/mDs6hiBvFvG3CRi3MZk.cs","617"
"plugin-core","HS2GfXB7hJCX6tDXuc0.mDs6hiBvFvG3CRi3MZk","地府商城购买确定","case AllEnums.数值Type.累充点:","Singleton<WdAPI>.I.PndoGw5lW7","plugin-source/v10-source-restoration/HS2GfXB7hJCX6tDXuc0/mDs6hiBvFvG3CRi3MZk.cs","620"
"plugin-core","HS2GfXB7hJCX6tDXuc0.mDs6hiBvFvG3CRi3MZk","地府商城购买确定","case AllEnums.数值Type.奇宝点:","Singleton<WdAPI>.I.PndoGw5lW7","plugin-source/v10-source-restoration/HS2GfXB7hJCX6tDXuc0/mDs6hiBvFvG3CRi3MZk.cs","623"
"plugin-core","HS2GfXB7hJCX6tDXuc0.mDs6hiBvFvG3CRi3MZk","地府商城购买确定","case AllEnums.数值Type.灵气值:","Singleton<WdAPI>.I.PndoGw5lW7","plugin-source/v10-source-restoration/HS2GfXB7hJCX6tDXuc0/mDs6hiBvFvG3CRi3MZk.cs","626"
"plugin-core","HS2GfXB7hJCX6tDXuc0.mDs6hiBvFvG3CRi3MZk","地府商城购买确定","case AllEnums.数值Type.论道点:","Singleton<WdAPI>.I.PndoGw5lW7","plugin-source/v10-source-restoration/HS2GfXB7hJCX6tDXuc0/mDs6hiBvFvG3CRi3MZk.cs","629"
"plugin-core","HS2GfXB7hJCX6tDXuc0.mDs6hiBvFvG3CRi3MZk","地府商城购买确定","case AllEnums.数值Type.潜能:","Singleton<WdAPI>.I.PndoGw5lW7","plugin-source/v10-source-restoration/HS2GfXB7hJCX6tDXuc0/mDs6hiBvFvG3CRi3MZk.cs","690"
"plugin-core","HS2GfXB7hJCX6tDXuc0.mDs6hiBvFvG3CRi3MZk","地府商城购买确定","case AllEnums.数值Type.道行:","Singleton<WdAPI>.I.PndoGw5lW7","plugin-source/v10-source-restoration/HS2GfXB7hJCX6tDXuc0/mDs6hiBvFvG3CRi3MZk.cs","693"
"plugin-core","HS2GfXB7hJCX6tDXuc0.mDs6hiBvFvG3CRi3MZk","地府商城购买确定","case AllEnums.数值Type.声望:","Singleton<WdAPI>.I.PndoGw5lW7","plugin-source/v10-source-restoration/HS2GfXB7hJCX6tDXuc0/mDs6hiBvFvG3CRi3MZk.cs","696"
"plugin-core","HS2GfXB7hJCX6tDXuc0.mDs6hiBvFvG3CRi3MZk","地府商城购买确定","case AllEnums.数值Type.累充点:","Singleton<WdAPI>.I.PndoGw5lW7","plugin-source/v10-source-restoration/HS2GfXB7hJCX6tDXuc0/mDs6hiBvFvG3CRi3MZk.cs","699"
"plugin-core","HS2GfXB7hJCX6tDXuc0.mDs6hiBvFvG3CRi3MZk","地府商城购买确定","case AllEnums.数值Type.奇宝点:","Singleton<WdAPI>.I.PndoGw5lW7","plugin-source/v10-source-restoration/HS2GfXB7hJCX6tDXuc0/mDs6hiBvFvG3CRi3MZk.cs","702"
"plugin-core","HS2GfXB7hJCX6tDXuc0.mDs6hiBvFvG3CRi3MZk","地府商城购买确定","case AllEnums.数值Type.灵气值:","Singleton<WdAPI>.I.PndoGw5lW7","plugin-source/v10-source-restoration/HS2GfXB7hJCX6tDXuc0/mDs6hiBvFvG3CRi3MZk.cs","705"
"plugin-core","HS2GfXB7hJCX6tDXuc0.mDs6hiBvFvG3CRi3MZk._003C_003Ec__DisplayClass14_1","I4UamGox4k","case AllEnums.数值Type.潜能:","Singleton<WdAPI>.I.PndoGw5lW7","plugin-source/v10-source-restoration/HS2GfXB7hJCX6tDXuc0/mDs6hiBvFvG3CRi3MZk.cs","80"
"plugin-core","HS2GfXB7hJCX6tDXuc0.mDs6hiBvFvG3CRi3MZk._003C_003Ec__DisplayClass14_1","I4UamGox4k","case AllEnums.数值Type.道行:","Singleton<WdAPI>.I.PndoGw5lW7","plugin-source/v10-source-restoration/HS2GfXB7hJCX6tDXuc0/mDs6hiBvFvG3CRi3MZk.cs","83"
"plugin-core","HS2GfXB7hJCX6tDXuc0.mDs6hiBvFvG3CRi3MZk._003C_003Ec__DisplayClass14_1","I4UamGox4k","case AllEnums.数值Type.声望:","Singleton<WdAPI>.I.PndoGw5lW7","plugin-source/v10-source-restoration/HS2GfXB7hJCX6tDXuc0/mDs6hiBvFvG3CRi3MZk.cs","86"
"plugin-core","HS2GfXB7hJCX6tDXuc0.mDs6hiBvFvG3CRi3MZk._003C_003Ec__DisplayClass14_1","I4UamGox4k","case AllEnums.数值Type.累充点:","Singleton<WdAPI>.I.PndoGw5lW7","plugin-source/v10-source-restoration/HS2GfXB7hJCX6tDXuc0/mDs6hiBvFvG3CRi3MZk.cs","89"
"plugin-core","HS2GfXB7hJCX6tDXuc0.mDs6hiBvFvG3CRi3MZk._003C_003Ec__DisplayClass14_1","I4UamGox4k","case AllEnums.数值Type.奇宝点:","Singleton<WdAPI>.I.PndoGw5lW7","plugin-source/v10-source-restoration/HS2GfXB7hJCX6tDXuc0/mDs6hiBvFvG3CRi3MZk.cs","92"
"plugin-core","HS2GfXB7hJCX6tDXuc0.mDs6hiBvFvG3CRi3MZk._003C_003Ec__DisplayClass14_1","I4UamGox4k","case AllEnums.数值Type.灵气值:","Singleton<WdAPI>.I.PndoGw5lW7","plugin-source/v10-source-restoration/HS2GfXB7hJCX6tDXuc0/mDs6hiBvFvG3CRi3MZk.cs","95"
"plugin-core","HS2GfXB7hJCX6tDXuc0.mDs6hiBvFvG3CRi3MZk._003C_003Ec__DisplayClass14_1","I4UamGox4k","case AllEnums.数值Type.论道点:","Singleton<WdAPI>.I.PndoGw5lW7","plugin-source/v10-source-restoration/HS2GfXB7hJCX6tDXuc0/mDs6hiBvFvG3CRi3MZk.cs","98"
"plugin-core","irBd2ubEj0IMVbGRstp.cGiRplbQfaJV9guWDIS","RptbHtQJgI","case AllEnums.数值Type.金元宝:","defaultInterpolatedStringHandler.AppendLiteral; defaultInterpolatedStringHandler.AppendFormatted; P_0.C_Send; i3.提示_中心提醒; defaultInterpolatedStringHandler.ToStringAndClear; DB.I.cAJNoOkab6; Singleton<WdAPI>.I.提示_中心提醒; i4.提示_杂项公告","plugin-source/v10-source-restoration/irBd2ubEj0IMVbGRstp/cGiRplbQfaJV9guWDIS.cs","126"
"plugin-core","irBd2ubEj0IMVbGRstp.cGiRplbQfaJV9guWDIS","RptbHtQJgI","case AllEnums.数值Type.银元宝:","defaultInterpolatedStringHandler.AppendLiteral; defaultInterpolatedStringHandler.AppendFormatted; P_0.C_Send; i8.提示_中心提醒; defaultInterpolatedStringHandler.ToStringAndClear; DB.I.cAJNoOkab6; Singleton<WdAPI>.I.提示_中心提醒; i9.提示_杂项公告","plugin-source/v10-source-restoration/irBd2ubEj0IMVbGRstp/cGiRplbQfaJV9guWDIS.cs","154"
"plugin-core","irBd2ubEj0IMVbGRstp.cGiRplbQfaJV9guWDIS","RptbHtQJgI","case AllEnums.数值Type.金钱:","P_0.C_Send; Singleton<WdAPI>.I.提示_中心提醒; Singleton<WdAPI>.I.问道标准数值文本; Singleton<WdAPI>.I.PndoGw5lW7; defaultInterpolatedStringHandler.AppendLiteral; defaultInterpolatedStringHandler.AppendFormatted; i5.提示_杂项公告; defaultInterpolatedStringHandler.ToStringAndClear","plugin-source/v10-source-restoration/irBd2ubEj0IMVbGRstp/cGiRplbQfaJV9guWDIS.cs","182"
"plugin-core","irBd2ubEj0IMVbGRstp.cGiRplbQfaJV9guWDIS","RptbHtQJgI","case AllEnums.数值Type.奇宝点:","defaultInterpolatedStringHandler.AppendLiteral; defaultInterpolatedStringHandler.AppendFormatted; P_0.C_Send; i6.提示_中心提醒; defaultInterpolatedStringHandler.ToStringAndClear; Singleton<WdAPI>.I.PndoGw5lW7; i7.提示_杂项公告","plugin-source/v10-source-restoration/irBd2ubEj0IMVbGRstp/cGiRplbQfaJV9guWDIS.cs","200"
"plugin-core","irBd2ubEj0IMVbGRstp.cGiRplbQfaJV9guWDIS","RptbHtQJgI","case AllEnums.数值Type.南极点:","defaultInterpolatedStringHandler.AppendLiteral; defaultInterpolatedStringHandler.AppendFormatted; P_0.C_Send; i.提示_中心提醒; defaultInterpolatedStringHandler.ToStringAndClear; Singleton<WdAPI>.I.PndoGw5lW7; i2.提示_杂项公告","plugin-source/v10-source-restoration/irBd2ubEj0IMVbGRstp/cGiRplbQfaJV9guWDIS.cs","224"
"plugin-core","irBd2ubEj0IMVbGRstp.cGiRplbQfaJV9guWDIS","dtWb4K6e4h","case AllEnums.数值Type.等级:","Singleton<WdAPI>.I.PndoGw5lW7; defaultInterpolatedStringHandler.AppendLiteral; defaultInterpolatedStringHandler.AppendFormatted; P_0.C_Send; i9.提示_提醒和杂项公告; defaultInterpolatedStringHandler.ToStringAndClear","plugin-source/v10-source-restoration/irBd2ubEj0IMVbGRstp/cGiRplbQfaJV9guWDIS.cs","342"
"plugin-core","irBd2ubEj0IMVbGRstp.cGiRplbQfaJV9guWDIS","dtWb4K6e4h","case AllEnums.数值Type.道行:","Singleton<WdAPI>.I.PndoGw5lW7; P_0.C_Send; Singleton<WdAPI>.I.提示_提醒和杂项公告; Singleton<WdAPI>.I.道行转文本","plugin-source/v10-source-restoration/irBd2ubEj0IMVbGRstp/cGiRplbQfaJV9guWDIS.cs","353"
"plugin-core","irBd2ubEj0IMVbGRstp.cGiRplbQfaJV9guWDIS","dtWb4K6e4h","case AllEnums.数值Type.经验:","Singleton<WdAPI>.I.PndoGw5lW7; defaultInterpolatedStringHandler.AppendLiteral; defaultInterpolatedStringHandler.AppendFormatted; P_0.C_Send; i5.提示_提醒和杂项公告; defaultInterpolatedStringHandler.ToStringAndClear","plugin-source/v10-source-restoration/irBd2ubEj0IMVbGRstp/cGiRplbQfaJV9guWDIS.cs","357"
"plugin-core","irBd2ubEj0IMVbGRstp.cGiRplbQfaJV9guWDIS","dtWb4K6e4h","case AllEnums.数值Type.声望:","Singleton<WdAPI>.I.PndoGw5lW7; defaultInterpolatedStringHandler.AppendLiteral; defaultInterpolatedStringHandler.AppendFormatted; P_0.C_Send; i11.提示_提醒和杂项公告; defaultInterpolatedStringHandler.ToStringAndClear","plugin-source/v10-source-restoration/irBd2ubEj0IMVbGRstp/cGiRplbQfaJV9guWDIS.cs","368"
"plugin-core","irBd2ubEj0IMVbGRstp.cGiRplbQfaJV9guWDIS","dtWb4K6e4h","case AllEnums.数值Type.战绩:","Singleton<WdAPI>.I.PndoGw5lW7; defaultInterpolatedStringHandler.AppendLiteral; defaultInterpolatedStringHandler.AppendFormatted; P_0.C_Send; i10.提示_提醒和杂项公告; defaultInterpolatedStringHandler.ToStringAndClear","plugin-source/v10-source-restoration/irBd2ubEj0IMVbGRstp/cGiRplbQfaJV9guWDIS.cs","379"
"plugin-core","irBd2ubEj0IMVbGRstp.cGiRplbQfaJV9guWDIS","dtWb4K6e4h","case AllEnums.数值Type.金元宝:","DB.I.cAJNoOkab6; defaultInterpolatedStringHandler.AppendLiteral; defaultInterpolatedStringHandler.AppendFormatted; P_0.C_Send; i8.提示_提醒和杂项公告; defaultInterpolatedStringHandler.ToStringAndClear","plugin-source/v10-source-restoration/irBd2ubEj0IMVbGRstp/cGiRplbQfaJV9guWDIS.cs","390"
"plugin-core","irBd2ubEj0IMVbGRstp.cGiRplbQfaJV9guWDIS","dtWb4K6e4h","case AllEnums.数值Type.银元宝:","DB.I.cAJNoOkab6; defaultInterpolatedStringHandler.AppendLiteral; defaultInterpolatedStringHandler.AppendFormatted; P_0.C_Send; i7.提示_提醒和杂项公告; defaultInterpolatedStringHandler.ToStringAndClear","plugin-source/v10-source-restoration/irBd2ubEj0IMVbGRstp/cGiRplbQfaJV9guWDIS.cs","401"
"plugin-core","irBd2ubEj0IMVbGRstp.cGiRplbQfaJV9guWDIS","dtWb4K6e4h","case AllEnums.数值Type.金钱:","Singleton<WdAPI>.I.PndoGw5lW7; P_0.C_Send; Singleton<WdAPI>.I.提示_提醒和杂项公告; Singleton<WdAPI>.I.问道标准数值文本","plugin-source/v10-source-restoration/irBd2ubEj0IMVbGRstp/cGiRplbQfaJV9guWDIS.cs","412"
"plugin-core","irBd2ubEj0IMVbGRstp.cGiRplbQfaJV9guWDIS","dtWb4K6e4h","case AllEnums.数值Type.累充点:","Singleton<WdAPI>.I.PndoGw5lW7; defaultInterpolatedStringHandler.AppendLiteral; defaultInterpolatedStringHandler.AppendFormatted; P_0.C_Send; i6.提示_提醒和杂项公告; defaultInterpolatedStringHandler.ToStringAndClear","plugin-source/v10-source-restoration/irBd2ubEj0IMVbGRstp/cGiRplbQfaJV9guWDIS.cs","416"
"plugin-core","irBd2ubEj0IMVbGRstp.cGiRplbQfaJV9guWDIS","dtWb4K6e4h","case AllEnums.数值Type.道具:","Singleton<WdAPI>.I.PndoGw5lW7; defaultInterpolatedStringHandler.AppendLiteral; defaultInterpolatedStringHandler.AppendFormatted; P_0.C_Send; i4.提示_提醒和杂项公告; defaultInterpolatedStringHandler.ToStringAndClear","plugin-source/v10-source-restoration/irBd2ubEj0IMVbGRstp/cGiRplbQfaJV9guWDIS.cs","427"
"plugin-core","irBd2ubEj0IMVbGRstp.cGiRplbQfaJV9guWDIS","dtWb4K6e4h","case AllEnums.数值Type.体力:","Singleton<WdAPI>.I.PndoGw5lW7; defaultInterpolatedStringHandler.AppendLiteral; defaultInterpolatedStringHandler.AppendFormatted; P_0.C_Send; i3.提示_提醒和杂项公告; defaultInterpolatedStringHandler.ToStringAndClear","plugin-source/v10-source-restoration/irBd2ubEj0IMVbGRstp/cGiRplbQfaJV9guWDIS.cs","440"
"plugin-core","irBd2ubEj0IMVbGRstp.cGiRplbQfaJV9guWDIS","dtWb4K6e4h","case AllEnums.数值Type.南极点:","Singleton<WdAPI>.I.PndoGw5lW7; defaultInterpolatedStringHandler.AppendLiteral; defaultInterpolatedStringHandler.AppendFormatted; P_0.C_Send; i2.提示_提醒和杂项公告; defaultInterpolatedStringHandler.ToStringAndClear","plugin-source/v10-source-restoration/irBd2ubEj0IMVbGRstp/cGiRplbQfaJV9guWDIS.cs","451"
"plugin-core","irBd2ubEj0IMVbGRstp.cGiRplbQfaJV9guWDIS","dtWb4K6e4h","case AllEnums.数值Type.代金券:","Singleton<WdAPI>.I.PndoGw5lW7; P_0.C_Send; Singleton<WdAPI>.I.提示_提醒和杂项公告; Singleton<WdAPI>.I.问道标准数值文本","plugin-source/v10-source-restoration/irBd2ubEj0IMVbGRstp/cGiRplbQfaJV9guWDIS.cs","462"
"plugin-core","irBd2ubEj0IMVbGRstp.cGiRplbQfaJV9guWDIS","dtWb4K6e4h","case AllEnums.数值Type.宠物:","Singleton<WdAPI>.I.PndoGw5lW7; P_0.C_Send; Singleton<WdAPI>.I.提示_提醒和杂项公告","plugin-source/v10-source-restoration/irBd2ubEj0IMVbGRstp/cGiRplbQfaJV9guWDIS.cs","466"
"plugin-core","irBd2ubEj0IMVbGRstp.cGiRplbQfaJV9guWDIS","dtWb4K6e4h","case AllEnums.数值Type.坐骑:","Singleton<WdAPI>.I.PndoGw5lW7; P_0.C_Send; Singleton<WdAPI>.I.提示_提醒和杂项公告","plugin-source/v10-source-restoration/irBd2ubEj0IMVbGRstp/cGiRplbQfaJV9guWDIS.cs","470"
"plugin-core","irBd2ubEj0IMVbGRstp.cGiRplbQfaJV9guWDIS","dtWb4K6e4h","case AllEnums.数值Type.气血上限:","","plugin-source/v10-source-restoration/irBd2ubEj0IMVbGRstp/cGiRplbQfaJV9guWDIS.cs","474"
"plugin-core","ixYEhcwWIdwrtDxOO94.MbtVicwUkp5LuxTooFW","rVywN4tQBg","case AllEnums.数值Type.金元宝:","defaultInterpolatedStringHandler.AppendLiteral; defaultInterpolatedStringHandler.AppendFormatted; myNATSocketClient16.C_Send; i16.提示_中心提醒; defaultInterpolatedStringHandler.ToStringAndClear; DB.I.cAJNoOkab6; myNATSocketClient17.C_Send; i17.提示_中心提醒; myNATSocketClient18.C_Send; i18.提示_杂项公告","plugin-source/v10-source-restoration/ixYEhcwWIdwrtDxOO94/MbtVicwUkp5LuxTooFW.cs","519"
"plugin-core","ixYEhcwWIdwrtDxOO94.MbtVicwUkp5LuxTooFW","rVywN4tQBg","case AllEnums.数值Type.银元宝:","defaultInterpolatedStringHandler.AppendLiteral; defaultInterpolatedStringHandler.AppendFormatted; myNATSocketClient19.C_Send; i19.提示_中心提醒; defaultInterpolatedStringHandler.ToStringAndClear; DB.I.cAJNoOkab6; myNATSocketClient20.C_Send; i20.提示_中心提醒; myNATSocketClient21.C_Send; i21.提示_杂项公告","plugin-source/v10-source-restoration/ixYEhcwWIdwrtDxOO94/MbtVicwUkp5LuxTooFW.cs","559"
"plugin-core","ixYEhcwWIdwrtDxOO94.MbtVicwUkp5LuxTooFW","rVywN4tQBg","case AllEnums.数值Type.声望:","defaultInterpolatedStringHandler.AppendLiteral; defaultInterpolatedStringHandler.AppendFormatted; myNATSocketClient10.C_Send; i10.提示_中心提醒; defaultInterpolatedStringHandler.ToStringAndClear; i11.PndoGw5lW7; myNATSocketClient12.C_Send; i12.提示_杂项公告","plugin-source/v10-source-restoration/ixYEhcwWIdwrtDxOO94/MbtVicwUkp5LuxTooFW.cs","599"
"plugin-core","ixYEhcwWIdwrtDxOO94.MbtVicwUkp5LuxTooFW","rVywN4tQBg","case AllEnums.数值Type.道行:","defaultInterpolatedStringHandler.AppendLiteral; defaultInterpolatedStringHandler.AppendFormatted; myNATSocketClient4.C_Send; i4.提示_中心提醒; defaultInterpolatedStringHandler.ToStringAndClear; i5.PndoGw5lW7; myNATSocketClient6.C_Send; i6.提示_杂项公告","plugin-source/v10-source-restoration/ixYEhcwWIdwrtDxOO94/MbtVicwUkp5LuxTooFW.cs","635"
"plugin-core","ixYEhcwWIdwrtDxOO94.MbtVicwUkp5LuxTooFW","rVywN4tQBg","case AllEnums.数值Type.经验:","defaultInterpolatedStringHandler.AppendLiteral; defaultInterpolatedStringHandler.AppendFormatted; myNATSocketClient7.C_Send; i7.提示_中心提醒; defaultInterpolatedStringHandler.ToStringAndClear; i8.PndoGw5lW7; myNATSocketClient9.C_Send; i9.提示_杂项公告","plugin-source/v10-source-restoration/ixYEhcwWIdwrtDxOO94/MbtVicwUkp5LuxTooFW.cs","671"
"plugin-core","ixYEhcwWIdwrtDxOO94.MbtVicwUkp5LuxTooFW","rVywN4tQBg","case AllEnums.数值Type.等级:","defaultInterpolatedStringHandler.AppendLiteral; defaultInterpolatedStringHandler.AppendFormatted; myNATSocketClient13.C_Send; i13.提示_中心提醒; defaultInterpolatedStringHandler.ToStringAndClear; i14.PndoGw5lW7; myNATSocketClient15.C_Send; i15.提示_杂项公告","plugin-source/v10-source-restoration/ixYEhcwWIdwrtDxOO94/MbtVicwUkp5LuxTooFW.cs","707"
"plugin-core","ixYEhcwWIdwrtDxOO94.MbtVicwUkp5LuxTooFW","rVywN4tQBg","case AllEnums.数值Type.灵气值:","defaultInterpolatedStringHandler.AppendLiteral; defaultInterpolatedStringHandler.AppendFormatted; myNATSocketClient.C_Send; i.提示_中心提醒; defaultInterpolatedStringHandler.ToStringAndClear; i2.PndoGw5lW7; myNATSocketClient3.C_Send; i3.提示_杂项公告","plugin-source/v10-source-restoration/ixYEhcwWIdwrtDxOO94/MbtVicwUkp5LuxTooFW.cs","743"
"plugin-core","KEvDjBdeoLOoBKWXFAH.iRGieud4qtscW6ESmxk","OpkdqqPm9l","case AllEnums.异兽Type.御灵:","f1esfGQQpj.TryAdd","plugin-source/v10-source-restoration/KEvDjBdeoLOoBKWXFAH/iRGieud4qtscW6ESmxk.cs","216"
"plugin-core","KEvDjBdeoLOoBKWXFAH.iRGieud4qtscW6ESmxk","OpkdqqPm9l","case AllEnums.异兽Type.变异:","W5hsNnYAjN.TryAdd","plugin-source/v10-source-restoration/KEvDjBdeoLOoBKWXFAH/iRGieud4qtscW6ESmxk.cs","219"
"plugin-core","KEvDjBdeoLOoBKWXFAH.iRGieud4qtscW6ESmxk","OpkdqqPm9l","case AllEnums.异兽Type.神兽:","T6gsiwMmCv.TryAdd","plugin-source/v10-source-restoration/KEvDjBdeoLOoBKWXFAH/iRGieud4qtscW6ESmxk.cs","222"
"plugin-core","KEvDjBdeoLOoBKWXFAH.iRGieud4qtscW6ESmxk","OpkdqqPm9l","case AllEnums.异兽Type.元灵:","iFLsBvoaBy.TryAdd","plugin-source/v10-source-restoration/KEvDjBdeoLOoBKWXFAH/iRGieud4qtscW6ESmxk.cs","225"
"plugin-core","KEvDjBdeoLOoBKWXFAH.iRGieud4qtscW6ESmxk","OpkdqqPm9l","case AllEnums.异兽Type.仙元:","Q1xsG3Fx3O.TryAdd","plugin-source/v10-source-restoration/KEvDjBdeoLOoBKWXFAH/iRGieud4qtscW6ESmxk.cs","228"
"plugin-core","KEvDjBdeoLOoBKWXFAH.iRGieud4qtscW6ESmxk","Iw4drR3GtU","case AllEnums.异兽Type.御灵:","f1esfGQQpj.TryAdd","plugin-source/v10-source-restoration/KEvDjBdeoLOoBKWXFAH/iRGieud4qtscW6ESmxk.cs","261"
"plugin-core","KEvDjBdeoLOoBKWXFAH.iRGieud4qtscW6ESmxk","Iw4drR3GtU","case AllEnums.异兽Type.变异:","W5hsNnYAjN.TryAdd","plugin-source/v10-source-restoration/KEvDjBdeoLOoBKWXFAH/iRGieud4qtscW6ESmxk.cs","264"
"plugin-core","KEvDjBdeoLOoBKWXFAH.iRGieud4qtscW6ESmxk","Iw4drR3GtU","case AllEnums.异兽Type.神兽:","T6gsiwMmCv.TryAdd","plugin-source/v10-source-restoration/KEvDjBdeoLOoBKWXFAH/iRGieud4qtscW6ESmxk.cs","267"
"plugin-core","KEvDjBdeoLOoBKWXFAH.iRGieud4qtscW6ESmxk","Iw4drR3GtU","case AllEnums.异兽Type.元灵:","iFLsBvoaBy.TryAdd","plugin-source/v10-source-restoration/KEvDjBdeoLOoBKWXFAH/iRGieud4qtscW6ESmxk.cs","270"
"plugin-core","KEvDjBdeoLOoBKWXFAH.iRGieud4qtscW6ESmxk","Iw4drR3GtU","case AllEnums.异兽Type.仙元:","Q1xsG3Fx3O.TryAdd","plugin-source/v10-source-restoration/KEvDjBdeoLOoBKWXFAH/iRGieud4qtscW6ESmxk.cs","273"
"plugin-core","KEvDjBdeoLOoBKWXFAH.iRGieud4qtscW6ESmxk","y3Isd9VIwA","case AllEnums.异兽Type.御灵:","handler.AppendLiteral; handler.AppendFormatted; stringBuilder5.Append; Singleton<WdAPI>.I.PndoGw5lW7; stringBuilder6.Append","plugin-source/v10-source-restoration/KEvDjBdeoLOoBKWXFAH/iRGieud4qtscW6ESmxk.cs","653"
"plugin-core","KEvDjBdeoLOoBKWXFAH.iRGieud4qtscW6ESmxk","y3Isd9VIwA","case AllEnums.异兽Type.变异:","handler.AppendLiteral; handler.AppendFormatted; stringBuilder11.Append; Singleton<WdAPI>.I.PndoGw5lW7; stringBuilder12.Append","plugin-source/v10-source-restoration/KEvDjBdeoLOoBKWXFAH/iRGieud4qtscW6ESmxk.cs","686"
"plugin-core","KEvDjBdeoLOoBKWXFAH.iRGieud4qtscW6ESmxk","y3Isd9VIwA","case AllEnums.异兽Type.神兽:","handler.AppendLiteral; handler.AppendFormatted; stringBuilder7.Append; Singleton<WdAPI>.I.PndoGw5lW7; stringBuilder8.Append","plugin-source/v10-source-restoration/KEvDjBdeoLOoBKWXFAH/iRGieud4qtscW6ESmxk.cs","719"
"plugin-core","KEvDjBdeoLOoBKWXFAH.iRGieud4qtscW6ESmxk","y3Isd9VIwA","case AllEnums.异兽Type.元灵:","handler.AppendLiteral; handler.AppendFormatted; stringBuilder9.Append; Singleton<WdAPI>.I.PndoGw5lW7; stringBuilder10.Append","plugin-source/v10-source-restoration/KEvDjBdeoLOoBKWXFAH/iRGieud4qtscW6ESmxk.cs","752"
"plugin-core","KEvDjBdeoLOoBKWXFAH.iRGieud4qtscW6ESmxk","y3Isd9VIwA","case AllEnums.异兽Type.仙元:","handler.AppendLiteral; handler.AppendFormatted; stringBuilder3.Append; Singleton<WdAPI>.I.PndoGw5lW7; stringBuilder4.Append","plugin-source/v10-source-restoration/KEvDjBdeoLOoBKWXFAH/iRGieud4qtscW6ESmxk.cs","785"
"plugin-core","KEvDjBdeoLOoBKWXFAH.iRGieud4qtscW6ESmxk","WG4ssKushe","case AllEnums.异兽Type.御灵:","handler.AppendLiteral; handler.AppendFormatted; stringBuilder5.Append; P_0.user.存档数据.中州论道存档.jxpIgn1imh; defaultInterpolatedStringHandler.AppendLiteral; defaultInterpolatedStringHandler.AppendFormatted; defaultInterpolatedStringHandler.ToStringAndClear; list.Add; stringBuilder6.Append","plugin-source/v10-source-restoration/KEvDjBdeoLOoBKWXFAH/iRGieud4qtscW6ESmxk.cs","850"
"plugin-core","KEvDjBdeoLOoBKWXFAH.iRGieud4qtscW6ESmxk","WG4ssKushe","case AllEnums.异兽Type.变异:","handler.AppendLiteral; handler.AppendFormatted; stringBuilder11.Append; P_0.user.存档数据.中州论道存档.jxpIgn1imh; defaultInterpolatedStringHandler.AppendLiteral; defaultInterpolatedStringHandler.AppendFormatted; defaultInterpolatedStringHandler.ToStringAndClear; list.Add; stringBuilder12.Append","plugin-source/v10-source-restoration/KEvDjBdeoLOoBKWXFAH/iRGieud4qtscW6ESmxk.cs","890"
"plugin-core","KEvDjBdeoLOoBKWXFAH.iRGieud4qtscW6ESmxk","WG4ssKushe","case AllEnums.异兽Type.神兽:","handler.AppendLiteral; handler.AppendFormatted; stringBuilder7.Append; P_0.user.存档数据.中州论道存档.jxpIgn1imh; defaultInterpolatedStringHandler.AppendLiteral; defaultInterpolatedStringHandler.AppendFormatted; defaultInterpolatedStringHandler.ToStringAndClear; list.Add; stringBuilder8.Append","plugin-source/v10-source-restoration/KEvDjBdeoLOoBKWXFAH/iRGieud4qtscW6ESmxk.cs","930"
"plugin-core","KEvDjBdeoLOoBKWXFAH.iRGieud4qtscW6ESmxk","WG4ssKushe","case AllEnums.异兽Type.元灵:","handler.AppendLiteral; handler.AppendFormatted; stringBuilder9.Append; P_0.user.存档数据.中州论道存档.jxpIgn1imh; defaultInterpolatedStringHandler.AppendLiteral; defaultInterpolatedStringHandler.AppendFormatted; defaultInterpolatedStringHandler.ToStringAndClear; list.Add; stringBuilder10.Append","plugin-source/v10-source-restoration/KEvDjBdeoLOoBKWXFAH/iRGieud4qtscW6ESmxk.cs","970"
"plugin-core","KEvDjBdeoLOoBKWXFAH.iRGieud4qtscW6ESmxk","WG4ssKushe","case AllEnums.异兽Type.仙元:","handler.AppendLiteral; handler.AppendFormatted; stringBuilder3.Append; P_0.user.存档数据.中州论道存档.jxpIgn1imh; defaultInterpolatedStringHandler.AppendLiteral; defaultInterpolatedStringHandler.AppendFormatted; defaultInterpolatedStringHandler.ToStringAndClear; list.Add; stringBuilder4.Append","plugin-source/v10-source-restoration/KEvDjBdeoLOoBKWXFAH/iRGieud4qtscW6ESmxk.cs","1010"
"plugin-core","KEvDjBdeoLOoBKWXFAH.iRGieud4qtscW6ESmxk","QWmsU6SGFr","case AllEnums.异兽Type.御灵:","handler.AppendLiteral; handler.AppendFormatted; stringBuilder5.Append; stringBuilder6.Append","plugin-source/v10-source-restoration/KEvDjBdeoLOoBKWXFAH/iRGieud4qtscW6ESmxk.cs","1078"
"plugin-core","KEvDjBdeoLOoBKWXFAH.iRGieud4qtscW6ESmxk","QWmsU6SGFr","case AllEnums.异兽Type.变异:","handler.AppendLiteral; handler.AppendFormatted; stringBuilder9.Append; stringBuilder10.Append","plugin-source/v10-source-restoration/KEvDjBdeoLOoBKWXFAH/iRGieud4qtscW6ESmxk.cs","1106"
"plugin-core","KEvDjBdeoLOoBKWXFAH.iRGieud4qtscW6ESmxk","QWmsU6SGFr","case AllEnums.异兽Type.神兽:","handler.AppendLiteral; handler.AppendFormatted; stringBuilder11.Append; stringBuilder12.Append","plugin-source/v10-source-restoration/KEvDjBdeoLOoBKWXFAH/iRGieud4qtscW6ESmxk.cs","1134"
"plugin-core","KEvDjBdeoLOoBKWXFAH.iRGieud4qtscW6ESmxk","QWmsU6SGFr","case AllEnums.异兽Type.元灵:","handler.AppendLiteral; handler.AppendFormatted; stringBuilder7.Append; stringBuilder8.Append","plugin-source/v10-source-restoration/KEvDjBdeoLOoBKWXFAH/iRGieud4qtscW6ESmxk.cs","1162"
"plugin-core","KEvDjBdeoLOoBKWXFAH.iRGieud4qtscW6ESmxk","QWmsU6SGFr","case AllEnums.异兽Type.仙元:","handler.AppendLiteral; handler.AppendFormatted; stringBuilder3.Append; stringBuilder4.Append","plugin-source/v10-source-restoration/KEvDjBdeoLOoBKWXFAH/iRGieud4qtscW6ESmxk.cs","1190"
"plugin-core","KEvDjBdeoLOoBKWXFAH.iRGieud4qtscW6ESmxk","QWmsU6SGFr","case AllEnums.异兽Type.御灵:","handler.AppendLiteral; handler.AppendFormatted; stringBuilder30.Append; stringBuilder31.Append; stringBuilder32.Append; stringBuilder33.Append","plugin-source/v10-source-restoration/KEvDjBdeoLOoBKWXFAH/iRGieud4qtscW6ESmxk.cs","1238"
"plugin-core","KEvDjBdeoLOoBKWXFAH.iRGieud4qtscW6ESmxk","QWmsU6SGFr","case AllEnums.异兽Type.变异:","handler.AppendLiteral; handler.AppendFormatted; stringBuilder18.Append; stringBuilder19.Append; stringBuilder20.Append; stringBuilder21.Append","plugin-source/v10-source-restoration/KEvDjBdeoLOoBKWXFAH/iRGieud4qtscW6ESmxk.cs","1280"
"plugin-core","KEvDjBdeoLOoBKWXFAH.iRGieud4qtscW6ESmxk","QWmsU6SGFr","case AllEnums.异兽Type.神兽:","handler.AppendLiteral; handler.AppendFormatted; stringBuilder22.Append; stringBuilder23.Append; stringBuilder24.Append; stringBuilder25.Append","plugin-source/v10-source-restoration/KEvDjBdeoLOoBKWXFAH/iRGieud4qtscW6ESmxk.cs","1322"
"plugin-core","KEvDjBdeoLOoBKWXFAH.iRGieud4qtscW6ESmxk","QWmsU6SGFr","case AllEnums.异兽Type.元灵:","handler.AppendLiteral; handler.AppendFormatted; stringBuilder26.Append; stringBuilder27.Append; stringBuilder28.Append; stringBuilder29.Append","plugin-source/v10-source-restoration/KEvDjBdeoLOoBKWXFAH/iRGieud4qtscW6ESmxk.cs","1364"
"plugin-core","KEvDjBdeoLOoBKWXFAH.iRGieud4qtscW6ESmxk","QWmsU6SGFr","case AllEnums.异兽Type.仙元:","handler.AppendLiteral; handler.AppendFormatted; stringBuilder14.Append; stringBuilder15.Append; stringBuilder16.Append; stringBuilder17.Append","plugin-source/v10-source-restoration/KEvDjBdeoLOoBKWXFAH/iRGieud4qtscW6ESmxk.cs","1406"
"plugin-core","KEvDjBdeoLOoBKWXFAH.iRGieud4qtscW6ESmxk","me4sWIdxPE","case AllEnums.异兽Type.御灵:","handler.AppendLiteral; handler.AppendFormatted; stringBuilder5.Append; stringBuilder6.Append","plugin-source/v10-source-restoration/KEvDjBdeoLOoBKWXFAH/iRGieud4qtscW6ESmxk.cs","1468"
"plugin-core","KEvDjBdeoLOoBKWXFAH.iRGieud4qtscW6ESmxk","me4sWIdxPE","case AllEnums.异兽Type.变异:","handler.AppendLiteral; handler.AppendFormatted; stringBuilder9.Append; stringBuilder10.Append","plugin-source/v10-source-restoration/KEvDjBdeoLOoBKWXFAH/iRGieud4qtscW6ESmxk.cs","1496"
"plugin-core","KEvDjBdeoLOoBKWXFAH.iRGieud4qtscW6ESmxk","me4sWIdxPE","case AllEnums.异兽Type.神兽:","handler.AppendLiteral; handler.AppendFormatted; stringBuilder7.Append; stringBuilder8.Append","plugin-source/v10-source-restoration/KEvDjBdeoLOoBKWXFAH/iRGieud4qtscW6ESmxk.cs","1524"
"plugin-core","KEvDjBdeoLOoBKWXFAH.iRGieud4qtscW6ESmxk","me4sWIdxPE","case AllEnums.异兽Type.元灵:","handler.AppendLiteral; handler.AppendFormatted; stringBuilder11.Append; stringBuilder12.Append","plugin-source/v10-source-restoration/KEvDjBdeoLOoBKWXFAH/iRGieud4qtscW6ESmxk.cs","1552"
"plugin-core","KEvDjBdeoLOoBKWXFAH.iRGieud4qtscW6ESmxk","me4sWIdxPE","case AllEnums.异兽Type.仙元:","handler.AppendLiteral; handler.AppendFormatted; stringBuilder3.Append; stringBuilder4.Append","plugin-source/v10-source-restoration/KEvDjBdeoLOoBKWXFAH/iRGieud4qtscW6ESmxk.cs","1580"
"plugin-core","KEvDjBdeoLOoBKWXFAH.iRGieud4qtscW6ESmxk","me4sWIdxPE","case AllEnums.异兽Type.御灵:","handler.AppendLiteral; handler.AppendFormatted; stringBuilder30.Append; stringBuilder31.Append; stringBuilder32.Append; stringBuilder33.Append","plugin-source/v10-source-restoration/KEvDjBdeoLOoBKWXFAH/iRGieud4qtscW6ESmxk.cs","1630"
"plugin-core","KEvDjBdeoLOoBKWXFAH.iRGieud4qtscW6ESmxk","me4sWIdxPE","case AllEnums.异兽Type.变异:","handler.AppendLiteral; handler.AppendFormatted; stringBuilder18.Append; stringBuilder19.Append; stringBuilder20.Append; stringBuilder21.Append","plugin-source/v10-source-restoration/KEvDjBdeoLOoBKWXFAH/iRGieud4qtscW6ESmxk.cs","1672"
"plugin-core","KEvDjBdeoLOoBKWXFAH.iRGieud4qtscW6ESmxk","me4sWIdxPE","case AllEnums.异兽Type.神兽:","handler.AppendLiteral; handler.AppendFormatted; stringBuilder22.Append; stringBuilder23.Append; stringBuilder24.Append; stringBuilder25.Append","plugin-source/v10-source-restoration/KEvDjBdeoLOoBKWXFAH/iRGieud4qtscW6ESmxk.cs","1714"
"plugin-core","KEvDjBdeoLOoBKWXFAH.iRGieud4qtscW6ESmxk","me4sWIdxPE","case AllEnums.异兽Type.元灵:","handler.AppendLiteral; handler.AppendFormatted; stringBuilder26.Append; stringBuilder27.Append; stringBuilder28.Append; stringBuilder29.Append","plugin-source/v10-source-restoration/KEvDjBdeoLOoBKWXFAH/iRGieud4qtscW6ESmxk.cs","1756"
"plugin-core","KEvDjBdeoLOoBKWXFAH.iRGieud4qtscW6ESmxk","me4sWIdxPE","case AllEnums.异兽Type.仙元:","handler.AppendLiteral; handler.AppendFormatted; stringBuilder14.Append; stringBuilder15.Append; stringBuilder16.Append; stringBuilder17.Append","plugin-source/v10-source-restoration/KEvDjBdeoLOoBKWXFAH/iRGieud4qtscW6ESmxk.cs","1798"
"plugin-core","kNOi3Vbgo4LTDja4YFk.KU0aMobWe16QEEmpLCj","SIPbIQGTML","case AllEnums.属性Type.金相性:","","plugin-source/v10-source-restoration/kNOi3Vbgo4LTDja4YFk/KU0aMobWe16QEEmpLCj.cs","100"
"plugin-core","kNOi3Vbgo4LTDja4YFk.KU0aMobWe16QEEmpLCj","SIPbIQGTML","case AllEnums.属性Type.木相性:","","plugin-source/v10-source-restoration/kNOi3Vbgo4LTDja4YFk/KU0aMobWe16QEEmpLCj.cs","103"
"plugin-core","kNOi3Vbgo4LTDja4YFk.KU0aMobWe16QEEmpLCj","SIPbIQGTML","case AllEnums.属性Type.水相性:","","plugin-source/v10-source-restoration/kNOi3Vbgo4LTDja4YFk/KU0aMobWe16QEEmpLCj.cs","106"
"plugin-core","kNOi3Vbgo4LTDja4YFk.KU0aMobWe16QEEmpLCj","SIPbIQGTML","case AllEnums.属性Type.火相性:","","plugin-source/v10-source-restoration/kNOi3Vbgo4LTDja4YFk/KU0aMobWe16QEEmpLCj.cs","109"
"plugin-core","kNOi3Vbgo4LTDja4YFk.KU0aMobWe16QEEmpLCj","SIPbIQGTML","case AllEnums.属性Type.土相性:","","plugin-source/v10-source-restoration/kNOi3Vbgo4LTDja4YFk/KU0aMobWe16QEEmpLCj.cs","112"
"plugin-core","kNOi3Vbgo4LTDja4YFk.KU0aMobWe16QEEmpLCj","SIPbIQGTML","case AllEnums.属性Type.所有相性:","","plugin-source/v10-source-restoration/kNOi3Vbgo4LTDja4YFk/KU0aMobWe16QEEmpLCj.cs","115"
"plugin-core","kNOi3Vbgo4LTDja4YFk.KU0aMobWe16QEEmpLCj","SIPbIQGTML","case AllEnums.属性Type.金相性:","","plugin-source/v10-source-restoration/kNOi3Vbgo4LTDja4YFk/KU0aMobWe16QEEmpLCj.cs","136"
"plugin-core","kNOi3Vbgo4LTDja4YFk.KU0aMobWe16QEEmpLCj","SIPbIQGTML","case AllEnums.属性Type.木相性:","","plugin-source/v10-source-restoration/kNOi3Vbgo4LTDja4YFk/KU0aMobWe16QEEmpLCj.cs","139"
"plugin-core","kNOi3Vbgo4LTDja4YFk.KU0aMobWe16QEEmpLCj","SIPbIQGTML","case AllEnums.属性Type.水相性:","","plugin-source/v10-source-restoration/kNOi3Vbgo4LTDja4YFk/KU0aMobWe16QEEmpLCj.cs","142"
"plugin-core","kNOi3Vbgo4LTDja4YFk.KU0aMobWe16QEEmpLCj","SIPbIQGTML","case AllEnums.属性Type.火相性:","","plugin-source/v10-source-restoration/kNOi3Vbgo4LTDja4YFk/KU0aMobWe16QEEmpLCj.cs","145"
"plugin-core","kNOi3Vbgo4LTDja4YFk.KU0aMobWe16QEEmpLCj","SIPbIQGTML","case AllEnums.属性Type.土相性:","","plugin-source/v10-source-restoration/kNOi3Vbgo4LTDja4YFk/KU0aMobWe16QEEmpLCj.cs","148"
"plugin-core","kNOi3Vbgo4LTDja4YFk.KU0aMobWe16QEEmpLCj","SIPbIQGTML","case AllEnums.属性Type.所有相性:","","plugin-source/v10-source-restoration/kNOi3Vbgo4LTDja4YFk/KU0aMobWe16QEEmpLCj.cs","151"
"plugin-core","kNOi3Vbgo4LTDja4YFk.KU0aMobWe16QEEmpLCj","SIPbIQGTML","case AllEnums.属性Type.金相性:","","plugin-source/v10-source-restoration/kNOi3Vbgo4LTDja4YFk/KU0aMobWe16QEEmpLCj.cs","164"
"plugin-core","kNOi3Vbgo4LTDja4YFk.KU0aMobWe16QEEmpLCj","SIPbIQGTML","case AllEnums.属性Type.木相性:","","plugin-source/v10-source-restoration/kNOi3Vbgo4LTDja4YFk/KU0aMobWe16QEEmpLCj.cs","167"
"plugin-core","kNOi3Vbgo4LTDja4YFk.KU0aMobWe16QEEmpLCj","SIPbIQGTML","case AllEnums.属性Type.水相性:","","plugin-source/v10-source-restoration/kNOi3Vbgo4LTDja4YFk/KU0aMobWe16QEEmpLCj.cs","170"
"plugin-core","kNOi3Vbgo4LTDja4YFk.KU0aMobWe16QEEmpLCj","SIPbIQGTML","case AllEnums.属性Type.火相性:","","plugin-source/v10-source-restoration/kNOi3Vbgo4LTDja4YFk/KU0aMobWe16QEEmpLCj.cs","173"
"plugin-core","kNOi3Vbgo4LTDja4YFk.KU0aMobWe16QEEmpLCj","SIPbIQGTML","case AllEnums.属性Type.土相性:","","plugin-source/v10-source-restoration/kNOi3Vbgo4LTDja4YFk/KU0aMobWe16QEEmpLCj.cs","176"
"plugin-core","kNOi3Vbgo4LTDja4YFk.KU0aMobWe16QEEmpLCj","SIPbIQGTML","case AllEnums.属性Type.所有相性:","","plugin-source/v10-source-restoration/kNOi3Vbgo4LTDja4YFk/KU0aMobWe16QEEmpLCj.cs","179"
"plugin-core","kNOi3Vbgo4LTDja4YFk.KU0aMobWe16QEEmpLCj","SIPbIQGTML","case AllEnums.属性Type.金相性:","","plugin-source/v10-source-restoration/kNOi3Vbgo4LTDja4YFk/KU0aMobWe16QEEmpLCj.cs","192"
"plugin-core","kNOi3Vbgo4LTDja4YFk.KU0aMobWe16QEEmpLCj","SIPbIQGTML","case AllEnums.属性Type.木相性:","","plugin-source/v10-source-restoration/kNOi3Vbgo4LTDja4YFk/KU0aMobWe16QEEmpLCj.cs","195"
"plugin-core","kNOi3Vbgo4LTDja4YFk.KU0aMobWe16QEEmpLCj","SIPbIQGTML","case AllEnums.属性Type.水相性:","","plugin-source/v10-source-restoration/kNOi3Vbgo4LTDja4YFk/KU0aMobWe16QEEmpLCj.cs","198"
"plugin-core","kNOi3Vbgo4LTDja4YFk.KU0aMobWe16QEEmpLCj","SIPbIQGTML","case AllEnums.属性Type.火相性:","","plugin-source/v10-source-restoration/kNOi3Vbgo4LTDja4YFk/KU0aMobWe16QEEmpLCj.cs","201"
"plugin-core","kNOi3Vbgo4LTDja4YFk.KU0aMobWe16QEEmpLCj","SIPbIQGTML","case AllEnums.属性Type.土相性:","","plugin-source/v10-source-restoration/kNOi3Vbgo4LTDja4YFk/KU0aMobWe16QEEmpLCj.cs","204"
"plugin-core","kNOi3Vbgo4LTDja4YFk.KU0aMobWe16QEEmpLCj","SIPbIQGTML","case AllEnums.属性Type.所有相性:","","plugin-source/v10-source-restoration/kNOi3Vbgo4LTDja4YFk/KU0aMobWe16QEEmpLCj.cs","207"
"plugin-core","kNOi3Vbgo4LTDja4YFk.KU0aMobWe16QEEmpLCj","SIPbIQGTML","case AllEnums.属性Type.金相性:","","plugin-source/v10-source-restoration/kNOi3Vbgo4LTDja4YFk/KU0aMobWe16QEEmpLCj.cs","220"
"plugin-core","kNOi3Vbgo4LTDja4YFk.KU0aMobWe16QEEmpLCj","SIPbIQGTML","case AllEnums.属性Type.木相性:","","plugin-source/v10-source-restoration/kNOi3Vbgo4LTDja4YFk/KU0aMobWe16QEEmpLCj.cs","223"
"plugin-core","kNOi3Vbgo4LTDja4YFk.KU0aMobWe16QEEmpLCj","SIPbIQGTML","case AllEnums.属性Type.水相性:","","plugin-source/v10-source-restoration/kNOi3Vbgo4LTDja4YFk/KU0aMobWe16QEEmpLCj.cs","226"
"plugin-core","kNOi3Vbgo4LTDja4YFk.KU0aMobWe16QEEmpLCj","SIPbIQGTML","case AllEnums.属性Type.火相性:","","plugin-source/v10-source-restoration/kNOi3Vbgo4LTDja4YFk/KU0aMobWe16QEEmpLCj.cs","229"
"plugin-core","kNOi3Vbgo4LTDja4YFk.KU0aMobWe16QEEmpLCj","SIPbIQGTML","case AllEnums.属性Type.土相性:","","plugin-source/v10-source-restoration/kNOi3Vbgo4LTDja4YFk/KU0aMobWe16QEEmpLCj.cs","232"
"plugin-core","kNOi3Vbgo4LTDja4YFk.KU0aMobWe16QEEmpLCj","SIPbIQGTML","case AllEnums.属性Type.所有相性:","","plugin-source/v10-source-restoration/kNOi3Vbgo4LTDja4YFk/KU0aMobWe16QEEmpLCj.cs","235"
"plugin-core","kNOi3Vbgo4LTDja4YFk.KU0aMobWe16QEEmpLCj","SIPbIQGTML","case AllEnums.属性Type.金相性:","","plugin-source/v10-source-restoration/kNOi3Vbgo4LTDja4YFk/KU0aMobWe16QEEmpLCj.cs","248"
"plugin-core","kNOi3Vbgo4LTDja4YFk.KU0aMobWe16QEEmpLCj","SIPbIQGTML","case AllEnums.属性Type.木相性:","","plugin-source/v10-source-restoration/kNOi3Vbgo4LTDja4YFk/KU0aMobWe16QEEmpLCj.cs","251"
"plugin-core","kNOi3Vbgo4LTDja4YFk.KU0aMobWe16QEEmpLCj","SIPbIQGTML","case AllEnums.属性Type.水相性:","","plugin-source/v10-source-restoration/kNOi3Vbgo4LTDja4YFk/KU0aMobWe16QEEmpLCj.cs","254"
"plugin-core","kNOi3Vbgo4LTDja4YFk.KU0aMobWe16QEEmpLCj","SIPbIQGTML","case AllEnums.属性Type.火相性:","","plugin-source/v10-source-restoration/kNOi3Vbgo4LTDja4YFk/KU0aMobWe16QEEmpLCj.cs","257"
"plugin-core","kNOi3Vbgo4LTDja4YFk.KU0aMobWe16QEEmpLCj","SIPbIQGTML","case AllEnums.属性Type.土相性:","","plugin-source/v10-source-restoration/kNOi3Vbgo4LTDja4YFk/KU0aMobWe16QEEmpLCj.cs","260"
"plugin-core","kNOi3Vbgo4LTDja4YFk.KU0aMobWe16QEEmpLCj","SIPbIQGTML","case AllEnums.属性Type.所有相性:","","plugin-source/v10-source-restoration/kNOi3Vbgo4LTDja4YFk/KU0aMobWe16QEEmpLCj.cs","263"
"plugin-core","kNOi3Vbgo4LTDja4YFk.KU0aMobWe16QEEmpLCj","spYboaWcPd","case AllEnums.属性Type.金相性:","","plugin-source/v10-source-restoration/kNOi3Vbgo4LTDja4YFk/KU0aMobWe16QEEmpLCj.cs","298"
"plugin-core","kNOi3Vbgo4LTDja4YFk.KU0aMobWe16QEEmpLCj","spYboaWcPd","case AllEnums.属性Type.木相性:","","plugin-source/v10-source-restoration/kNOi3Vbgo4LTDja4YFk/KU0aMobWe16QEEmpLCj.cs","301"
"plugin-core","kNOi3Vbgo4LTDja4YFk.KU0aMobWe16QEEmpLCj","spYboaWcPd","case AllEnums.属性Type.水相性:","","plugin-source/v10-source-restoration/kNOi3Vbgo4LTDja4YFk/KU0aMobWe16QEEmpLCj.cs","304"
"plugin-core","kNOi3Vbgo4LTDja4YFk.KU0aMobWe16QEEmpLCj","spYboaWcPd","case AllEnums.属性Type.火相性:","","plugin-source/v10-source-restoration/kNOi3Vbgo4LTDja4YFk/KU0aMobWe16QEEmpLCj.cs","307"
"plugin-core","kNOi3Vbgo4LTDja4YFk.KU0aMobWe16QEEmpLCj","spYboaWcPd","case AllEnums.属性Type.土相性:","","plugin-source/v10-source-restoration/kNOi3Vbgo4LTDja4YFk/KU0aMobWe16QEEmpLCj.cs","310"
"plugin-core","kNOi3Vbgo4LTDja4YFk.KU0aMobWe16QEEmpLCj","spYboaWcPd","case AllEnums.属性Type.所有相性:","","plugin-source/v10-source-restoration/kNOi3Vbgo4LTDja4YFk/KU0aMobWe16QEEmpLCj.cs","313"
"plugin-core","Ldau4kRn6nFHhj6A594.S09daDRcFbnf5np5xrV","IOCR54YOlC","case 1:","封包_写3.写字节型; 封包_读2.读字节型","plugin-source/v10-source-restoration/Ldau4kRn6nFHhj6A594/S09daDRcFbnf5np5xrV.cs","47"
"plugin-core","Ldau4kRn6nFHhj6A594.S09daDRcFbnf5np5xrV","IOCR54YOlC","case 2:","封包_写3.写短整数型; 封包_读2.读短整数型","plugin-source/v10-source-restoration/Ldau4kRn6nFHhj6A594/S09daDRcFbnf5np5xrV.cs","50"
"plugin-core","Ldau4kRn6nFHhj6A594.S09daDRcFbnf5np5xrV","IOCR54YOlC","case 3:","封包_写3.写整数型; 封包_读2.读整数型","plugin-source/v10-source-restoration/Ldau4kRn6nFHhj6A594/S09daDRcFbnf5np5xrV.cs","53"
"plugin-core","Ldau4kRn6nFHhj6A594.S09daDRcFbnf5np5xrV","IOCR54YOlC","case 4:","封包_写3.写文本型; 封包_读2.读文本型; Enumerable.SequenceEqual","plugin-source/v10-source-restoration/Ldau4kRn6nFHhj6A594/S09daDRcFbnf5np5xrV.cs","56"
"plugin-core","Ldau4kRn6nFHhj6A594.S09daDRcFbnf5np5xrV","IOCR54YOlC","case 6:","封包_写3.写字节型; 封包_读2.读字节型","plugin-source/v10-source-restoration/Ldau4kRn6nFHhj6A594/S09daDRcFbnf5np5xrV.cs","62"
"plugin-core","Ldau4kRn6nFHhj6A594.S09daDRcFbnf5np5xrV","IOCR54YOlC","case 7:","封包_写3.写短整数型; 封包_读2.读短整数型","plugin-source/v10-source-restoration/Ldau4kRn6nFHhj6A594/S09daDRcFbnf5np5xrV.cs","65"
"plugin-core","MainService","发送角色属性道具","case AllEnums.数值Type.等级:","Singleton<WdAPI>.I.PndoGw5lW7","plugin-source/v10-source-restoration/MainService.cs","314"
"plugin-core","MainService","发送角色属性道具","case AllEnums.数值Type.道行:","Singleton<WdAPI>.I.PndoGw5lW7","plugin-source/v10-source-restoration/MainService.cs","317"
"plugin-core","MainService","发送角色属性道具","case AllEnums.数值Type.经验:","Singleton<WdAPI>.I.PndoGw5lW7","plugin-source/v10-source-restoration/MainService.cs","320"
"plugin-core","MainService","发送角色属性道具","case AllEnums.数值Type.声望:","Singleton<WdAPI>.I.PndoGw5lW7","plugin-source/v10-source-restoration/MainService.cs","323"
"plugin-core","MainService","发送角色属性道具","case AllEnums.数值Type.战绩:","Singleton<WdAPI>.I.PndoGw5lW7","plugin-source/v10-source-restoration/MainService.cs","326"
"plugin-core","MainService","发送角色属性道具","case AllEnums.数值Type.金元宝:","Singleton<WdAPI>.I.PndoGw5lW7","plugin-source/v10-source-restoration/MainService.cs","329"
"plugin-core","MainService","发送角色属性道具","case AllEnums.数值Type.银元宝:","Singleton<WdAPI>.I.PndoGw5lW7","plugin-source/v10-source-restoration/MainService.cs","332"
"plugin-core","MainService","发送角色属性道具","case AllEnums.数值Type.金钱:","Singleton<WdAPI>.I.PndoGw5lW7","plugin-source/v10-source-restoration/MainService.cs","335"
"plugin-core","MainService","发送角色属性道具","case AllEnums.数值Type.累充点:","Singleton<WdAPI>.I.PndoGw5lW7","plugin-source/v10-source-restoration/MainService.cs","338"
"plugin-core","MainService","发送角色属性道具","case AllEnums.数值Type.道具:","Singleton<WdAPI>.I.PndoGw5lW7","plugin-source/v10-source-restoration/MainService.cs","341"
"plugin-core","MainService","发送角色属性道具","case AllEnums.数值Type.体力:","Singleton<WdAPI>.I.PndoGw5lW7","plugin-source/v10-source-restoration/MainService.cs","344"
"plugin-core","MainService","发送角色属性道具","case AllEnums.数值Type.南极点:","Singleton<WdAPI>.I.PndoGw5lW7","plugin-source/v10-source-restoration/MainService.cs","347"
"plugin-core","MainService","发送角色属性道具","case AllEnums.数值Type.代金券:","Singleton<WdAPI>.I.PndoGw5lW7","plugin-source/v10-source-restoration/MainService.cs","350"
"plugin-core","MainService","发送角色属性道具","case AllEnums.数值Type.宠物:","Singleton<WdAPI>.I.PndoGw5lW7","plugin-source/v10-source-restoration/MainService.cs","353"
"plugin-core","MainService","发送角色属性道具","case AllEnums.数值Type.坐骑:","Singleton<WdAPI>.I.PndoGw5lW7","plugin-source/v10-source-restoration/MainService.cs","356"
"plugin-core","MainService","发送角色属性道具","case AllEnums.数值Type.奇宝点:","Singleton<WdAPI>.I.PndoGw5lW7","plugin-source/v10-source-restoration/MainService.cs","359"
"plugin-core","MainService","发送角色属性道具","case AllEnums.数值Type.灵气值:","Singleton<WdAPI>.I.PndoGw5lW7","plugin-source/v10-source-restoration/MainService.cs","362"
"plugin-core","MainService","发送角色属性道具","case AllEnums.数值Type.点卡点数:","","plugin-source/v10-source-restoration/MainService.cs","365"
"plugin-core","MainService","发送角色属性道具","case AllEnums.数值Type.论道点:","Singleton<WdAPI>.I.PndoGw5lW7","plugin-source/v10-source-restoration/MainService.cs","368"
"plugin-core","MainService","发送角色属性道具","case AllEnums.数值Type.潜能:","Singleton<WdAPI>.I.PndoGw5lW7","plugin-source/v10-source-restoration/MainService.cs","371"
"plugin-core","MAZG7tsAp4qxkk1uF8R.FBGRmlstyRWQdqi0pHa","qaqUJO1GZF","case AllEnums.数值Type.道行:","handler.AppendLiteral; handler.AppendFormatted; stringBuilder8.Append","plugin-source/v10-source-restoration/MAZG7tsAp4qxkk1uF8R/FBGRmlstyRWQdqi0pHa.cs","139"
"plugin-core","MAZG7tsAp4qxkk1uF8R.FBGRmlstyRWQdqi0pHa","qaqUJO1GZF","case AllEnums.数值Type.声望:","handler.AppendLiteral; handler.AppendFormatted; stringBuilder15.Append","plugin-source/v10-source-restoration/MAZG7tsAp4qxkk1uF8R/FBGRmlstyRWQdqi0pHa.cs","150"
"plugin-core","MAZG7tsAp4qxkk1uF8R.FBGRmlstyRWQdqi0pHa","qaqUJO1GZF","case AllEnums.数值Type.战绩:","handler.AppendLiteral; handler.AppendFormatted; stringBuilder14.Append","plugin-source/v10-source-restoration/MAZG7tsAp4qxkk1uF8R/FBGRmlstyRWQdqi0pHa.cs","161"
"plugin-core","MAZG7tsAp4qxkk1uF8R.FBGRmlstyRWQdqi0pHa","qaqUJO1GZF","case AllEnums.数值Type.金元宝:","handler.AppendLiteral; handler.AppendFormatted; stringBuilder13.Append","plugin-source/v10-source-restoration/MAZG7tsAp4qxkk1uF8R/FBGRmlstyRWQdqi0pHa.cs","172"
"plugin-core","MAZG7tsAp4qxkk1uF8R.FBGRmlstyRWQdqi0pHa","qaqUJO1GZF","case AllEnums.数值Type.银元宝:","handler.AppendLiteral; handler.AppendFormatted; stringBuilder12.Append","plugin-source/v10-source-restoration/MAZG7tsAp4qxkk1uF8R/FBGRmlstyRWQdqi0pHa.cs","183"
"plugin-core","MAZG7tsAp4qxkk1uF8R.FBGRmlstyRWQdqi0pHa","qaqUJO1GZF","case AllEnums.数值Type.金钱:","handler.AppendLiteral; handler.AppendFormatted; Singleton<WdAPI>.I.问道标准数值文本; stringBuilder11.Append","plugin-source/v10-source-restoration/MAZG7tsAp4qxkk1uF8R/FBGRmlstyRWQdqi0pHa.cs","194"
"plugin-core","MAZG7tsAp4qxkk1uF8R.FBGRmlstyRWQdqi0pHa","qaqUJO1GZF","case AllEnums.数值Type.累充点:","handler.AppendLiteral; handler.AppendFormatted; stringBuilder10.Append","plugin-source/v10-source-restoration/MAZG7tsAp4qxkk1uF8R/FBGRmlstyRWQdqi0pHa.cs","205"
"plugin-core","MAZG7tsAp4qxkk1uF8R.FBGRmlstyRWQdqi0pHa","qaqUJO1GZF","case AllEnums.数值Type.南极点:","handler.AppendLiteral; handler.AppendFormatted; stringBuilder9.Append","plugin-source/v10-source-restoration/MAZG7tsAp4qxkk1uF8R/FBGRmlstyRWQdqi0pHa.cs","216"
"plugin-core","MAZG7tsAp4qxkk1uF8R.FBGRmlstyRWQdqi0pHa","qaqUJO1GZF","case AllEnums.数值Type.道具:","string.IsNullOrWhiteSpace; handler.AppendLiteral; handler.AppendFormatted; stringBuilder7.Append","plugin-source/v10-source-restoration/MAZG7tsAp4qxkk1uF8R/FBGRmlstyRWQdqi0pHa.cs","227"
"plugin-core","MAZG7tsAp4qxkk1uF8R.FBGRmlstyRWQdqi0pHa","qaqUJO1GZF","case AllEnums.数值Type.体力:","handler.AppendLiteral; handler.AppendFormatted; stringBuilder6.Append","plugin-source/v10-source-restoration/MAZG7tsAp4qxkk1uF8R/FBGRmlstyRWQdqi0pHa.cs","241"
"plugin-core","MAZG7tsAp4qxkk1uF8R.FBGRmlstyRWQdqi0pHa","O1TURPfqnQ","case AllEnums.数值Type.道行:","defaultInterpolatedStringHandler.AppendLiteral; defaultInterpolatedStringHandler.AppendFormatted; P_0.C_Send; i14.提示_中心提醒; defaultInterpolatedStringHandler.ToStringAndClear; Singleton<WdAPI>.I.PndoGw5lW7","plugin-source/v10-source-restoration/MAZG7tsAp4qxkk1uF8R/FBGRmlstyRWQdqi0pHa.cs","559"
"plugin-core","MAZG7tsAp4qxkk1uF8R.FBGRmlstyRWQdqi0pHa","O1TURPfqnQ","case AllEnums.数值Type.声望:","defaultInterpolatedStringHandler.AppendLiteral; defaultInterpolatedStringHandler.AppendFormatted; P_0.C_Send; i22.提示_中心提醒; defaultInterpolatedStringHandler.ToStringAndClear; Singleton<WdAPI>.I.PndoGw5lW7","plugin-source/v10-source-restoration/MAZG7tsAp4qxkk1uF8R/FBGRmlstyRWQdqi0pHa.cs","574"
"plugin-core","MAZG7tsAp4qxkk1uF8R.FBGRmlstyRWQdqi0pHa","O1TURPfqnQ","case AllEnums.数值Type.战绩:","defaultInterpolatedStringHandler.AppendLiteral; defaultInterpolatedStringHandler.AppendFormatted; P_0.C_Send; i21.提示_中心提醒; defaultInterpolatedStringHandler.ToStringAndClear; Singleton<WdAPI>.I.PndoGw5lW7","plugin-source/v10-source-restoration/MAZG7tsAp4qxkk1uF8R/FBGRmlstyRWQdqi0pHa.cs","589"
"plugin-core","MAZG7tsAp4qxkk1uF8R.FBGRmlstyRWQdqi0pHa","O1TURPfqnQ","case AllEnums.数值Type.金元宝:","defaultInterpolatedStringHandler.AppendLiteral; defaultInterpolatedStringHandler.AppendFormatted; P_0.C_Send; i16.提示_中心提醒; defaultInterpolatedStringHandler.ToStringAndClear; DB.I.cAJNoOkab6; i17.提示_中心提醒","plugin-source/v10-source-restoration/MAZG7tsAp4qxkk1uF8R/FBGRmlstyRWQdqi0pHa.cs","604"
"plugin-core","MAZG7tsAp4qxkk1uF8R.FBGRmlstyRWQdqi0pHa","O1TURPfqnQ","case AllEnums.数值Type.银元宝:","defaultInterpolatedStringHandler.AppendLiteral; defaultInterpolatedStringHandler.AppendFormatted; P_0.C_Send; i18.提示_中心提醒; defaultInterpolatedStringHandler.ToStringAndClear; DB.I.cAJNoOkab6; i19.提示_中心提醒","plugin-source/v10-source-restoration/MAZG7tsAp4qxkk1uF8R/FBGRmlstyRWQdqi0pHa.cs","630"
"plugin-core","MAZG7tsAp4qxkk1uF8R.FBGRmlstyRWQdqi0pHa","O1TURPfqnQ","case AllEnums.数值Type.金钱:","defaultInterpolatedStringHandler.AppendLiteral; defaultInterpolatedStringHandler.AppendFormatted; Singleton<WdAPI>.I.问道标准数值文本; P_0.C_Send; i13.提示_中心提醒; defaultInterpolatedStringHandler.ToStringAndClear; Singleton<WdAPI>.I.PndoGw5lW7","plugin-source/v10-source-restoration/MAZG7tsAp4qxkk1uF8R/FBGRmlstyRWQdqi0pHa.cs","656"
"plugin-core","MAZG7tsAp4qxkk1uF8R.FBGRmlstyRWQdqi0pHa","O1TURPfqnQ","case AllEnums.数值Type.累充点:","defaultInterpolatedStringHandler.AppendLiteral; defaultInterpolatedStringHandler.AppendFormatted; P_0.C_Send; i20.提示_中心提醒; defaultInterpolatedStringHandler.ToStringAndClear; Singleton<WdAPI>.I.PndoGw5lW7","plugin-source/v10-source-restoration/MAZG7tsAp4qxkk1uF8R/FBGRmlstyRWQdqi0pHa.cs","671"
"plugin-core","MAZG7tsAp4qxkk1uF8R.FBGRmlstyRWQdqi0pHa","O1TURPfqnQ","case AllEnums.数值Type.南极点:","defaultInterpolatedStringHandler.AppendLiteral; defaultInterpolatedStringHandler.AppendFormatted; P_0.C_Send; i15.提示_中心提醒; defaultInterpolatedStringHandler.ToStringAndClear; Singleton<WdAPI>.I.PndoGw5lW7","plugin-source/v10-source-restoration/MAZG7tsAp4qxkk1uF8R/FBGRmlstyRWQdqi0pHa.cs","686"
"plugin-core","MAZG7tsAp4qxkk1uF8R.FBGRmlstyRWQdqi0pHa","O1TURPfqnQ","case AllEnums.数值Type.体力:","defaultInterpolatedStringHandler.AppendLiteral; defaultInterpolatedStringHandler.AppendFormatted; P_0.C_Send; i12.提示_中心提醒; defaultInterpolatedStringHandler.ToStringAndClear; Singleton<WdAPI>.I.PndoGw5lW7","plugin-source/v10-source-restoration/MAZG7tsAp4qxkk1uF8R/FBGRmlstyRWQdqi0pHa.cs","701"
"plugin-core","MAZG7tsAp4qxkk1uF8R.FBGRmlstyRWQdqi0pHa","YyeUdj6WSo","case AllEnums.数值Type.道行:","defaultInterpolatedStringHandler.AppendLiteral; defaultInterpolatedStringHandler.AppendFormatted; P_0.C_Send; i20.提示_中心提醒; defaultInterpolatedStringHandler.ToStringAndClear","plugin-source/v10-source-restoration/MAZG7tsAp4qxkk1uF8R/FBGRmlstyRWQdqi0pHa.cs","1045"
"plugin-core","MAZG7tsAp4qxkk1uF8R.FBGRmlstyRWQdqi0pHa","YyeUdj6WSo","case AllEnums.数值Type.声望:","defaultInterpolatedStringHandler.AppendLiteral; defaultInterpolatedStringHandler.AppendFormatted; P_0.C_Send; i24.提示_中心提醒; defaultInterpolatedStringHandler.ToStringAndClear","plugin-source/v10-source-restoration/MAZG7tsAp4qxkk1uF8R/FBGRmlstyRWQdqi0pHa.cs","1061"
"plugin-core","MAZG7tsAp4qxkk1uF8R.FBGRmlstyRWQdqi0pHa","YyeUdj6WSo","case AllEnums.数值Type.战绩:","defaultInterpolatedStringHandler.AppendLiteral; defaultInterpolatedStringHandler.AppendFormatted; P_0.C_Send; i26.提示_中心提醒; defaultInterpolatedStringHandler.ToStringAndClear","plugin-source/v10-source-restoration/MAZG7tsAp4qxkk1uF8R/FBGRmlstyRWQdqi0pHa.cs","1077"
"plugin-core","MAZG7tsAp4qxkk1uF8R.FBGRmlstyRWQdqi0pHa","YyeUdj6WSo","case AllEnums.数值Type.金元宝:","defaultInterpolatedStringHandler.AppendLiteral; defaultInterpolatedStringHandler.AppendFormatted; P_0.C_Send; i22.提示_中心提醒; defaultInterpolatedStringHandler.ToStringAndClear","plugin-source/v10-source-restoration/MAZG7tsAp4qxkk1uF8R/FBGRmlstyRWQdqi0pHa.cs","1093"
"plugin-core","MAZG7tsAp4qxkk1uF8R.FBGRmlstyRWQdqi0pHa","YyeUdj6WSo","case AllEnums.数值Type.银元宝:","defaultInterpolatedStringHandler.AppendLiteral; defaultInterpolatedStringHandler.AppendFormatted; P_0.C_Send; i15.提示_中心提醒; defaultInterpolatedStringHandler.ToStringAndClear","plugin-source/v10-source-restoration/MAZG7tsAp4qxkk1uF8R/FBGRmlstyRWQdqi0pHa.cs","1109"
"plugin-core","MAZG7tsAp4qxkk1uF8R.FBGRmlstyRWQdqi0pHa","YyeUdj6WSo","case AllEnums.数值Type.金钱:","defaultInterpolatedStringHandler.AppendLiteral; defaultInterpolatedStringHandler.AppendFormatted; Singleton<WdAPI>.I.问道标准数值文本; P_0.C_Send; i25.提示_中心提醒; defaultInterpolatedStringHandler.ToStringAndClear","plugin-source/v10-source-restoration/MAZG7tsAp4qxkk1uF8R/FBGRmlstyRWQdqi0pHa.cs","1125"
"plugin-core","MAZG7tsAp4qxkk1uF8R.FBGRmlstyRWQdqi0pHa","YyeUdj6WSo","case AllEnums.数值Type.累充点:","defaultInterpolatedStringHandler.AppendLiteral; defaultInterpolatedStringHandler.AppendFormatted; P_0.C_Send; i23.提示_中心提醒; defaultInterpolatedStringHandler.ToStringAndClear","plugin-source/v10-source-restoration/MAZG7tsAp4qxkk1uF8R/FBGRmlstyRWQdqi0pHa.cs","1141"
"plugin-core","MAZG7tsAp4qxkk1uF8R.FBGRmlstyRWQdqi0pHa","YyeUdj6WSo","case AllEnums.数值Type.南极点:","defaultInterpolatedStringHandler.AppendLiteral; defaultInterpolatedStringHandler.AppendFormatted; P_0.C_Send; i21.提示_中心提醒; defaultInterpolatedStringHandler.ToStringAndClear","plugin-source/v10-source-restoration/MAZG7tsAp4qxkk1uF8R/FBGRmlstyRWQdqi0pHa.cs","1157"
"plugin-core","MAZG7tsAp4qxkk1uF8R.FBGRmlstyRWQdqi0pHa","YyeUdj6WSo","case AllEnums.数值Type.道具:","string.IsNullOrWhiteSpace; Singleton<WdAPI>.I.取背包剩余空格数; defaultInterpolatedStringHandler.AppendLiteral; defaultInterpolatedStringHandler.AppendFormatted; P_0.C_Send; i16.提示_中心提醒; defaultInterpolatedStringHandler.ToStringAndClear; Singleton<WdAPI>.I.dSCoKmGWP9; i17.提示_中心提醒; Singleton<WdAPI>.I.取背包物品格子实例; i18.提示_中心提醒; i19.提示_中心提醒","plugin-source/v10-source-restoration/MAZG7tsAp4qxkk1uF8R/FBGRmlstyRWQdqi0pHa.cs","1173"
"plugin-core","MAZG7tsAp4qxkk1uF8R.FBGRmlstyRWQdqi0pHa","YyeUdj6WSo","case AllEnums.数值Type.体力:","defaultInterpolatedStringHandler.AppendLiteral; defaultInterpolatedStringHandler.AppendFormatted; P_0.C_Send; i14.提示_中心提醒; defaultInterpolatedStringHandler.ToStringAndClear","plugin-source/v10-source-restoration/MAZG7tsAp4qxkk1uF8R/FBGRmlstyRWQdqi0pHa.cs","1233"
"plugin-core","MAZG7tsAp4qxkk1uF8R.FBGRmlstyRWQdqi0pHa","YyeUdj6WSo","case AllEnums.数值Type.道行:","Singleton<WdAPI>.I.PndoGw5lW7","plugin-source/v10-source-restoration/MAZG7tsAp4qxkk1uF8R/FBGRmlstyRWQdqi0pHa.cs","1259"
"plugin-core","MAZG7tsAp4qxkk1uF8R.FBGRmlstyRWQdqi0pHa","YyeUdj6WSo","case AllEnums.数值Type.声望:","Singleton<WdAPI>.I.PndoGw5lW7","plugin-source/v10-source-restoration/MAZG7tsAp4qxkk1uF8R/FBGRmlstyRWQdqi0pHa.cs","1262"
"plugin-core","MAZG7tsAp4qxkk1uF8R.FBGRmlstyRWQdqi0pHa","YyeUdj6WSo","case AllEnums.数值Type.战绩:","Singleton<WdAPI>.I.PndoGw5lW7","plugin-source/v10-source-restoration/MAZG7tsAp4qxkk1uF8R/FBGRmlstyRWQdqi0pHa.cs","1265"
"plugin-core","MAZG7tsAp4qxkk1uF8R.FBGRmlstyRWQdqi0pHa","YyeUdj6WSo","case AllEnums.数值Type.金元宝:","DB.I.cAJNoOkab6; defaultInterpolatedStringHandler.AppendLiteral; defaultInterpolatedStringHandler.AppendFormatted; P_0.C_Send; i28.提示_中心提醒; defaultInterpolatedStringHandler.ToStringAndClear","plugin-source/v10-source-restoration/MAZG7tsAp4qxkk1uF8R/FBGRmlstyRWQdqi0pHa.cs","1268"
"plugin-core","MAZG7tsAp4qxkk1uF8R.FBGRmlstyRWQdqi0pHa","YyeUdj6WSo","case AllEnums.数值Type.银元宝:","DB.I.cAJNoOkab6; defaultInterpolatedStringHandler.AppendLiteral; defaultInterpolatedStringHandler.AppendFormatted; P_0.C_Send; i27.提示_中心提醒; defaultInterpolatedStringHandler.ToStringAndClear","plugin-source/v10-source-restoration/MAZG7tsAp4qxkk1uF8R/FBGRmlstyRWQdqi0pHa.cs","1282"
"plugin-core","MAZG7tsAp4qxkk1uF8R.FBGRmlstyRWQdqi0pHa","YyeUdj6WSo","case AllEnums.数值Type.金钱:","Singleton<WdAPI>.I.PndoGw5lW7","plugin-source/v10-source-restoration/MAZG7tsAp4qxkk1uF8R/FBGRmlstyRWQdqi0pHa.cs","1296"
"plugin-core","MAZG7tsAp4qxkk1uF8R.FBGRmlstyRWQdqi0pHa","YyeUdj6WSo","case AllEnums.数值Type.累充点:","Singleton<WdAPI>.I.PndoGw5lW7","plugin-source/v10-source-restoration/MAZG7tsAp4qxkk1uF8R/FBGRmlstyRWQdqi0pHa.cs","1299"
"plugin-core","MAZG7tsAp4qxkk1uF8R.FBGRmlstyRWQdqi0pHa","YyeUdj6WSo","case AllEnums.数值Type.南极点:","Singleton<WdAPI>.I.PndoGw5lW7","plugin-source/v10-source-restoration/MAZG7tsAp4qxkk1uF8R/FBGRmlstyRWQdqi0pHa.cs","1302"
"plugin-core","MAZG7tsAp4qxkk1uF8R.FBGRmlstyRWQdqi0pHa","YyeUdj6WSo","case AllEnums.数值Type.道具:","Singleton<WdAPI>.I.WywoUvuXuV","plugin-source/v10-source-restoration/MAZG7tsAp4qxkk1uF8R/FBGRmlstyRWQdqi0pHa.cs","1305"
"plugin-core","MAZG7tsAp4qxkk1uF8R.FBGRmlstyRWQdqi0pHa","YyeUdj6WSo","case AllEnums.数值Type.体力:","Singleton<WdAPI>.I.PndoGw5lW7","plugin-source/v10-source-restoration/MAZG7tsAp4qxkk1uF8R/FBGRmlstyRWQdqi0pHa.cs","1311"
"plugin-core","MAZG7tsAp4qxkk1uF8R.FBGRmlstyRWQdqi0pHa","jkMUssH7u1","case AllEnums.数值Type.声望:","defaultInterpolatedStringHandler.AppendLiteral; defaultInterpolatedStringHandler.AppendFormatted; P_0.C_Send; i5.提示_中心提醒; defaultInterpolatedStringHandler.ToStringAndClear; Singleton<WdAPI>.I.PndoGw5lW7","plugin-source/v10-source-restoration/MAZG7tsAp4qxkk1uF8R/FBGRmlstyRWQdqi0pHa.cs","1349"
"plugin-core","MAZG7tsAp4qxkk1uF8R.FBGRmlstyRWQdqi0pHa","jkMUssH7u1","case AllEnums.数值Type.金元宝:","defaultInterpolatedStringHandler.AppendLiteral; defaultInterpolatedStringHandler.AppendFormatted; P_0.C_Send; i2.提示_中心提醒; defaultInterpolatedStringHandler.ToStringAndClear; DB.I.cAJNoOkab6; Singleton<WdAPI>.I.提示_中心提醒","plugin-source/v10-source-restoration/MAZG7tsAp4qxkk1uF8R/FBGRmlstyRWQdqi0pHa.cs","1364"
"plugin-core","MAZG7tsAp4qxkk1uF8R.FBGRmlstyRWQdqi0pHa","jkMUssH7u1","case AllEnums.数值Type.银元宝:","defaultInterpolatedStringHandler.AppendLiteral; defaultInterpolatedStringHandler.AppendFormatted; P_0.C_Send; i3.提示_中心提醒; defaultInterpolatedStringHandler.ToStringAndClear; DB.I.cAJNoOkab6; Singleton<WdAPI>.I.提示_中心提醒","plugin-source/v10-source-restoration/MAZG7tsAp4qxkk1uF8R/FBGRmlstyRWQdqi0pHa.cs","1383"
"plugin-core","MAZG7tsAp4qxkk1uF8R.FBGRmlstyRWQdqi0pHa","jkMUssH7u1","case AllEnums.数值Type.金钱:","defaultInterpolatedStringHandler.AppendLiteral; defaultInterpolatedStringHandler.AppendFormatted; Singleton<WdAPI>.I.问道标准数值文本; P_0.C_Send; i4.提示_中心提醒; defaultInterpolatedStringHandler.ToStringAndClear; Singleton<WdAPI>.I.PndoGw5lW7","plugin-source/v10-source-restoration/MAZG7tsAp4qxkk1uF8R/FBGRmlstyRWQdqi0pHa.cs","1402"
"plugin-core","MAZG7tsAp4qxkk1uF8R.FBGRmlstyRWQdqi0pHa","jkMUssH7u1","case AllEnums.数值Type.体力:","defaultInterpolatedStringHandler.AppendLiteral; defaultInterpolatedStringHandler.AppendFormatted; P_0.C_Send; i.提示_中心提醒; defaultInterpolatedStringHandler.ToStringAndClear; Singleton<WdAPI>.I.PndoGw5lW7","plugin-source/v10-source-restoration/MAZG7tsAp4qxkk1uF8R/FBGRmlstyRWQdqi0pHa.cs","1417"
"plugin-core","MAZG7tsAp4qxkk1uF8R.FBGRmlstyRWQdqi0pHa","M3kUUiH02y","case AllEnums.数值Type.金元宝:","defaultInterpolatedStringHandler.AppendLiteral; defaultInterpolatedStringHandler.AppendFormatted; i9.PndoGw5lW7; defaultInterpolatedStringHandler.ToStringAndClear; myNATSocketClient10.C_Send; i10.提示_提醒和杂项公告; handler.AppendLiteral; handler.AppendFormatted; stringBuilder8.Append","plugin-source/v10-source-restoration/MAZG7tsAp4qxkk1uF8R/FBGRmlstyRWQdqi0pHa.cs","1606"
"plugin-core","MAZG7tsAp4qxkk1uF8R.FBGRmlstyRWQdqi0pHa","M3kUUiH02y","case AllEnums.数值Type.银元宝:","defaultInterpolatedStringHandler.AppendLiteral; defaultInterpolatedStringHandler.AppendFormatted; i4.PndoGw5lW7; defaultInterpolatedStringHandler.ToStringAndClear; myNATSocketClient5.C_Send; i5.提示_提醒和杂项公告; handler.AppendLiteral; handler.AppendFormatted; stringBuilder4.Append","plugin-source/v10-source-restoration/MAZG7tsAp4qxkk1uF8R/FBGRmlstyRWQdqi0pHa.cs","1641"
"plugin-core","MAZG7tsAp4qxkk1uF8R.FBGRmlstyRWQdqi0pHa","M3kUUiH02y","case AllEnums.数值Type.金钱:","Singleton<WdAPI>.I.PndoGw5lW7; defaultInterpolatedStringHandler.AppendLiteral; defaultInterpolatedStringHandler.AppendFormatted; Singleton<WdAPI>.I.问道标准数值文本; myNATSocketClient13.C_Send; i13.提示_提醒和杂项公告; defaultInterpolatedStringHandler.ToStringAndClear; handler.AppendLiteral; handler.AppendFormatted; stringBuilder11.Append","plugin-source/v10-source-restoration/MAZG7tsAp4qxkk1uF8R/FBGRmlstyRWQdqi0pHa.cs","1676"
"plugin-core","MAZG7tsAp4qxkk1uF8R.FBGRmlstyRWQdqi0pHa","M3kUUiH02y","case AllEnums.数值Type.代金券:","Singleton<WdAPI>.I.PndoGw5lW7; defaultInterpolatedStringHandler.AppendLiteral; defaultInterpolatedStringHandler.AppendFormatted; Singleton<WdAPI>.I.问道标准数值文本; myNATSocketClient15.C_Send; i15.提示_提醒和杂项公告; defaultInterpolatedStringHandler.ToStringAndClear; handler.AppendLiteral; handler.AppendFormatted; stringBuilder13.Append","plugin-source/v10-source-restoration/MAZG7tsAp4qxkk1uF8R/FBGRmlstyRWQdqi0pHa.cs","1700"
"plugin-core","MAZG7tsAp4qxkk1uF8R.FBGRmlstyRWQdqi0pHa","M3kUUiH02y","case AllEnums.数值Type.声望:","Singleton<WdAPI>.I.PndoGw5lW7; defaultInterpolatedStringHandler.AppendLiteral; defaultInterpolatedStringHandler.AppendFormatted; myNATSocketClient8.C_Send; i8.提示_提醒和杂项公告; defaultInterpolatedStringHandler.ToStringAndClear; handler.AppendLiteral; handler.AppendFormatted; stringBuilder7.Append","plugin-source/v10-source-restoration/MAZG7tsAp4qxkk1uF8R/FBGRmlstyRWQdqi0pHa.cs","1724"
"plugin-core","MAZG7tsAp4qxkk1uF8R.FBGRmlstyRWQdqi0pHa","M3kUUiH02y","case AllEnums.数值Type.道具:","string.IsNullOrWhiteSpace; Singleton<WdAPI>.I.PndoGw5lW7; defaultInterpolatedStringHandler.AppendLiteral; defaultInterpolatedStringHandler.AppendFormatted; myNATSocketClient12.C_Send; i12.提示_提醒和杂项公告; defaultInterpolatedStringHandler.ToStringAndClear; handler.AppendLiteral; handler.AppendFormatted; stringBuilder10.Append","plugin-source/v10-source-restoration/MAZG7tsAp4qxkk1uF8R/FBGRmlstyRWQdqi0pHa.cs","1748"
"plugin-core","MAZG7tsAp4qxkk1uF8R.FBGRmlstyRWQdqi0pHa","M3kUUiH02y","case AllEnums.数值Type.道行:","Singleton<WdAPI>.I.PndoGw5lW7; defaultInterpolatedStringHandler.AppendLiteral; defaultInterpolatedStringHandler.AppendFormatted; myNATSocketClient6.C_Send; i6.提示_提醒和杂项公告; defaultInterpolatedStringHandler.ToStringAndClear; handler.AppendLiteral; handler.AppendFormatted; stringBuilder5.Append","plugin-source/v10-source-restoration/MAZG7tsAp4qxkk1uF8R/FBGRmlstyRWQdqi0pHa.cs","1776"
"plugin-core","MAZG7tsAp4qxkk1uF8R.FBGRmlstyRWQdqi0pHa","M3kUUiH02y","case AllEnums.数值Type.累充点:","Singleton<WdAPI>.I.PndoGw5lW7; defaultInterpolatedStringHandler.AppendLiteral; defaultInterpolatedStringHandler.AppendFormatted; myNATSocketClient14.C_Send; i14.提示_提醒和杂项公告; defaultInterpolatedStringHandler.ToStringAndClear; handler.AppendLiteral; handler.AppendFormatted; stringBuilder12.Append","plugin-source/v10-source-restoration/MAZG7tsAp4qxkk1uF8R/FBGRmlstyRWQdqi0pHa.cs","1800"
"plugin-core","MAZG7tsAp4qxkk1uF8R.FBGRmlstyRWQdqi0pHa","M3kUUiH02y","case AllEnums.数值Type.南极点:","Singleton<WdAPI>.I.PndoGw5lW7; defaultInterpolatedStringHandler.AppendLiteral; defaultInterpolatedStringHandler.AppendFormatted; myNATSocketClient11.C_Send; i11.提示_提醒和杂项公告; defaultInterpolatedStringHandler.ToStringAndClear; handler.AppendLiteral; handler.AppendFormatted; stringBuilder9.Append","plugin-source/v10-source-restoration/MAZG7tsAp4qxkk1uF8R/FBGRmlstyRWQdqi0pHa.cs","1824"
"plugin-core","MAZG7tsAp4qxkk1uF8R.FBGRmlstyRWQdqi0pHa","M3kUUiH02y","case AllEnums.数值Type.奇宝点:","Singleton<WdAPI>.I.PndoGw5lW7; defaultInterpolatedStringHandler.AppendLiteral; defaultInterpolatedStringHandler.AppendFormatted; myNATSocketClient7.C_Send; i7.提示_提醒和杂项公告; defaultInterpolatedStringHandler.ToStringAndClear; handler.AppendLiteral; handler.AppendFormatted; stringBuilder6.Append","plugin-source/v10-source-restoration/MAZG7tsAp4qxkk1uF8R/FBGRmlstyRWQdqi0pHa.cs","1848"
"plugin-core","MAZG7tsAp4qxkk1uF8R.FBGRmlstyRWQdqi0pHa","M3kUUiH02y","case AllEnums.数值Type.灵气值:","Singleton<WdAPI>.I.PndoGw5lW7; defaultInterpolatedStringHandler.AppendLiteral; defaultInterpolatedStringHandler.AppendFormatted; myNATSocketClient3.C_Send; i3.提示_提醒和杂项公告; defaultInterpolatedStringHandler.ToStringAndClear; handler.AppendLiteral; handler.AppendFormatted; stringBuilder3.Append","plugin-source/v10-source-restoration/MAZG7tsAp4qxkk1uF8R/FBGRmlstyRWQdqi0pHa.cs","1872"
"plugin-core","MAZG7tsAp4qxkk1uF8R.FBGRmlstyRWQdqi0pHa","XyyUWS3eEO","case AllEnums.数值Type.道行:","Singleton<WdAPI>.I.PndoGw5lW7; defaultInterpolatedStringHandler.AppendLiteral; defaultInterpolatedStringHandler.AppendFormatted; P_0.C_Send; i8.提示_中心提醒; defaultInterpolatedStringHandler.ToStringAndClear","plugin-source/v10-source-restoration/MAZG7tsAp4qxkk1uF8R/FBGRmlstyRWQdqi0pHa.cs","1937"
"plugin-core","MAZG7tsAp4qxkk1uF8R.FBGRmlstyRWQdqi0pHa","XyyUWS3eEO","case AllEnums.数值Type.声望:","Singleton<WdAPI>.I.PndoGw5lW7; defaultInterpolatedStringHandler.AppendLiteral; defaultInterpolatedStringHandler.AppendFormatted; P_0.C_Send; i6.提示_中心提醒; defaultInterpolatedStringHandler.ToStringAndClear","plugin-source/v10-source-restoration/MAZG7tsAp4qxkk1uF8R/FBGRmlstyRWQdqi0pHa.cs","1948"
"plugin-core","MAZG7tsAp4qxkk1uF8R.FBGRmlstyRWQdqi0pHa","XyyUWS3eEO","case AllEnums.数值Type.战绩:","Singleton<WdAPI>.I.PndoGw5lW7; defaultInterpolatedStringHandler.AppendLiteral; defaultInterpolatedStringHandler.AppendFormatted; P_0.C_Send; i9.提示_中心提醒; defaultInterpolatedStringHandler.ToStringAndClear","plugin-source/v10-source-restoration/MAZG7tsAp4qxkk1uF8R/FBGRmlstyRWQdqi0pHa.cs","1959"
"plugin-core","MAZG7tsAp4qxkk1uF8R.FBGRmlstyRWQdqi0pHa","XyyUWS3eEO","case AllEnums.数值Type.金元宝:","DB.I.cAJNoOkab6; defaultInterpolatedStringHandler.AppendLiteral; defaultInterpolatedStringHandler.AppendFormatted; P_0.C_Send; i7.提示_中心提醒; defaultInterpolatedStringHandler.ToStringAndClear","plugin-source/v10-source-restoration/MAZG7tsAp4qxkk1uF8R/FBGRmlstyRWQdqi0pHa.cs","1970"
"plugin-core","MAZG7tsAp4qxkk1uF8R.FBGRmlstyRWQdqi0pHa","XyyUWS3eEO","case AllEnums.数值Type.银元宝:","DB.I.cAJNoOkab6; defaultInterpolatedStringHandler.AppendLiteral; defaultInterpolatedStringHandler.AppendFormatted; P_0.C_Send; i5.提示_中心提醒; defaultInterpolatedStringHandler.ToStringAndClear","plugin-source/v10-source-restoration/MAZG7tsAp4qxkk1uF8R/FBGRmlstyRWQdqi0pHa.cs","1981"
"plugin-core","MAZG7tsAp4qxkk1uF8R.FBGRmlstyRWQdqi0pHa","XyyUWS3eEO","case AllEnums.数值Type.金钱:","Singleton<WdAPI>.I.PndoGw5lW7; P_0.C_Send; Singleton<WdAPI>.I.提示_中心提醒; Singleton<WdAPI>.I.问道标准数值文本","plugin-source/v10-source-restoration/MAZG7tsAp4qxkk1uF8R/FBGRmlstyRWQdqi0pHa.cs","1992"
"plugin-core","MAZG7tsAp4qxkk1uF8R.FBGRmlstyRWQdqi0pHa","XyyUWS3eEO","case AllEnums.数值Type.累充点:","Singleton<WdAPI>.I.PndoGw5lW7; defaultInterpolatedStringHandler.AppendLiteral; defaultInterpolatedStringHandler.AppendFormatted; P_0.C_Send; i4.提示_中心提醒; defaultInterpolatedStringHandler.ToStringAndClear","plugin-source/v10-source-restoration/MAZG7tsAp4qxkk1uF8R/FBGRmlstyRWQdqi0pHa.cs","1996"
"plugin-core","MAZG7tsAp4qxkk1uF8R.FBGRmlstyRWQdqi0pHa","XyyUWS3eEO","case AllEnums.数值Type.南极点:","Singleton<WdAPI>.I.PndoGw5lW7; defaultInterpolatedStringHandler.AppendLiteral; defaultInterpolatedStringHandler.AppendFormatted; P_0.C_Send; i3.提示_中心提醒; defaultInterpolatedStringHandler.ToStringAndClear","plugin-source/v10-source-restoration/MAZG7tsAp4qxkk1uF8R/FBGRmlstyRWQdqi0pHa.cs","2007"
"plugin-core","MAZG7tsAp4qxkk1uF8R.FBGRmlstyRWQdqi0pHa","XyyUWS3eEO","case AllEnums.数值Type.体力:","Singleton<WdAPI>.I.PndoGw5lW7; defaultInterpolatedStringHandler.AppendLiteral; defaultInterpolatedStringHandler.AppendFormatted; P_0.C_Send; i2.提示_中心提醒; defaultInterpolatedStringHandler.ToStringAndClear","plugin-source/v10-source-restoration/MAZG7tsAp4qxkk1uF8R/FBGRmlstyRWQdqi0pHa.cs","2018"
"plugin-core","MAZG7tsAp4qxkk1uF8R.FBGRmlstyRWQdqi0pHa","XyyUWS3eEO","case AllEnums.数值Type.道具:","Singleton<WdAPI>.I.OhAIEJ4cvw; defaultInterpolatedStringHandler.AppendLiteral; defaultInterpolatedStringHandler.AppendFormatted; P_0.C_Send; i.提示_中心提醒; defaultInterpolatedStringHandler.ToStringAndClear","plugin-source/v10-source-restoration/MAZG7tsAp4qxkk1uF8R/FBGRmlstyRWQdqi0pHa.cs","2029"
"plugin-core","MAZG7tsAp4qxkk1uF8R.FBGRmlstyRWQdqi0pHa","XyyUWS3eEO","case AllEnums.数值Type.经验:","","plugin-source/v10-source-restoration/MAZG7tsAp4qxkk1uF8R/FBGRmlstyRWQdqi0pHa.cs","2042"
"plugin-core","MAZG7tsAp4qxkk1uF8R.FBGRmlstyRWQdqi0pHa","XyyUWS3eEO","case AllEnums.数值Type.道行:","Singleton<WdAPI>.I.PndoGw5lW7; defaultInterpolatedStringHandler.AppendLiteral; defaultInterpolatedStringHandler.AppendFormatted; myNATSocketClient.C_Send; i17.提示_中心提醒; defaultInterpolatedStringHandler.ToStringAndClear","plugin-source/v10-source-restoration/MAZG7tsAp4qxkk1uF8R/FBGRmlstyRWQdqi0pHa.cs","2057"
"plugin-core","MAZG7tsAp4qxkk1uF8R.FBGRmlstyRWQdqi0pHa","XyyUWS3eEO","case AllEnums.数值Type.声望:","Singleton<WdAPI>.I.PndoGw5lW7; defaultInterpolatedStringHandler.AppendLiteral; defaultInterpolatedStringHandler.AppendFormatted; myNATSocketClient.C_Send; i15.提示_中心提醒; defaultInterpolatedStringHandler.ToStringAndClear","plugin-source/v10-source-restoration/MAZG7tsAp4qxkk1uF8R/FBGRmlstyRWQdqi0pHa.cs","2068"
"plugin-core","MAZG7tsAp4qxkk1uF8R.FBGRmlstyRWQdqi0pHa","XyyUWS3eEO","case AllEnums.数值Type.战绩:","Singleton<WdAPI>.I.PndoGw5lW7; defaultInterpolatedStringHandler.AppendLiteral; defaultInterpolatedStringHandler.AppendFormatted; myNATSocketClient.C_Send; i18.提示_中心提醒; defaultInterpolatedStringHandler.ToStringAndClear","plugin-source/v10-source-restoration/MAZG7tsAp4qxkk1uF8R/FBGRmlstyRWQdqi0pHa.cs","2079"
"plugin-core","MAZG7tsAp4qxkk1uF8R.FBGRmlstyRWQdqi0pHa","XyyUWS3eEO","case AllEnums.数值Type.金元宝:","DB.I.cAJNoOkab6; defaultInterpolatedStringHandler.AppendLiteral; defaultInterpolatedStringHandler.AppendFormatted; myNATSocketClient.C_Send; i16.提示_中心提醒; defaultInterpolatedStringHandler.ToStringAndClear","plugin-source/v10-source-restoration/MAZG7tsAp4qxkk1uF8R/FBGRmlstyRWQdqi0pHa.cs","2090"
"plugin-core","MAZG7tsAp4qxkk1uF8R.FBGRmlstyRWQdqi0pHa","XyyUWS3eEO","case AllEnums.数值Type.银元宝:","DB.I.cAJNoOkab6; defaultInterpolatedStringHandler.AppendLiteral; defaultInterpolatedStringHandler.AppendFormatted; myNATSocketClient.C_Send; i14.提示_中心提醒; defaultInterpolatedStringHandler.ToStringAndClear","plugin-source/v10-source-restoration/MAZG7tsAp4qxkk1uF8R/FBGRmlstyRWQdqi0pHa.cs","2101"
"plugin-core","MAZG7tsAp4qxkk1uF8R.FBGRmlstyRWQdqi0pHa","XyyUWS3eEO","case AllEnums.数值Type.金钱:","Singleton<WdAPI>.I.PndoGw5lW7; myNATSocketClient.C_Send; Singleton<WdAPI>.I.提示_中心提醒; Singleton<WdAPI>.I.问道标准数值文本","plugin-source/v10-source-restoration/MAZG7tsAp4qxkk1uF8R/FBGRmlstyRWQdqi0pHa.cs","2112"
"plugin-core","MAZG7tsAp4qxkk1uF8R.FBGRmlstyRWQdqi0pHa","XyyUWS3eEO","case AllEnums.数值Type.累充点:","Singleton<WdAPI>.I.PndoGw5lW7; defaultInterpolatedStringHandler.AppendLiteral; defaultInterpolatedStringHandler.AppendFormatted; myNATSocketClient.C_Send; i13.提示_中心提醒; defaultInterpolatedStringHandler.ToStringAndClear","plugin-source/v10-source-restoration/MAZG7tsAp4qxkk1uF8R/FBGRmlstyRWQdqi0pHa.cs","2116"
"plugin-core","MAZG7tsAp4qxkk1uF8R.FBGRmlstyRWQdqi0pHa","XyyUWS3eEO","case AllEnums.数值Type.南极点:","Singleton<WdAPI>.I.PndoGw5lW7; defaultInterpolatedStringHandler.AppendLiteral; defaultInterpolatedStringHandler.AppendFormatted; myNATSocketClient.C_Send; i12.提示_中心提醒; defaultInterpolatedStringHandler.ToStringAndClear","plugin-source/v10-source-restoration/MAZG7tsAp4qxkk1uF8R/FBGRmlstyRWQdqi0pHa.cs","2127"
"plugin-core","MAZG7tsAp4qxkk1uF8R.FBGRmlstyRWQdqi0pHa","XyyUWS3eEO","case AllEnums.数值Type.体力:","Singleton<WdAPI>.I.PndoGw5lW7; defaultInterpolatedStringHandler.AppendLiteral; defaultInterpolatedStringHandler.AppendFormatted; myNATSocketClient.C_Send; i11.提示_中心提醒; defaultInterpolatedStringHandler.ToStringAndClear","plugin-source/v10-source-restoration/MAZG7tsAp4qxkk1uF8R/FBGRmlstyRWQdqi0pHa.cs","2138"
"plugin-core","MAZG7tsAp4qxkk1uF8R.FBGRmlstyRWQdqi0pHa","XyyUWS3eEO","case AllEnums.数值Type.道具:","Singleton<WdAPI>.I.OhAIEJ4cvw; defaultInterpolatedStringHandler.AppendLiteral; defaultInterpolatedStringHandler.AppendFormatted; myNATSocketClient.C_Send; i10.提示_中心提醒; defaultInterpolatedStringHandler.ToStringAndClear","plugin-source/v10-source-restoration/MAZG7tsAp4qxkk1uF8R/FBGRmlstyRWQdqi0pHa.cs","2149"
"plugin-core","MGlqQ3brPEBI9uuUVKc.APqDp4bq1ecVdMifnI1","JTvJbdsgAc","case 1:","defaultInterpolatedStringHandler.AppendLiteral; defaultInterpolatedStringHandler.AppendFormatted; P_0.C_Send; i3.组包确定框; defaultInterpolatedStringHandler.ToStringAndClear","plugin-source/v10-source-restoration/MGlqQ3brPEBI9uuUVKc/APqDp4bq1ecVdMifnI1.cs","248"
"plugin-core","MGlqQ3brPEBI9uuUVKc.APqDp4bq1ecVdMifnI1","JTvJbdsgAc","case 10:","defaultInterpolatedStringHandler.AppendLiteral; defaultInterpolatedStringHandler.AppendFormatted; P_0.C_Send; i2.组包确定框; defaultInterpolatedStringHandler.ToStringAndClear","plugin-source/v10-source-restoration/MGlqQ3brPEBI9uuUVKc/APqDp4bq1ecVdMifnI1.cs","262"
"plugin-core","MGlqQ3brPEBI9uuUVKc.APqDp4bq1ecVdMifnI1","JTvJbdsgAc","case 50:","defaultInterpolatedStringHandler.AppendLiteral; defaultInterpolatedStringHandler.AppendFormatted; P_0.C_Send; i.组包确定框; defaultInterpolatedStringHandler.ToStringAndClear","plugin-source/v10-source-restoration/MGlqQ3brPEBI9uuUVKc/APqDp4bq1ecVdMifnI1.cs","276"
"plugin-core","MGlqQ3brPEBI9uuUVKc.APqDp4bq1ecVdMifnI1","ACsJsluSp7","case AllEnums.数值Type.金元宝:","P_0.C_Send; Singleton<WdAPI>.I.提示_中心提醒; DB.I.cAJNoOkab6","plugin-source/v10-source-restoration/MGlqQ3brPEBI9uuUVKc/APqDp4bq1ecVdMifnI1.cs","514"
"plugin-core","MGlqQ3brPEBI9uuUVKc.APqDp4bq1ecVdMifnI1","ACsJsluSp7","case AllEnums.数值Type.银元宝:","P_0.C_Send; Singleton<WdAPI>.I.提示_中心提醒; DB.I.cAJNoOkab6","plugin-source/v10-source-restoration/MGlqQ3brPEBI9uuUVKc/APqDp4bq1ecVdMifnI1.cs","526"
"plugin-core","MGlqQ3brPEBI9uuUVKc.APqDp4bq1ecVdMifnI1","ACsJsluSp7","case AllEnums.数值Type.金钱:","P_0.C_Send; Singleton<WdAPI>.I.提示_中心提醒; Singleton<WdAPI>.I.PndoGw5lW7","plugin-source/v10-source-restoration/MGlqQ3brPEBI9uuUVKc/APqDp4bq1ecVdMifnI1.cs","538"
"plugin-core","MGlqQ3brPEBI9uuUVKc.APqDp4bq1ecVdMifnI1","ACsJsluSp7","case AllEnums.数值Type.声望:","P_0.C_Send; Singleton<WdAPI>.I.提示_中心提醒; Singleton<WdAPI>.I.PndoGw5lW7","plugin-source/v10-source-restoration/MGlqQ3brPEBI9uuUVKc/APqDp4bq1ecVdMifnI1.cs","546"
"plugin-core","MGlqQ3brPEBI9uuUVKc.APqDp4bq1ecVdMifnI1","ACsJsluSp7","case AllEnums.数值Type.奇宝点:","P_0.C_Send; Singleton<WdAPI>.I.提示_中心提醒; Singleton<WdAPI>.I.PndoGw5lW7","plugin-source/v10-source-restoration/MGlqQ3brPEBI9uuUVKc/APqDp4bq1ecVdMifnI1.cs","554"
"plugin-core","MGlqQ3brPEBI9uuUVKc.APqDp4bq1ecVdMifnI1","ACsJsluSp7","case AllEnums.数值Type.论道点:","P_0.C_Send; Singleton<WdAPI>.I.提示_中心提醒; Singleton<WdAPI>.I.PndoGw5lW7","plugin-source/v10-source-restoration/MGlqQ3brPEBI9uuUVKc/APqDp4bq1ecVdMifnI1.cs","562"
"plugin-core","MGlqQ3brPEBI9uuUVKc.APqDp4bq1ecVdMifnI1","ACsJsluSp7","case AllEnums.数值Type.灵气值:","P_0.C_Send; Singleton<WdAPI>.I.提示_中心提醒; Singleton<WdAPI>.I.PndoGw5lW7","plugin-source/v10-source-restoration/MGlqQ3brPEBI9uuUVKc/APqDp4bq1ecVdMifnI1.cs","570"
"plugin-core","MGlqQ3brPEBI9uuUVKc.APqDp4bq1ecVdMifnI1","ACsJsluSp7","case AllEnums.数值Type.等级:","写.写文本型","plugin-source/v10-source-restoration/MGlqQ3brPEBI9uuUVKc/APqDp4bq1ecVdMifnI1.cs","689"
"plugin-core","MGlqQ3brPEBI9uuUVKc.APqDp4bq1ecVdMifnI1","ACsJsluSp7","case AllEnums.数值Type.道行:","写.写文本型","plugin-source/v10-source-restoration/MGlqQ3brPEBI9uuUVKc/APqDp4bq1ecVdMifnI1.cs","692"
"plugin-core","MGlqQ3brPEBI9uuUVKc.APqDp4bq1ecVdMifnI1","ACsJsluSp7","case AllEnums.数值Type.经验:","写.写文本型","plugin-source/v10-source-restoration/MGlqQ3brPEBI9uuUVKc/APqDp4bq1ecVdMifnI1.cs","695"
"plugin-core","MGlqQ3brPEBI9uuUVKc.APqDp4bq1ecVdMifnI1","ACsJsluSp7","case AllEnums.数值Type.声望:","写.写文本型","plugin-source/v10-source-restoration/MGlqQ3brPEBI9uuUVKc/APqDp4bq1ecVdMifnI1.cs","698"
"plugin-core","MGlqQ3brPEBI9uuUVKc.APqDp4bq1ecVdMifnI1","ACsJsluSp7","case AllEnums.数值Type.战绩:","写.写文本型","plugin-source/v10-source-restoration/MGlqQ3brPEBI9uuUVKc/APqDp4bq1ecVdMifnI1.cs","701"
"plugin-core","MGlqQ3brPEBI9uuUVKc.APqDp4bq1ecVdMifnI1","ACsJsluSp7","case AllEnums.数值Type.金元宝:","写.写文本型","plugin-source/v10-source-restoration/MGlqQ3brPEBI9uuUVKc/APqDp4bq1ecVdMifnI1.cs","704"
"plugin-core","MGlqQ3brPEBI9uuUVKc.APqDp4bq1ecVdMifnI1","ACsJsluSp7","case AllEnums.数值Type.银元宝:","写.写文本型","plugin-source/v10-source-restoration/MGlqQ3brPEBI9uuUVKc/APqDp4bq1ecVdMifnI1.cs","707"
"plugin-core","MGlqQ3brPEBI9uuUVKc.APqDp4bq1ecVdMifnI1","ACsJsluSp7","case AllEnums.数值Type.金钱:","写.写文本型","plugin-source/v10-source-restoration/MGlqQ3brPEBI9uuUVKc/APqDp4bq1ecVdMifnI1.cs","710"
"plugin-core","MGlqQ3brPEBI9uuUVKc.APqDp4bq1ecVdMifnI1","ACsJsluSp7","case AllEnums.数值Type.累充点:","写.写文本型","plugin-source/v10-source-restoration/MGlqQ3brPEBI9uuUVKc/APqDp4bq1ecVdMifnI1.cs","713"
"plugin-core","MGlqQ3brPEBI9uuUVKc.APqDp4bq1ecVdMifnI1","ACsJsluSp7","case AllEnums.数值Type.体力:","写.写文本型","plugin-source/v10-source-restoration/MGlqQ3brPEBI9uuUVKc/APqDp4bq1ecVdMifnI1.cs","716"
"plugin-core","MGlqQ3brPEBI9uuUVKc.APqDp4bq1ecVdMifnI1","ACsJsluSp7","case AllEnums.数值Type.南极点:","写.写文本型","plugin-source/v10-source-restoration/MGlqQ3brPEBI9uuUVKc/APqDp4bq1ecVdMifnI1.cs","719"
"plugin-core","MGlqQ3brPEBI9uuUVKc.APqDp4bq1ecVdMifnI1","ACsJsluSp7","case AllEnums.数值Type.代金券:","写.写文本型","plugin-source/v10-source-restoration/MGlqQ3brPEBI9uuUVKc/APqDp4bq1ecVdMifnI1.cs","722"
"plugin-core","MGlqQ3brPEBI9uuUVKc.APqDp4bq1ecVdMifnI1","ACsJsluSp7","case AllEnums.数值Type.宠物:","写.写文本型","plugin-source/v10-source-restoration/MGlqQ3brPEBI9uuUVKc/APqDp4bq1ecVdMifnI1.cs","725"
"plugin-core","MGlqQ3brPEBI9uuUVKc.APqDp4bq1ecVdMifnI1","ACsJsluSp7","case AllEnums.数值Type.坐骑:","写.写文本型","plugin-source/v10-source-restoration/MGlqQ3brPEBI9uuUVKc/APqDp4bq1ecVdMifnI1.cs","728"
"plugin-core","MGlqQ3brPEBI9uuUVKc.APqDp4bq1ecVdMifnI1","ACsJsluSp7","case AllEnums.数值Type.奇宝点:","写.写文本型","plugin-source/v10-source-restoration/MGlqQ3brPEBI9uuUVKc/APqDp4bq1ecVdMifnI1.cs","731"
"plugin-core","MGlqQ3brPEBI9uuUVKc.APqDp4bq1ecVdMifnI1","ACsJsluSp7","case AllEnums.数值Type.灵气值:","写.写文本型","plugin-source/v10-source-restoration/MGlqQ3brPEBI9uuUVKc/APqDp4bq1ecVdMifnI1.cs","734"
"plugin-core","MGlqQ3brPEBI9uuUVKc.APqDp4bq1ecVdMifnI1","ACsJsluSp7","case AllEnums.数值Type.论道点:","写.写文本型","plugin-source/v10-source-restoration/MGlqQ3brPEBI9uuUVKc/APqDp4bq1ecVdMifnI1.cs","737"
"plugin-core","mxyyZlfUTTOCu8Y4ZsN.XhaJ3cfswGhhnmIequv","ULvf8HlQXX","case AllEnums.数值Type.道行:","Singleton<WdAPI>.I.PndoGw5lW7; defaultInterpolatedStringHandler.AppendLiteral; defaultInterpolatedStringHandler.AppendFormatted; myNATSocketClient12.C_Send; i13.提示_杂项公告; defaultInterpolatedStringHandler.ToStringAndClear","plugin-source/v10-source-restoration/mxyyZlfUTTOCu8Y4ZsN/XhaJ3cfswGhhnmIequv.cs","183"
"plugin-core","mxyyZlfUTTOCu8Y4ZsN.XhaJ3cfswGhhnmIequv","ULvf8HlQXX","case AllEnums.数值Type.经验:","Singleton<WdAPI>.I.PndoGw5lW7; defaultInterpolatedStringHandler.AppendLiteral; defaultInterpolatedStringHandler.AppendFormatted; myNATSocketClient11.C_Send; i12.提示_杂项公告; defaultInterpolatedStringHandler.ToStringAndClear","plugin-source/v10-source-restoration/mxyyZlfUTTOCu8Y4ZsN/XhaJ3cfswGhhnmIequv.cs","197"
"plugin-core","mxyyZlfUTTOCu8Y4ZsN.XhaJ3cfswGhhnmIequv","ULvf8HlQXX","case AllEnums.数值Type.声望:","Singleton<WdAPI>.I.PndoGw5lW7; defaultInterpolatedStringHandler.AppendLiteral; defaultInterpolatedStringHandler.AppendFormatted; myNATSocketClient10.C_Send; i11.提示_杂项公告; defaultInterpolatedStringHandler.ToStringAndClear","plugin-source/v10-source-restoration/mxyyZlfUTTOCu8Y4ZsN/XhaJ3cfswGhhnmIequv.cs","211"
"plugin-core","mxyyZlfUTTOCu8Y4ZsN.XhaJ3cfswGhhnmIequv","ULvf8HlQXX","case AllEnums.数值Type.战绩:","Singleton<WdAPI>.I.PndoGw5lW7; defaultInterpolatedStringHandler.AppendLiteral; defaultInterpolatedStringHandler.AppendFormatted; myNATSocketClient9.C_Send; i10.提示_杂项公告; defaultInterpolatedStringHandler.ToStringAndClear","plugin-source/v10-source-restoration/mxyyZlfUTTOCu8Y4ZsN/XhaJ3cfswGhhnmIequv.cs","225"
"plugin-core","mxyyZlfUTTOCu8Y4ZsN.XhaJ3cfswGhhnmIequv","ULvf8HlQXX","case AllEnums.数值Type.金元宝:","Singleton<WdAPI>.I.PndoGw5lW7; defaultInterpolatedStringHandler.AppendLiteral; defaultInterpolatedStringHandler.AppendFormatted; myNATSocketClient8.C_Send; i9.提示_杂项公告; defaultInterpolatedStringHandler.ToStringAndClear","plugin-source/v10-source-restoration/mxyyZlfUTTOCu8Y4ZsN/XhaJ3cfswGhhnmIequv.cs","239"
"plugin-core","mxyyZlfUTTOCu8Y4ZsN.XhaJ3cfswGhhnmIequv","ULvf8HlQXX","case AllEnums.数值Type.银元宝:","Singleton<WdAPI>.I.PndoGw5lW7; defaultInterpolatedStringHandler.AppendLiteral; defaultInterpolatedStringHandler.AppendFormatted; myNATSocketClient7.C_Send; i8.提示_杂项公告; defaultInterpolatedStringHandler.ToStringAndClear","plugin-source/v10-source-restoration/mxyyZlfUTTOCu8Y4ZsN/XhaJ3cfswGhhnmIequv.cs","253"
"plugin-core","mxyyZlfUTTOCu8Y4ZsN.XhaJ3cfswGhhnmIequv","ULvf8HlQXX","case AllEnums.数值Type.金钱:","Singleton<WdAPI>.I.PndoGw5lW7; defaultInterpolatedStringHandler.AppendLiteral; defaultInterpolatedStringHandler.AppendFormatted; Singleton<WdAPI>.I.问道标准数值文本; myNATSocketClient6.C_Send; i7.提示_杂项公告; defaultInterpolatedStringHandler.ToStringAndClear","plugin-source/v10-source-restoration/mxyyZlfUTTOCu8Y4ZsN/XhaJ3cfswGhhnmIequv.cs","267"
"plugin-core","mxyyZlfUTTOCu8Y4ZsN.XhaJ3cfswGhhnmIequv","ULvf8HlQXX","case AllEnums.数值Type.累充点:","Singleton<WdAPI>.I.PndoGw5lW7; defaultInterpolatedStringHandler.AppendLiteral; defaultInterpolatedStringHandler.AppendFormatted; myNATSocketClient5.C_Send; i6.提示_杂项公告; defaultInterpolatedStringHandler.ToStringAndClear","plugin-source/v10-source-restoration/mxyyZlfUTTOCu8Y4ZsN/XhaJ3cfswGhhnmIequv.cs","281"
"plugin-core","mxyyZlfUTTOCu8Y4ZsN.XhaJ3cfswGhhnmIequv","ULvf8HlQXX","case AllEnums.数值Type.道具:","Singleton<WdAPI>.I.PndoGw5lW7; defaultInterpolatedStringHandler.AppendLiteral; defaultInterpolatedStringHandler.AppendFormatted; myNATSocketClient4.C_Send; i5.提示_杂项公告; defaultInterpolatedStringHandler.ToStringAndClear","plugin-source/v10-source-restoration/mxyyZlfUTTOCu8Y4ZsN/XhaJ3cfswGhhnmIequv.cs","295"
"plugin-core","mxyyZlfUTTOCu8Y4ZsN.XhaJ3cfswGhhnmIequv","ULvf8HlQXX","case AllEnums.数值Type.南极点:","Singleton<WdAPI>.I.PndoGw5lW7; defaultInterpolatedStringHandler.AppendLiteral; defaultInterpolatedStringHandler.AppendFormatted; myNATSocketClient3.C_Send; i4.提示_杂项公告; defaultInterpolatedStringHandler.ToStringAndClear","plugin-source/v10-source-restoration/mxyyZlfUTTOCu8Y4ZsN/XhaJ3cfswGhhnmIequv.cs","311"
"plugin-core","mxyyZlfUTTOCu8Y4ZsN.XhaJ3cfswGhhnmIequv","ULvf8HlQXX","case AllEnums.数值Type.奇宝点:","Singleton<WdAPI>.I.PndoGw5lW7; defaultInterpolatedStringHandler.AppendLiteral; defaultInterpolatedStringHandler.AppendFormatted; myNATSocketClient2.C_Send; i3.提示_杂项公告; defaultInterpolatedStringHandler.ToStringAndClear","plugin-source/v10-source-restoration/mxyyZlfUTTOCu8Y4ZsN/XhaJ3cfswGhhnmIequv.cs","325"
"plugin-core","mxyyZlfUTTOCu8Y4ZsN.XhaJ3cfswGhhnmIequv","ULvf8HlQXX","case AllEnums.数值Type.灵气值:","Singleton<WdAPI>.I.PndoGw5lW7; defaultInterpolatedStringHandler.AppendLiteral; defaultInterpolatedStringHandler.AppendFormatted; myNATSocketClient.C_Send; i2.提示_杂项公告; defaultInterpolatedStringHandler.ToStringAndClear","plugin-source/v10-source-restoration/mxyyZlfUTTOCu8Y4ZsN/XhaJ3cfswGhhnmIequv.cs","339"
"plugin-core","MyNATSocketClient","c2q6rOHHY9","case AllEnums.异兽Type.御灵:","user.存档数据.中州论道存档.jxpIgn1imh; concurrentDictionary.ContainsKey; concurrentDictionary.TryAdd","plugin-source/v10-source-restoration/MyNATSocketClient.cs","613"
"plugin-core","MyNATSocketClient","c2q6rOHHY9","case AllEnums.异兽Type.变异:","user.存档数据.中州论道存档.jxpIgn1imh; concurrentDictionary.ContainsKey; concurrentDictionary.TryAdd","plugin-source/v10-source-restoration/MyNATSocketClient.cs","627"
"plugin-core","MyNATSocketClient","c2q6rOHHY9","case AllEnums.异兽Type.神兽:","user.存档数据.中州论道存档.jxpIgn1imh; concurrentDictionary.ContainsKey; concurrentDictionary.TryAdd","plugin-source/v10-source-restoration/MyNATSocketClient.cs","641"
"plugin-core","MyNATSocketClient","c2q6rOHHY9","case AllEnums.异兽Type.元灵:","user.存档数据.中州论道存档.jxpIgn1imh; concurrentDictionary.ContainsKey; concurrentDictionary.TryAdd","plugin-source/v10-source-restoration/MyNATSocketClient.cs","655"
"plugin-core","MyNATSocketClient","c2q6rOHHY9","case AllEnums.异兽Type.仙元:","user.存档数据.中州论道存档.jxpIgn1imh; concurrentDictionary.ContainsKey; concurrentDictionary.TryAdd","plugin-source/v10-source-restoration/MyNATSocketClient.cs","669"
"plugin-core","na6bKIshZPRKsEOcVLd.pHYsMfsMDubZLMGsWi3","dlXsvFbU82","case AllEnums.数值Type.金元宝:","P_0.C_Send; Singleton<WdAPI>.I.提示_中心提醒; DB.I.cAJNoOkab6","plugin-source/v10-source-restoration/na6bKIshZPRKsEOcVLd/pHYsMfsMDubZLMGsWi3.cs","24"
"plugin-core","na6bKIshZPRKsEOcVLd.pHYsMfsMDubZLMGsWi3","dlXsvFbU82","case AllEnums.数值Type.银元宝:","P_0.C_Send; Singleton<WdAPI>.I.提示_中心提醒; DB.I.cAJNoOkab6","plugin-source/v10-source-restoration/na6bKIshZPRKsEOcVLd/pHYsMfsMDubZLMGsWi3.cs","36"
"plugin-core","na6bKIshZPRKsEOcVLd.pHYsMfsMDubZLMGsWi3","dlXsvFbU82","case AllEnums.数值Type.金钱:","P_0.C_Send; Singleton<WdAPI>.I.提示_中心提醒; Singleton<WdAPI>.I.PndoGw5lW7","plugin-source/v10-source-restoration/na6bKIshZPRKsEOcVLd/pHYsMfsMDubZLMGsWi3.cs","48"
"plugin-core","PB0xx2KvGeQt7ty6y1C.FoohJvKhxbMTfceeiIF","ugvKrDsvWP","case 3:","","plugin-source/v10-source-restoration/PB0xx2KvGeQt7ty6y1C/FoohJvKhxbMTfceeiIF.cs","2171"
"plugin-core","PB0xx2KvGeQt7ty6y1C.FoohJvKhxbMTfceeiIF","ugvKrDsvWP","case 4:","","plugin-source/v10-source-restoration/PB0xx2KvGeQt7ty6y1C/FoohJvKhxbMTfceeiIF.cs","2180"
"plugin-core","PB0xx2KvGeQt7ty6y1C.FoohJvKhxbMTfceeiIF","ugvKrDsvWP","case 10:","","plugin-source/v10-source-restoration/PB0xx2KvGeQt7ty6y1C/FoohJvKhxbMTfceeiIF.cs","2189"
"plugin-core","PB0xx2KvGeQt7ty6y1C.FoohJvKhxbMTfceeiIF","ugvKrDsvWP","case 11:","","plugin-source/v10-source-restoration/PB0xx2KvGeQt7ty6y1C/FoohJvKhxbMTfceeiIF.cs","2198"
"plugin-core","PB0xx2KvGeQt7ty6y1C.FoohJvKhxbMTfceeiIF","ugvKrDsvWP","default:","","plugin-source/v10-source-restoration/PB0xx2KvGeQt7ty6y1C/FoohJvKhxbMTfceeiIF.cs","2207"
"plugin-core","PJ8VymWjWDfaUUlTW62.lrYK0bWD4sTSDkaJic1","SOCWBZW2Aa","case 1:","","plugin-source/v10-source-restoration/PJ8VymWjWDfaUUlTW62/lrYK0bWD4sTSDkaJic1.cs","362"
"plugin-core","PJ8VymWjWDfaUUlTW62.lrYK0bWD4sTSDkaJic1","SOCWBZW2Aa","case 2:","","plugin-source/v10-source-restoration/PJ8VymWjWDfaUUlTW62/lrYK0bWD4sTSDkaJic1.cs","365"
"plugin-core","PJ8VymWjWDfaUUlTW62.lrYK0bWD4sTSDkaJic1","SOCWBZW2Aa","case 3:","","plugin-source/v10-source-restoration/PJ8VymWjWDfaUUlTW62/lrYK0bWD4sTSDkaJic1.cs","368"
"plugin-core","q52xqsRVVwmOLlpWkb3.t3Hr1lRCL4Z1QF9uWXP","eDcRxvSEFf","case AllEnums.数值Type.金元宝:","defaultInterpolatedStringHandler.AppendLiteral; defaultInterpolatedStringHandler.AppendFormatted; P_0.C_Send; i5.提示_中心提醒; defaultInterpolatedStringHandler.ToStringAndClear; DB.I.cAJNoOkab6; Singleton<WdAPI>.I.提示_中心提醒; i6.提示_提醒和杂项公告","plugin-source/v10-source-restoration/q52xqsRVVwmOLlpWkb3/t3Hr1lRCL4Z1QF9uWXP.cs","1387"
"plugin-core","q52xqsRVVwmOLlpWkb3.t3Hr1lRCL4Z1QF9uWXP","eDcRxvSEFf","case AllEnums.数值Type.银元宝:","defaultInterpolatedStringHandler.AppendLiteral; defaultInterpolatedStringHandler.AppendFormatted; P_0.C_Send; i3.提示_中心提醒; defaultInterpolatedStringHandler.ToStringAndClear; DB.I.cAJNoOkab6; Singleton<WdAPI>.I.提示_中心提醒; i4.提示_提醒和杂项公告","plugin-source/v10-source-restoration/q52xqsRVVwmOLlpWkb3/t3Hr1lRCL4Z1QF9uWXP.cs","1416"
"plugin-core","q52xqsRVVwmOLlpWkb3.t3Hr1lRCL4Z1QF9uWXP","eDcRxvSEFf","case AllEnums.数值Type.金钱:","defaultInterpolatedStringHandler.AppendLiteral; defaultInterpolatedStringHandler.AppendFormatted; Singleton<WdAPI>.I.问道标准数值文本; P_0.C_Send; i7.提示_中心提醒; defaultInterpolatedStringHandler.ToStringAndClear; Singleton<WdAPI>.I.PndoGw5lW7; i8.提示_提醒和杂项公告","plugin-source/v10-source-restoration/q52xqsRVVwmOLlpWkb3/t3Hr1lRCL4Z1QF9uWXP.cs","1445"
"plugin-core","q52xqsRVVwmOLlpWkb3.t3Hr1lRCL4Z1QF9uWXP","eDcRxvSEFf","case AllEnums.数值Type.灵气值:","defaultInterpolatedStringHandler.AppendLiteral; defaultInterpolatedStringHandler.AppendFormatted; P_0.C_Send; i.提示_中心提醒; defaultInterpolatedStringHandler.ToStringAndClear; Singleton<WdAPI>.I.PndoGw5lW7; i2.提示_提醒和杂项公告","plugin-source/v10-source-restoration/q52xqsRVVwmOLlpWkb3/t3Hr1lRCL4Z1QF9uWXP.cs","1470"
"plugin-core","q52xqsRVVwmOLlpWkb3.t3Hr1lRCL4Z1QF9uWXP","DsMRHx5eC8","case AllEnums.数值Type.金元宝:","defaultInterpolatedStringHandler.AppendLiteral; defaultInterpolatedStringHandler.AppendFormatted; P_0.C_Send; i5.提示_中心提醒; defaultInterpolatedStringHandler.ToStringAndClear; DB.I.cAJNoOkab6; Singleton<WdAPI>.I.提示_中心提醒; i6.提示_提醒和杂项公告","plugin-source/v10-source-restoration/q52xqsRVVwmOLlpWkb3/t3Hr1lRCL4Z1QF9uWXP.cs","1542"
"plugin-core","q52xqsRVVwmOLlpWkb3.t3Hr1lRCL4Z1QF9uWXP","DsMRHx5eC8","case AllEnums.数值Type.银元宝:","defaultInterpolatedStringHandler.AppendLiteral; defaultInterpolatedStringHandler.AppendFormatted; P_0.C_Send; i3.提示_中心提醒; defaultInterpolatedStringHandler.ToStringAndClear; DB.I.cAJNoOkab6; Singleton<WdAPI>.I.提示_中心提醒; i4.提示_提醒和杂项公告","plugin-source/v10-source-restoration/q52xqsRVVwmOLlpWkb3/t3Hr1lRCL4Z1QF9uWXP.cs","1571"
"plugin-core","q52xqsRVVwmOLlpWkb3.t3Hr1lRCL4Z1QF9uWXP","DsMRHx5eC8","case AllEnums.数值Type.金钱:","defaultInterpolatedStringHandler.AppendLiteral; defaultInterpolatedStringHandler.AppendFormatted; Singleton<WdAPI>.I.问道标准数值文本; P_0.C_Send; i7.提示_中心提醒; defaultInterpolatedStringHandler.ToStringAndClear; Singleton<WdAPI>.I.PndoGw5lW7; i8.提示_提醒和杂项公告","plugin-source/v10-source-restoration/q52xqsRVVwmOLlpWkb3/t3Hr1lRCL4Z1QF9uWXP.cs","1600"
"plugin-core","q52xqsRVVwmOLlpWkb3.t3Hr1lRCL4Z1QF9uWXP","DsMRHx5eC8","case AllEnums.数值Type.灵气值:","defaultInterpolatedStringHandler.AppendLiteral; defaultInterpolatedStringHandler.AppendFormatted; P_0.C_Send; i.提示_中心提醒; defaultInterpolatedStringHandler.ToStringAndClear; Singleton<WdAPI>.I.PndoGw5lW7; i2.提示_提醒和杂项公告","plugin-source/v10-source-restoration/q52xqsRVVwmOLlpWkb3/t3Hr1lRCL4Z1QF9uWXP.cs","1625"
"plugin-core","q52xqsRVVwmOLlpWkb3.t3Hr1lRCL4Z1QF9uWXP","ekwR4rVP0i","case AllEnums.数值Type.金元宝:","defaultInterpolatedStringHandler.AppendLiteral; defaultInterpolatedStringHandler.AppendFormatted; P_0.C_Send; i5.提示_中心提醒(defaultInterpolatedStringHandler.ToStringAndClear()).Concat(Singleton<WdAPI>.I.V8ToFdAZn7(P_0.user.背包数据.物品列表[P_3].封包缓存, P_3)).ToArray; i5.提示_中心提醒(defaultInterpolatedStringHandler.ToStringAndClear()).Concat; i5.提示_中心提醒; defaultInterpolatedStringHandler.ToStringAndClear; Singleton<WdAPI>.I.V8ToFdAZn7; DB.I.cAJNoOkab6; Singleton<WdAPI>.I.提示_中心提醒(""#R你的金元宝扣除失败，无法进行洗炼！"").Concat(Singleton<WdAPI>.I.V8ToFdAZn7(P_0.user.背包数据.物品列表[P_3].封包缓存, P_3)).ToArray; Singleton<WdAPI>.I.提示_中心提醒(""#R你的金元宝扣除失败，无法进行洗炼！"").Concat; Singleton<WdAPI>.I.提示_中心提醒; i6.提示_杂项公告","plugin-source/v10-source-restoration/q52xqsRVVwmOLlpWkb3/t3Hr1lRCL4Z1QF9uWXP.cs","1660"
"plugin-core","q52xqsRVVwmOLlpWkb3.t3Hr1lRCL4Z1QF9uWXP","ekwR4rVP0i","case AllEnums.数值Type.银元宝:","defaultInterpolatedStringHandler.AppendLiteral; defaultInterpolatedStringHandler.AppendFormatted; P_0.C_Send; i3.提示_中心提醒(defaultInterpolatedStringHandler.ToStringAndClear()).Concat(Singleton<WdAPI>.I.V8ToFdAZn7(P_0.user.背包数据.物品列表[P_3].封包缓存, P_3)).ToArray; i3.提示_中心提醒(defaultInterpolatedStringHandler.ToStringAndClear()).Concat; i3.提示_中心提醒; defaultInterpolatedStringHandler.ToStringAndClear; Singleton<WdAPI>.I.V8ToFdAZn7; DB.I.cAJNoOkab6; Singleton<WdAPI>.I.提示_中心提醒(""#R你的银元宝扣除失败，无法进行洗炼！"").Concat(Singleton<WdAPI>.I.V8ToFdAZn7(P_0.user.背包数据.物品列表[P_3].封包缓存, P_3)).ToArray; Singleton<WdAPI>.I.提示_中心提醒(""#R你的银元宝扣除失败，无法进行洗炼！"").Concat; Singleton<WdAPI>.I.提示_中心提醒; i4.提示_杂项公告","plugin-source/v10-source-restoration/q52xqsRVVwmOLlpWkb3/t3Hr1lRCL4Z1QF9uWXP.cs","1686"
"plugin-core","q52xqsRVVwmOLlpWkb3.t3Hr1lRCL4Z1QF9uWXP","ekwR4rVP0i","case AllEnums.数值Type.金钱:","P_0.C_Send; Singleton<WdAPI>.I.提示_中心提醒(""你的游戏币不足"" + Singleton<WdAPI>.I.问道标准数值文本(P_2) + ""文钱，无法进行洗炼！"").Concat(Singleton<WdAPI>.I.V8ToFdAZn7(P_0.user.背包数据.物品列表[P_3].封包缓存, P_3)).ToArray; Singleton<WdAPI>.I.提示_中心提醒(""你的游戏币不足"" + Singleton<WdAPI>.I.问道标准数值文本(P_2) + ""文钱，无法进行洗炼！"").Concat; Singleton<WdAPI>.I.提示_中心提醒; Singleton<WdAPI>.I.问道标准数值文本; Singleton<WdAPI>.I.V8ToFdAZn7; Singleton<WdAPI>.I.PndoGw5lW7; Singleton<WdAPI>.I.提示_杂项公告","plugin-source/v10-source-restoration/q52xqsRVVwmOLlpWkb3/t3Hr1lRCL4Z1QF9uWXP.cs","1712"
"plugin-core","q52xqsRVVwmOLlpWkb3.t3Hr1lRCL4Z1QF9uWXP","ekwR4rVP0i","case AllEnums.数值Type.灵气值:","defaultInterpolatedStringHandler.AppendLiteral; defaultInterpolatedStringHandler.AppendFormatted; P_0.C_Send; i.提示_中心提醒(defaultInterpolatedStringHandler.ToStringAndClear()).Concat(Singleton<WdAPI>.I.V8ToFdAZn7(P_0.user.背包数据.物品列表[P_3].封包缓存, P_3)).ToArray; i.提示_中心提醒(defaultInterpolatedStringHandler.ToStringAndClear()).Concat; i.提示_中心提醒; defaultInterpolatedStringHandler.ToStringAndClear; Singleton<WdAPI>.I.V8ToFdAZn7; Singleton<WdAPI>.I.PndoGw5lW7; i2.提示_杂项公告","plugin-source/v10-source-restoration/q52xqsRVVwmOLlpWkb3/t3Hr1lRCL4Z1QF9uWXP.cs","1721"
"plugin-core","q52xqsRVVwmOLlpWkb3.t3Hr1lRCL4Z1QF9uWXP","bTHRtAOtjP","case AllEnums.数值Type.金元宝:","defaultInterpolatedStringHandler.AppendLiteral; defaultInterpolatedStringHandler.AppendFormatted; P_0.C_Send; i3.提示_中心提醒(defaultInterpolatedStringHandler.ToStringAndClear()).Concat(Singleton<WdAPI>.I.V8ToFdAZn7(P_0.user.背包数据.物品列表[result].封包缓存, result)).ToArray; i3.提示_中心提醒(defaultInterpolatedStringHandler.ToStringAndClear()).Concat; i3.提示_中心提醒; defaultInterpolatedStringHandler.ToStringAndClear; Singleton<WdAPI>.I.V8ToFdAZn7","plugin-source/v10-source-restoration/q52xqsRVVwmOLlpWkb3/t3Hr1lRCL4Z1QF9uWXP.cs","2677"
"plugin-core","q52xqsRVVwmOLlpWkb3.t3Hr1lRCL4Z1QF9uWXP","bTHRtAOtjP","case AllEnums.数值Type.银元宝:","defaultInterpolatedStringHandler.AppendLiteral; defaultInterpolatedStringHandler.AppendFormatted; P_0.C_Send; i2.提示_中心提醒(defaultInterpolatedStringHandler.ToStringAndClear()).Concat(Singleton<WdAPI>.I.V8ToFdAZn7(P_0.user.背包数据.物品列表[result].封包缓存, result)).ToArray; i2.提示_中心提醒(defaultInterpolatedStringHandler.ToStringAndClear()).Concat; i2.提示_中心提醒; defaultInterpolatedStringHandler.ToStringAndClear; Singleton<WdAPI>.I.V8ToFdAZn7","plugin-source/v10-source-restoration/q52xqsRVVwmOLlpWkb3/t3Hr1lRCL4Z1QF9uWXP.cs","2689"
"plugin-core","q52xqsRVVwmOLlpWkb3.t3Hr1lRCL4Z1QF9uWXP","bTHRtAOtjP","case AllEnums.数值Type.金钱:","P_0.C_Send; Singleton<WdAPI>.I.提示_中心提醒(""你的游戏币不足"" + Singleton<WdAPI>.I.问道标准数值文本(Singleton<全局变量类>.I.属性洗炼配置.时装配置.数值洗炼消耗) + ""文钱，无法进行洗炼！"").Concat(Singleton<WdAPI>.I.V8ToFdAZn7(P_0.user.背包数据.物品列表[result].封包缓存, result)).ToArray; Singleton<WdAPI>.I.提示_中心提醒(""你的游戏币不足"" + Singleton<WdAPI>.I.问道标准数值文本(Singleton<全局变量类>.I.属性洗炼配置.时装配置.数值洗炼消耗) + ""文钱，无法进行洗炼！"").Concat; Singleton<WdAPI>.I.提示_中心提醒; Singleton<WdAPI>.I.问道标准数值文本; Singleton<WdAPI>.I.V8ToFdAZn7","plugin-source/v10-source-restoration/q52xqsRVVwmOLlpWkb3/t3Hr1lRCL4Z1QF9uWXP.cs","2701"
"plugin-core","q52xqsRVVwmOLlpWkb3.t3Hr1lRCL4Z1QF9uWXP","bTHRtAOtjP","case AllEnums.数值Type.灵气值:","defaultInterpolatedStringHandler.AppendLiteral; defaultInterpolatedStringHandler.AppendFormatted; P_0.C_Send; i.提示_中心提醒(defaultInterpolatedStringHandler.ToStringAndClear()).Concat(Singleton<WdAPI>.I.V8ToFdAZn7(P_0.user.背包数据.物品列表[result].封包缓存, result)).ToArray; i.提示_中心提醒(defaultInterpolatedStringHandler.ToStringAndClear()).Concat; i.提示_中心提醒; defaultInterpolatedStringHandler.ToStringAndClear; Singleton<WdAPI>.I.V8ToFdAZn7","plugin-source/v10-source-restoration/q52xqsRVVwmOLlpWkb3/t3Hr1lRCL4Z1QF9uWXP.cs","2708"
"plugin-core","q52xqsRVVwmOLlpWkb3.t3Hr1lRCL4Z1QF9uWXP","a2vRAFZ7Tq","case AllEnums.数值Type.金元宝:","defaultInterpolatedStringHandler.AppendLiteral; defaultInterpolatedStringHandler.AppendFormatted; P_0.C_Send; i6.提示_中心提醒(defaultInterpolatedStringHandler.ToStringAndClear()).Concat(Singleton<WdAPI>.I.V8ToFdAZn7(P_0.user.背包数据.物品列表[result].封包缓存, result)).ToArray; i6.提示_中心提醒(defaultInterpolatedStringHandler.ToStringAndClear()).Concat; i6.提示_中心提醒; defaultInterpolatedStringHandler.ToStringAndClear; Singleton<WdAPI>.I.V8ToFdAZn7; DB.I.cAJNoOkab6; Singleton<WdAPI>.I.提示_中心提醒(""#R你的金元宝扣除失败，无法进行洗炼！"").Concat(Singleton<WdAPI>.I.V8ToFdAZn7(P_0.user.背包数据.物品列表[result].封包缓存, result)).ToArray; Singleton<WdAPI>.I.提示_中心提醒(""#R你的金元宝扣除失败，无法进行洗炼！"").Concat; Singleton<WdAPI>.I.提示_中心提醒; i7.提示_杂项公告","plugin-source/v10-source-restoration/q52xqsRVVwmOLlpWkb3/t3Hr1lRCL4Z1QF9uWXP.cs","2779"
"plugin-core","q52xqsRVVwmOLlpWkb3.t3Hr1lRCL4Z1QF9uWXP","a2vRAFZ7Tq","case AllEnums.数值Type.银元宝:","defaultInterpolatedStringHandler.AppendLiteral; defaultInterpolatedStringHandler.AppendFormatted; P_0.C_Send; i4.提示_中心提醒(defaultInterpolatedStringHandler.ToStringAndClear()).Concat(Singleton<WdAPI>.I.V8ToFdAZn7(P_0.user.背包数据.物品列表[result].封包缓存, result)).ToArray; i4.提示_中心提醒(defaultInterpolatedStringHandler.ToStringAndClear()).Concat; i4.提示_中心提醒; defaultInterpolatedStringHandler.ToStringAndClear; Singleton<WdAPI>.I.V8ToFdAZn7; DB.I.cAJNoOkab6; Singleton<WdAPI>.I.提示_中心提醒(""#R你的银元宝扣除失败，无法进行洗炼！"").Concat(Singleton<WdAPI>.I.V8ToFdAZn7(P_0.user.背包数据.物品列表[result].封包缓存, result)).ToArray; Singleton<WdAPI>.I.提示_中心提醒(""#R你的银元宝扣除失败，无法进行洗炼！"").Concat; Singleton<WdAPI>.I.提示_中心提醒; i5.提示_杂项公告","plugin-source/v10-source-restoration/q52xqsRVVwmOLlpWkb3/t3Hr1lRCL4Z1QF9uWXP.cs","2805"
"plugin-core","q52xqsRVVwmOLlpWkb3.t3Hr1lRCL4Z1QF9uWXP","a2vRAFZ7Tq","case AllEnums.数值Type.金钱:","P_0.C_Send; Singleton<WdAPI>.I.提示_中心提醒(""你的游戏币不足"" + Singleton<WdAPI>.I.问道标准数值文本(Singleton<全局变量类>.I.属性洗炼配置.时装配置.数值洗炼消耗) + ""文钱，无法进行洗炼！"").Concat(Singleton<WdAPI>.I.V8ToFdAZn7(P_0.user.背包数据.物品列表[result].封包缓存, result)).ToArray; Singleton<WdAPI>.I.提示_中心提醒(""你的游戏币不足"" + Singleton<WdAPI>.I.问道标准数值文本(Singleton<全局变量类>.I.属性洗炼配置.时装配置.数值洗炼消耗) + ""文钱，无法进行洗炼！"").Concat; Singleton<WdAPI>.I.提示_中心提醒; Singleton<WdAPI>.I.问道标准数值文本; Singleton<WdAPI>.I.V8ToFdAZn7; Singleton<WdAPI>.I.PndoGw5lW7; Singleton<WdAPI>.I.提示_杂项公告","plugin-source/v10-source-restoration/q52xqsRVVwmOLlpWkb3/t3Hr1lRCL4Z1QF9uWXP.cs","2831"
"plugin-core","q52xqsRVVwmOLlpWkb3.t3Hr1lRCL4Z1QF9uWXP","a2vRAFZ7Tq","case AllEnums.数值Type.灵气值:","defaultInterpolatedStringHandler.AppendLiteral; defaultInterpolatedStringHandler.AppendFormatted; P_0.C_Send; i2.提示_中心提醒(defaultInterpolatedStringHandler.ToStringAndClear()).Concat(Singleton<WdAPI>.I.V8ToFdAZn7(P_0.user.背包数据.物品列表[result].封包缓存, result)).ToArray; i2.提示_中心提醒(defaultInterpolatedStringHandler.ToStringAndClear()).Concat; i2.提示_中心提醒; defaultInterpolatedStringHandler.ToStringAndClear; Singleton<WdAPI>.I.V8ToFdAZn7; Singleton<WdAPI>.I.PndoGw5lW7; i3.提示_杂项公告","plugin-source/v10-source-restoration/q52xqsRVVwmOLlpWkb3/t3Hr1lRCL4Z1QF9uWXP.cs","2840"
"plugin-core","q52xqsRVVwmOLlpWkb3.t3Hr1lRCL4Z1QF9uWXP","nQ4dd4hM18","case AllEnums.数值Type.金元宝:","defaultInterpolatedStringHandler.AppendLiteral; defaultInterpolatedStringHandler.AppendFormatted; P_0.C_Send; i3.提示_中心提醒(defaultInterpolatedStringHandler.ToStringAndClear()).Concat(Singleton<WdAPI>.I.V8ToFdAZn7(P_0.user.背包数据.物品列表[result].封包缓存, result)).ToArray; i3.提示_中心提醒(defaultInterpolatedStringHandler.ToStringAndClear()).Concat; i3.提示_中心提醒; defaultInterpolatedStringHandler.ToStringAndClear; Singleton<WdAPI>.I.V8ToFdAZn7","plugin-source/v10-source-restoration/q52xqsRVVwmOLlpWkb3/t3Hr1lRCL4Z1QF9uWXP.cs","3527"
"plugin-core","q52xqsRVVwmOLlpWkb3.t3Hr1lRCL4Z1QF9uWXP","nQ4dd4hM18","case AllEnums.数值Type.银元宝:","defaultInterpolatedStringHandler.AppendLiteral; defaultInterpolatedStringHandler.AppendFormatted; P_0.C_Send; i2.提示_中心提醒(defaultInterpolatedStringHandler.ToStringAndClear()).Concat(Singleton<WdAPI>.I.V8ToFdAZn7(P_0.user.背包数据.物品列表[result].封包缓存, result)).ToArray; i2.提示_中心提醒(defaultInterpolatedStringHandler.ToStringAndClear()).Concat; i2.提示_中心提醒; defaultInterpolatedStringHandler.ToStringAndClear; Singleton<WdAPI>.I.V8ToFdAZn7","plugin-source/v10-source-restoration/q52xqsRVVwmOLlpWkb3/t3Hr1lRCL4Z1QF9uWXP.cs","3539"
"plugin-core","q52xqsRVVwmOLlpWkb3.t3Hr1lRCL4Z1QF9uWXP","nQ4dd4hM18","case AllEnums.数值Type.金钱:","P_0.C_Send; Singleton<WdAPI>.I.提示_中心提醒(""你的游戏币不足"" + Singleton<WdAPI>.I.问道标准数值文本(Singleton<全局变量类>.I.属性洗炼配置.法宝配置.数值洗炼消耗) + ""文钱，无法进行洗炼！"").Concat(Singleton<WdAPI>.I.V8ToFdAZn7(P_0.user.背包数据.物品列表[result].封包缓存, result)).ToArray; Singleton<WdAPI>.I.提示_中心提醒(""你的游戏币不足"" + Singleton<WdAPI>.I.问道标准数值文本(Singleton<全局变量类>.I.属性洗炼配置.法宝配置.数值洗炼消耗) + ""文钱，无法进行洗炼！"").Concat; Singleton<WdAPI>.I.提示_中心提醒; Singleton<WdAPI>.I.问道标准数值文本; Singleton<WdAPI>.I.V8ToFdAZn7","plugin-source/v10-source-restoration/q52xqsRVVwmOLlpWkb3/t3Hr1lRCL4Z1QF9uWXP.cs","3551"
"plugin-core","q52xqsRVVwmOLlpWkb3.t3Hr1lRCL4Z1QF9uWXP","nQ4dd4hM18","case AllEnums.数值Type.灵气值:","defaultInterpolatedStringHandler.AppendLiteral; defaultInterpolatedStringHandler.AppendFormatted; P_0.C_Send; i.提示_中心提醒(defaultInterpolatedStringHandler.ToStringAndClear()).Concat(Singleton<WdAPI>.I.V8ToFdAZn7(P_0.user.背包数据.物品列表[result].封包缓存, result)).ToArray; i.提示_中心提醒(defaultInterpolatedStringHandler.ToStringAndClear()).Concat; i.提示_中心提醒; defaultInterpolatedStringHandler.ToStringAndClear; Singleton<WdAPI>.I.V8ToFdAZn7","plugin-source/v10-source-restoration/q52xqsRVVwmOLlpWkb3/t3Hr1lRCL4Z1QF9uWXP.cs","3558"
"plugin-core","q52xqsRVVwmOLlpWkb3.t3Hr1lRCL4Z1QF9uWXP","uWTdsWPG0e","case AllEnums.数值Type.金元宝:","defaultInterpolatedStringHandler.AppendLiteral; defaultInterpolatedStringHandler.AppendFormatted; P_0.C_Send; i6.提示_中心提醒(defaultInterpolatedStringHandler.ToStringAndClear()).Concat(Singleton<WdAPI>.I.V8ToFdAZn7(P_0.user.背包数据.物品列表[result].封包缓存, result)).ToArray; i6.提示_中心提醒(defaultInterpolatedStringHandler.ToStringAndClear()).Concat; i6.提示_中心提醒; defaultInterpolatedStringHandler.ToStringAndClear; Singleton<WdAPI>.I.V8ToFdAZn7; DB.I.cAJNoOkab6; Singleton<WdAPI>.I.提示_中心提醒(""#R你的金元宝扣除失败，无法进行洗炼！"").Concat(Singleton<WdAPI>.I.V8ToFdAZn7(P_0.user.背包数据.物品列表[result].封包缓存, result)).ToArray; Singleton<WdAPI>.I.提示_中心提醒(""#R你的金元宝扣除失败，无法进行洗炼！"").Concat; Singleton<WdAPI>.I.提示_中心提醒; i7.提示_杂项公告","plugin-source/v10-source-restoration/q52xqsRVVwmOLlpWkb3/t3Hr1lRCL4Z1QF9uWXP.cs","3629"
"plugin-core","q52xqsRVVwmOLlpWkb3.t3Hr1lRCL4Z1QF9uWXP","uWTdsWPG0e","case AllEnums.数值Type.银元宝:","defaultInterpolatedStringHandler.AppendLiteral; defaultInterpolatedStringHandler.AppendFormatted; P_0.C_Send; i4.提示_中心提醒(defaultInterpolatedStringHandler.ToStringAndClear()).Concat(Singleton<WdAPI>.I.V8ToFdAZn7(P_0.user.背包数据.物品列表[result].封包缓存, result)).ToArray; i4.提示_中心提醒(defaultInterpolatedStringHandler.ToStringAndClear()).Concat; i4.提示_中心提醒; defaultInterpolatedStringHandler.ToStringAndClear; Singleton<WdAPI>.I.V8ToFdAZn7; DB.I.cAJNoOkab6; Singleton<WdAPI>.I.提示_中心提醒(""#R你的银元宝扣除失败，无法进行洗炼！"").Concat(Singleton<WdAPI>.I.V8ToFdAZn7(P_0.user.背包数据.物品列表[result].封包缓存, result)).ToArray; Singleton<WdAPI>.I.提示_中心提醒(""#R你的银元宝扣除失败，无法进行洗炼！"").Concat; Singleton<WdAPI>.I.提示_中心提醒; i5.提示_杂项公告","plugin-source/v10-source-restoration/q52xqsRVVwmOLlpWkb3/t3Hr1lRCL4Z1QF9uWXP.cs","3655"
"plugin-core","q52xqsRVVwmOLlpWkb3.t3Hr1lRCL4Z1QF9uWXP","uWTdsWPG0e","case AllEnums.数值Type.金钱:","P_0.C_Send; Singleton<WdAPI>.I.提示_中心提醒(""你的游戏币不足"" + Singleton<WdAPI>.I.问道标准数值文本(Singleton<全局变量类>.I.属性洗炼配置.法宝配置.数值洗炼消耗) + ""文钱，无法进行洗炼！"").Concat(Singleton<WdAPI>.I.V8ToFdAZn7(P_0.user.背包数据.物品列表[result].封包缓存, result)).ToArray; Singleton<WdAPI>.I.提示_中心提醒(""你的游戏币不足"" + Singleton<WdAPI>.I.问道标准数值文本(Singleton<全局变量类>.I.属性洗炼配置.法宝配置.数值洗炼消耗) + ""文钱，无法进行洗炼！"").Concat; Singleton<WdAPI>.I.提示_中心提醒; Singleton<WdAPI>.I.问道标准数值文本; Singleton<WdAPI>.I.V8ToFdAZn7; Singleton<WdAPI>.I.PndoGw5lW7; Singleton<WdAPI>.I.提示_杂项公告","plugin-source/v10-source-restoration/q52xqsRVVwmOLlpWkb3/t3Hr1lRCL4Z1QF9uWXP.cs","3681"
"plugin-core","q52xqsRVVwmOLlpWkb3.t3Hr1lRCL4Z1QF9uWXP","uWTdsWPG0e","case AllEnums.数值Type.灵气值:","defaultInterpolatedStringHandler.AppendLiteral; defaultInterpolatedStringHandler.AppendFormatted; P_0.C_Send; i2.提示_中心提醒(defaultInterpolatedStringHandler.ToStringAndClear()).Concat(Singleton<WdAPI>.I.V8ToFdAZn7(P_0.user.背包数据.物品列表[result].封包缓存, result)).ToArray; i2.提示_中心提醒(defaultInterpolatedStringHandler.ToStringAndClear()).Concat; i2.提示_中心提醒; defaultInterpolatedStringHandler.ToStringAndClear; Singleton<WdAPI>.I.V8ToFdAZn7; Singleton<WdAPI>.I.PndoGw5lW7; i3.提示_杂项公告","plugin-source/v10-source-restoration/q52xqsRVVwmOLlpWkb3/t3Hr1lRCL4Z1QF9uWXP.cs","3690"
"plugin-core","q52xqsRVVwmOLlpWkb3.t3Hr1lRCL4Z1QF9uWXP","mfudIqaZed","case AllEnums.数值Type.金元宝:","defaultInterpolatedStringHandler.AppendLiteral; defaultInterpolatedStringHandler.AppendFormatted; P_0.C_Send; i3.提示_中心提醒(defaultInterpolatedStringHandler.ToStringAndClear()).Concat(Singleton<WdAPI>.I.V8ToFdAZn7(P_0.user.背包数据.物品列表[result].封包缓存, result)).ToArray; i3.提示_中心提醒(defaultInterpolatedStringHandler.ToStringAndClear()).Concat; i3.提示_中心提醒; defaultInterpolatedStringHandler.ToStringAndClear; Singleton<WdAPI>.I.V8ToFdAZn7","plugin-source/v10-source-restoration/q52xqsRVVwmOLlpWkb3/t3Hr1lRCL4Z1QF9uWXP.cs","4372"
"plugin-core","q52xqsRVVwmOLlpWkb3.t3Hr1lRCL4Z1QF9uWXP","mfudIqaZed","case AllEnums.数值Type.银元宝:","defaultInterpolatedStringHandler.AppendLiteral; defaultInterpolatedStringHandler.AppendFormatted; P_0.C_Send; i2.提示_中心提醒(defaultInterpolatedStringHandler.ToStringAndClear()).Concat(Singleton<WdAPI>.I.V8ToFdAZn7(P_0.user.背包数据.物品列表[result].封包缓存, result)).ToArray; i2.提示_中心提醒(defaultInterpolatedStringHandler.ToStringAndClear()).Concat; i2.提示_中心提醒; defaultInterpolatedStringHandler.ToStringAndClear; Singleton<WdAPI>.I.V8ToFdAZn7","plugin-source/v10-source-restoration/q52xqsRVVwmOLlpWkb3/t3Hr1lRCL4Z1QF9uWXP.cs","4384"
"plugin-core","q52xqsRVVwmOLlpWkb3.t3Hr1lRCL4Z1QF9uWXP","mfudIqaZed","case AllEnums.数值Type.金钱:","P_0.C_Send; Singleton<WdAPI>.I.提示_中心提醒(""你的游戏币不足"" + Singleton<WdAPI>.I.问道标准数值文本(Singleton<全局变量类>.I.属性洗炼配置.梭子配置.数值洗炼消耗) + ""文钱，无法进行洗炼！"").Concat(Singleton<WdAPI>.I.V8ToFdAZn7(P_0.user.背包数据.物品列表[result].封包缓存, result)).ToArray; Singleton<WdAPI>.I.提示_中心提醒(""你的游戏币不足"" + Singleton<WdAPI>.I.问道标准数值文本(Singleton<全局变量类>.I.属性洗炼配置.梭子配置.数值洗炼消耗) + ""文钱，无法进行洗炼！"").Concat; Singleton<WdAPI>.I.提示_中心提醒; Singleton<WdAPI>.I.问道标准数值文本; Singleton<WdAPI>.I.V8ToFdAZn7","plugin-source/v10-source-restoration/q52xqsRVVwmOLlpWkb3/t3Hr1lRCL4Z1QF9uWXP.cs","4396"
"plugin-core","q52xqsRVVwmOLlpWkb3.t3Hr1lRCL4Z1QF9uWXP","mfudIqaZed","case AllEnums.数值Type.灵气值:","defaultInterpolatedStringHandler.AppendLiteral; defaultInterpolatedStringHandler.AppendFormatted; P_0.C_Send; i.提示_中心提醒(defaultInterpolatedStringHandler.ToStringAndClear()).Concat(Singleton<WdAPI>.I.V8ToFdAZn7(P_0.user.背包数据.物品列表[result].封包缓存, result)).ToArray; i.提示_中心提醒(defaultInterpolatedStringHandler.ToStringAndClear()).Concat; i.提示_中心提醒; defaultInterpolatedStringHandler.ToStringAndClear; Singleton<WdAPI>.I.V8ToFdAZn7","plugin-source/v10-source-restoration/q52xqsRVVwmOLlpWkb3/t3Hr1lRCL4Z1QF9uWXP.cs","4403"
"plugin-core","q52xqsRVVwmOLlpWkb3.t3Hr1lRCL4Z1QF9uWXP","zKZdojJK76","case AllEnums.数值Type.金元宝:","defaultInterpolatedStringHandler.AppendLiteral; defaultInterpolatedStringHandler.AppendFormatted; P_0.C_Send; i6.提示_中心提醒(defaultInterpolatedStringHandler.ToStringAndClear()).Concat(Singleton<WdAPI>.I.V8ToFdAZn7(P_0.user.背包数据.物品列表[result].封包缓存, result)).ToArray; i6.提示_中心提醒(defaultInterpolatedStringHandler.ToStringAndClear()).Concat; i6.提示_中心提醒; defaultInterpolatedStringHandler.ToStringAndClear; Singleton<WdAPI>.I.V8ToFdAZn7; DB.I.cAJNoOkab6; Singleton<WdAPI>.I.提示_中心提醒(""#R你的金元宝扣除失败，无法进行洗炼！"").Concat(Singleton<WdAPI>.I.V8ToFdAZn7(P_0.user.背包数据.物品列表[result].封包缓存, result)).ToArray; Singleton<WdAPI>.I.提示_中心提醒(""#R你的金元宝扣除失败，无法进行洗炼！"").Concat; Singleton<WdAPI>.I.提示_中心提醒; i7.提示_杂项公告","plugin-source/v10-source-restoration/q52xqsRVVwmOLlpWkb3/t3Hr1lRCL4Z1QF9uWXP.cs","4474"
"plugin-core","q52xqsRVVwmOLlpWkb3.t3Hr1lRCL4Z1QF9uWXP","zKZdojJK76","case AllEnums.数值Type.银元宝:","defaultInterpolatedStringHandler.AppendLiteral; defaultInterpolatedStringHandler.AppendFormatted; P_0.C_Send; i4.提示_中心提醒(defaultInterpolatedStringHandler.ToStringAndClear()).Concat(Singleton<WdAPI>.I.V8ToFdAZn7(P_0.user.背包数据.物品列表[result].封包缓存, result)).ToArray; i4.提示_中心提醒(defaultInterpolatedStringHandler.ToStringAndClear()).Concat; i4.提示_中心提醒; defaultInterpolatedStringHandler.ToStringAndClear; Singleton<WdAPI>.I.V8ToFdAZn7; DB.I.cAJNoOkab6; Singleton<WdAPI>.I.提示_中心提醒(""#R你的银元宝扣除失败，无法进行洗炼！"").Concat(Singleton<WdAPI>.I.V8ToFdAZn7(P_0.user.背包数据.物品列表[result].封包缓存, result)).ToArray; Singleton<WdAPI>.I.提示_中心提醒(""#R你的银元宝扣除失败，无法进行洗炼！"").Concat; Singleton<WdAPI>.I.提示_中心提醒; i5.提示_杂项公告","plugin-source/v10-source-restoration/q52xqsRVVwmOLlpWkb3/t3Hr1lRCL4Z1QF9uWXP.cs","4500"
"plugin-core","q52xqsRVVwmOLlpWkb3.t3Hr1lRCL4Z1QF9uWXP","zKZdojJK76","case AllEnums.数值Type.金钱:","P_0.C_Send; Singleton<WdAPI>.I.提示_中心提醒(""你的游戏币不足"" + Singleton<WdAPI>.I.问道标准数值文本(Singleton<全局变量类>.I.属性洗炼配置.梭子配置.数值洗炼消耗) + ""文钱，无法进行洗炼！"").Concat(Singleton<WdAPI>.I.V8ToFdAZn7(P_0.user.背包数据.物品列表[result].封包缓存, result)).ToArray; Singleton<WdAPI>.I.提示_中心提醒(""你的游戏币不足"" + Singleton<WdAPI>.I.问道标准数值文本(Singleton<全局变量类>.I.属性洗炼配置.梭子配置.数值洗炼消耗) + ""文钱，无法进行洗炼！"").Concat; Singleton<WdAPI>.I.提示_中心提醒; Singleton<WdAPI>.I.问道标准数值文本; Singleton<WdAPI>.I.V8ToFdAZn7; Singleton<WdAPI>.I.PndoGw5lW7; Singleton<WdAPI>.I.提示_杂项公告","plugin-source/v10-source-restoration/q52xqsRVVwmOLlpWkb3/t3Hr1lRCL4Z1QF9uWXP.cs","4526"
"plugin-core","q52xqsRVVwmOLlpWkb3.t3Hr1lRCL4Z1QF9uWXP","zKZdojJK76","case AllEnums.数值Type.灵气值:","defaultInterpolatedStringHandler.AppendLiteral; defaultInterpolatedStringHandler.AppendFormatted; P_0.C_Send; i2.提示_中心提醒(defaultInterpolatedStringHandler.ToStringAndClear()).Concat(Singleton<WdAPI>.I.V8ToFdAZn7(P_0.user.背包数据.物品列表[result].封包缓存, result)).ToArray; i2.提示_中心提醒(defaultInterpolatedStringHandler.ToStringAndClear()).Concat; i2.提示_中心提醒; defaultInterpolatedStringHandler.ToStringAndClear; Singleton<WdAPI>.I.V8ToFdAZn7; Singleton<WdAPI>.I.PndoGw5lW7; i3.提示_杂项公告","plugin-source/v10-source-restoration/q52xqsRVVwmOLlpWkb3/t3Hr1lRCL4Z1QF9uWXP.cs","4535"
"plugin-core","q52xqsRVVwmOLlpWkb3.t3Hr1lRCL4Z1QF9uWXP","TIxdmBbK35","case AllEnums.数值Type.金元宝:","defaultInterpolatedStringHandler.AppendLiteral; defaultInterpolatedStringHandler.AppendFormatted; P_0.C_Send; i3.提示_中心提醒(defaultInterpolatedStringHandler.ToStringAndClear()).Concat(Singleton<WdAPI>.I.V8ToFdAZn7(P_0.user.背包数据.物品列表[result].封包缓存, result)).ToArray; i3.提示_中心提醒(defaultInterpolatedStringHandler.ToStringAndClear()).Concat; i3.提示_中心提醒; defaultInterpolatedStringHandler.ToStringAndClear; Singleton<WdAPI>.I.V8ToFdAZn7","plugin-source/v10-source-restoration/q52xqsRVVwmOLlpWkb3/t3Hr1lRCL4Z1QF9uWXP.cs","5217"
"plugin-core","q52xqsRVVwmOLlpWkb3.t3Hr1lRCL4Z1QF9uWXP","TIxdmBbK35","case AllEnums.数值Type.银元宝:","defaultInterpolatedStringHandler.AppendLiteral; defaultInterpolatedStringHandler.AppendFormatted; P_0.C_Send; i2.提示_中心提醒(defaultInterpolatedStringHandler.ToStringAndClear()).Concat(Singleton<WdAPI>.I.V8ToFdAZn7(P_0.user.背包数据.物品列表[result].封包缓存, result)).ToArray; i2.提示_中心提醒(defaultInterpolatedStringHandler.ToStringAndClear()).Concat; i2.提示_中心提醒; defaultInterpolatedStringHandler.ToStringAndClear; Singleton<WdAPI>.I.V8ToFdAZn7","plugin-source/v10-source-restoration/q52xqsRVVwmOLlpWkb3/t3Hr1lRCL4Z1QF9uWXP.cs","5229"
"plugin-core","q52xqsRVVwmOLlpWkb3.t3Hr1lRCL4Z1QF9uWXP","TIxdmBbK35","case AllEnums.数值Type.金钱:","P_0.C_Send; Singleton<WdAPI>.I.提示_中心提醒(""你的游戏币不足"" + Singleton<WdAPI>.I.问道标准数值文本(Singleton<全局变量类>.I.属性洗炼配置.铭牌配置.数值洗炼消耗) + ""文钱，无法进行洗炼！"").Concat(Singleton<WdAPI>.I.V8ToFdAZn7(P_0.user.背包数据.物品列表[result].封包缓存, result)).ToArray; Singleton<WdAPI>.I.提示_中心提醒(""你的游戏币不足"" + Singleton<WdAPI>.I.问道标准数值文本(Singleton<全局变量类>.I.属性洗炼配置.铭牌配置.数值洗炼消耗) + ""文钱，无法进行洗炼！"").Concat; Singleton<WdAPI>.I.提示_中心提醒; Singleton<WdAPI>.I.问道标准数值文本; Singleton<WdAPI>.I.V8ToFdAZn7","plugin-source/v10-source-restoration/q52xqsRVVwmOLlpWkb3/t3Hr1lRCL4Z1QF9uWXP.cs","5241"
"plugin-core","q52xqsRVVwmOLlpWkb3.t3Hr1lRCL4Z1QF9uWXP","TIxdmBbK35","case AllEnums.数值Type.灵气值:","defaultInterpolatedStringHandler.AppendLiteral; defaultInterpolatedStringHandler.AppendFormatted; P_0.C_Send; i.提示_中心提醒(defaultInterpolatedStringHandler.ToStringAndClear()).Concat(Singleton<WdAPI>.I.V8ToFdAZn7(P_0.user.背包数据.物品列表[result].封包缓存, result)).ToArray; i.提示_中心提醒(defaultInterpolatedStringHandler.ToStringAndClear()).Concat; i.提示_中心提醒; defaultInterpolatedStringHandler.ToStringAndClear; Singleton<WdAPI>.I.V8ToFdAZn7","plugin-source/v10-source-restoration/q52xqsRVVwmOLlpWkb3/t3Hr1lRCL4Z1QF9uWXP.cs","5248"
"plugin-core","q52xqsRVVwmOLlpWkb3.t3Hr1lRCL4Z1QF9uWXP","XqJdP6jCgm","case AllEnums.数值Type.金元宝:","defaultInterpolatedStringHandler.AppendLiteral; defaultInterpolatedStringHandler.AppendFormatted; P_0.C_Send; i6.提示_中心提醒(defaultInterpolatedStringHandler.ToStringAndClear()).Concat(Singleton<WdAPI>.I.V8ToFdAZn7(P_0.user.背包数据.物品列表[result].封包缓存, result)).ToArray; i6.提示_中心提醒(defaultInterpolatedStringHandler.ToStringAndClear()).Concat; i6.提示_中心提醒; defaultInterpolatedStringHandler.ToStringAndClear; Singleton<WdAPI>.I.V8ToFdAZn7; DB.I.cAJNoOkab6; Singleton<WdAPI>.I.提示_中心提醒(""#R你的金元宝扣除失败，无法进行洗炼！"").Concat(Singleton<WdAPI>.I.V8ToFdAZn7(P_0.user.背包数据.物品列表[result].封包缓存, result)).ToArray; Singleton<WdAPI>.I.提示_中心提醒(""#R你的金元宝扣除失败，无法进行洗炼！"").Concat; Singleton<WdAPI>.I.提示_中心提醒; i7.提示_杂项公告","plugin-source/v10-source-restoration/q52xqsRVVwmOLlpWkb3/t3Hr1lRCL4Z1QF9uWXP.cs","5319"
"plugin-core","q52xqsRVVwmOLlpWkb3.t3Hr1lRCL4Z1QF9uWXP","XqJdP6jCgm","case AllEnums.数值Type.银元宝:","defaultInterpolatedStringHandler.AppendLiteral; defaultInterpolatedStringHandler.AppendFormatted; P_0.C_Send; i4.提示_中心提醒(defaultInterpolatedStringHandler.ToStringAndClear()).Concat(Singleton<WdAPI>.I.V8ToFdAZn7(P_0.user.背包数据.物品列表[result].封包缓存, result)).ToArray; i4.提示_中心提醒(defaultInterpolatedStringHandler.ToStringAndClear()).Concat; i4.提示_中心提醒; defaultInterpolatedStringHandler.ToStringAndClear; Singleton<WdAPI>.I.V8ToFdAZn7; DB.I.cAJNoOkab6; Singleton<WdAPI>.I.提示_中心提醒(""#R你的银元宝扣除失败，无法进行洗炼！"").Concat(Singleton<WdAPI>.I.V8ToFdAZn7(P_0.user.背包数据.物品列表[result].封包缓存, result)).ToArray; Singleton<WdAPI>.I.提示_中心提醒(""#R你的银元宝扣除失败，无法进行洗炼！"").Concat; Singleton<WdAPI>.I.提示_中心提醒; i5.提示_杂项公告","plugin-source/v10-source-restoration/q52xqsRVVwmOLlpWkb3/t3Hr1lRCL4Z1QF9uWXP.cs","5345"
"plugin-core","q52xqsRVVwmOLlpWkb3.t3Hr1lRCL4Z1QF9uWXP","XqJdP6jCgm","case AllEnums.数值Type.金钱:","P_0.C_Send; Singleton<WdAPI>.I.提示_中心提醒(""你的游戏币不足"" + Singleton<WdAPI>.I.问道标准数值文本(Singleton<全局变量类>.I.属性洗炼配置.铭牌配置.数值洗炼消耗) + ""文钱，无法进行洗炼！"").Concat(Singleton<WdAPI>.I.V8ToFdAZn7(P_0.user.背包数据.物品列表[result].封包缓存, result)).ToArray; Singleton<WdAPI>.I.提示_中心提醒(""你的游戏币不足"" + Singleton<WdAPI>.I.问道标准数值文本(Singleton<全局变量类>.I.属性洗炼配置.铭牌配置.数值洗炼消耗) + ""文钱，无法进行洗炼！"").Concat; Singleton<WdAPI>.I.提示_中心提醒; Singleton<WdAPI>.I.问道标准数值文本; Singleton<WdAPI>.I.V8ToFdAZn7; Singleton<WdAPI>.I.PndoGw5lW7; Singleton<WdAPI>.I.提示_杂项公告","plugin-source/v10-source-restoration/q52xqsRVVwmOLlpWkb3/t3Hr1lRCL4Z1QF9uWXP.cs","5371"
"plugin-core","q52xqsRVVwmOLlpWkb3.t3Hr1lRCL4Z1QF9uWXP","XqJdP6jCgm","case AllEnums.数值Type.灵气值:","defaultInterpolatedStringHandler.AppendLiteral; defaultInterpolatedStringHandler.AppendFormatted; P_0.C_Send; i2.提示_中心提醒(defaultInterpolatedStringHandler.ToStringAndClear()).Concat(Singleton<WdAPI>.I.V8ToFdAZn7(P_0.user.背包数据.物品列表[result].封包缓存, result)).ToArray; i2.提示_中心提醒(defaultInterpolatedStringHandler.ToStringAndClear()).Concat; i2.提示_中心提醒; defaultInterpolatedStringHandler.ToStringAndClear; Singleton<WdAPI>.I.V8ToFdAZn7; Singleton<WdAPI>.I.PndoGw5lW7; i3.提示_杂项公告","plugin-source/v10-source-restoration/q52xqsRVVwmOLlpWkb3/t3Hr1lRCL4Z1QF9uWXP.cs","5380"
"plugin-core","q52xqsRVVwmOLlpWkb3.t3Hr1lRCL4Z1QF9uWXP","gh9dMa9pJa","case AllEnums.数值Type.金元宝:","defaultInterpolatedStringHandler.AppendLiteral; defaultInterpolatedStringHandler.AppendFormatted; P_0.C_Send; i3.提示_中心提醒(defaultInterpolatedStringHandler.ToStringAndClear()).Concat(Singleton<WdAPI>.I.V8ToFdAZn7(P_0.user.背包数据.物品列表[result].封包缓存, result)).ToArray; i3.提示_中心提醒(defaultInterpolatedStringHandler.ToStringAndClear()).Concat; i3.提示_中心提醒; defaultInterpolatedStringHandler.ToStringAndClear; Singleton<WdAPI>.I.V8ToFdAZn7","plugin-source/v10-source-restoration/q52xqsRVVwmOLlpWkb3/t3Hr1lRCL4Z1QF9uWXP.cs","6044"
"plugin-core","q52xqsRVVwmOLlpWkb3.t3Hr1lRCL4Z1QF9uWXP","gh9dMa9pJa","case AllEnums.数值Type.银元宝:","defaultInterpolatedStringHandler.AppendLiteral; defaultInterpolatedStringHandler.AppendFormatted; P_0.C_Send; i2.提示_中心提醒(defaultInterpolatedStringHandler.ToStringAndClear()).Concat(Singleton<WdAPI>.I.V8ToFdAZn7(P_0.user.背包数据.物品列表[result].封包缓存, result)).ToArray; i2.提示_中心提醒(defaultInterpolatedStringHandler.ToStringAndClear()).Concat; i2.提示_中心提醒; defaultInterpolatedStringHandler.ToStringAndClear; Singleton<WdAPI>.I.V8ToFdAZn7","plugin-source/v10-source-restoration/q52xqsRVVwmOLlpWkb3/t3Hr1lRCL4Z1QF9uWXP.cs","6056"
"plugin-core","q52xqsRVVwmOLlpWkb3.t3Hr1lRCL4Z1QF9uWXP","gh9dMa9pJa","case AllEnums.数值Type.金钱:","P_0.C_Send; Singleton<WdAPI>.I.提示_中心提醒(""你的游戏币不足"" + Singleton<WdAPI>.I.问道标准数值文本(Singleton<全局变量类>.I.属性洗炼配置.仙器配置.数值洗炼消耗) + ""文钱，无法进行洗炼！"").Concat(Singleton<WdAPI>.I.V8ToFdAZn7(P_0.user.背包数据.物品列表[result].封包缓存, result)).ToArray; Singleton<WdAPI>.I.提示_中心提醒(""你的游戏币不足"" + Singleton<WdAPI>.I.问道标准数值文本(Singleton<全局变量类>.I.属性洗炼配置.仙器配置.数值洗炼消耗) + ""文钱，无法进行洗炼！"").Concat; Singleton<WdAPI>.I.提示_中心提醒; Singleton<WdAPI>.I.问道标准数值文本; Singleton<WdAPI>.I.V8ToFdAZn7","plugin-source/v10-source-restoration/q52xqsRVVwmOLlpWkb3/t3Hr1lRCL4Z1QF9uWXP.cs","6068"
"plugin-core","q52xqsRVVwmOLlpWkb3.t3Hr1lRCL4Z1QF9uWXP","gh9dMa9pJa","case AllEnums.数值Type.灵气值:","defaultInterpolatedStringHandler.AppendLiteral; defaultInterpolatedStringHandler.AppendFormatted; P_0.C_Send; i.提示_中心提醒(defaultInterpolatedStringHandler.ToStringAndClear()).Concat(Singleton<WdAPI>.I.V8ToFdAZn7(P_0.user.背包数据.物品列表[result].封包缓存, result)).ToArray; i.提示_中心提醒(defaultInterpolatedStringHandler.ToStringAndClear()).Concat; i.提示_中心提醒; defaultInterpolatedStringHandler.ToStringAndClear; Singleton<WdAPI>.I.V8ToFdAZn7","plugin-source/v10-source-restoration/q52xqsRVVwmOLlpWkb3/t3Hr1lRCL4Z1QF9uWXP.cs","6075"
"plugin-core","q52xqsRVVwmOLlpWkb3.t3Hr1lRCL4Z1QF9uWXP","OpVdhac3qk","case AllEnums.数值Type.金元宝:","defaultInterpolatedStringHandler.AppendLiteral; defaultInterpolatedStringHandler.AppendFormatted; P_0.C_Send; i6.提示_中心提醒(defaultInterpolatedStringHandler.ToStringAndClear()).Concat(Singleton<WdAPI>.I.V8ToFdAZn7(P_0.user.背包数据.物品列表[result].封包缓存, result)).ToArray; i6.提示_中心提醒(defaultInterpolatedStringHandler.ToStringAndClear()).Concat; i6.提示_中心提醒; defaultInterpolatedStringHandler.ToStringAndClear; Singleton<WdAPI>.I.V8ToFdAZn7; DB.I.cAJNoOkab6; Singleton<WdAPI>.I.提示_中心提醒(""#R你的金元宝扣除失败，无法进行洗炼！"").Concat(Singleton<WdAPI>.I.V8ToFdAZn7(P_0.user.背包数据.物品列表[result].封包缓存, result)).ToArray; Singleton<WdAPI>.I.提示_中心提醒(""#R你的金元宝扣除失败，无法进行洗炼！"").Concat; Singleton<WdAPI>.I.提示_中心提醒; i7.提示_杂项公告","plugin-source/v10-source-restoration/q52xqsRVVwmOLlpWkb3/t3Hr1lRCL4Z1QF9uWXP.cs","6140"
"plugin-core","q52xqsRVVwmOLlpWkb3.t3Hr1lRCL4Z1QF9uWXP","OpVdhac3qk","case AllEnums.数值Type.银元宝:","defaultInterpolatedStringHandler.AppendLiteral; defaultInterpolatedStringHandler.AppendFormatted; P_0.C_Send; i4.提示_中心提醒(defaultInterpolatedStringHandler.ToStringAndClear()).Concat(Singleton<WdAPI>.I.V8ToFdAZn7(P_0.user.背包数据.物品列表[result].封包缓存, result)).ToArray; i4.提示_中心提醒(defaultInterpolatedStringHandler.ToStringAndClear()).Concat; i4.提示_中心提醒; defaultInterpolatedStringHandler.ToStringAndClear; Singleton<WdAPI>.I.V8ToFdAZn7; DB.I.cAJNoOkab6; Singleton<WdAPI>.I.提示_中心提醒(""#R你的银元宝扣除失败，无法进行洗炼！"").Concat(Singleton<WdAPI>.I.V8ToFdAZn7(P_0.user.背包数据.物品列表[result].封包缓存, result)).ToArray; Singleton<WdAPI>.I.提示_中心提醒(""#R你的银元宝扣除失败，无法进行洗炼！"").Concat; Singleton<WdAPI>.I.提示_中心提醒; i5.提示_杂项公告","plugin-source/v10-source-restoration/q52xqsRVVwmOLlpWkb3/t3Hr1lRCL4Z1QF9uWXP.cs","6166"
"plugin-core","q52xqsRVVwmOLlpWkb3.t3Hr1lRCL4Z1QF9uWXP","OpVdhac3qk","case AllEnums.数值Type.金钱:","P_0.C_Send; Singleton<WdAPI>.I.提示_中心提醒(""你的游戏币不足"" + Singleton<WdAPI>.I.问道标准数值文本(Singleton<全局变量类>.I.属性洗炼配置.仙器配置.数值洗炼消耗) + ""文钱，无法进行洗炼！"").Concat(Singleton<WdAPI>.I.V8ToFdAZn7(P_0.user.背包数据.物品列表[result].封包缓存, result)).ToArray; Singleton<WdAPI>.I.提示_中心提醒(""你的游戏币不足"" + Singleton<WdAPI>.I.问道标准数值文本(Singleton<全局变量类>.I.属性洗炼配置.仙器配置.数值洗炼消耗) + ""文钱，无法进行洗炼！"").Concat; Singleton<WdAPI>.I.提示_中心提醒; Singleton<WdAPI>.I.问道标准数值文本; Singleton<WdAPI>.I.V8ToFdAZn7; Singleton<WdAPI>.I.PndoGw5lW7; Singleton<WdAPI>.I.提示_杂项公告","plugin-source/v10-source-restoration/q52xqsRVVwmOLlpWkb3/t3Hr1lRCL4Z1QF9uWXP.cs","6192"
"plugin-core","q52xqsRVVwmOLlpWkb3.t3Hr1lRCL4Z1QF9uWXP","OpVdhac3qk","case AllEnums.数值Type.灵气值:","defaultInterpolatedStringHandler.AppendLiteral; defaultInterpolatedStringHandler.AppendFormatted; P_0.C_Send; i2.提示_中心提醒(defaultInterpolatedStringHandler.ToStringAndClear()).Concat(Singleton<WdAPI>.I.V8ToFdAZn7(P_0.user.背包数据.物品列表[result].封包缓存, result)).ToArray; i2.提示_中心提醒(defaultInterpolatedStringHandler.ToStringAndClear()).Concat; i2.提示_中心提醒; defaultInterpolatedStringHandler.ToStringAndClear; Singleton<WdAPI>.I.V8ToFdAZn7; Singleton<WdAPI>.I.PndoGw5lW7; i3.提示_杂项公告","plugin-source/v10-source-restoration/q52xqsRVVwmOLlpWkb3/t3Hr1lRCL4Z1QF9uWXP.cs","6201"
"plugin-core","q52xqsRVVwmOLlpWkb3.t3Hr1lRCL4Z1QF9uWXP","CQOdV2aSbZ","case AllEnums.数值Type.金元宝:","defaultInterpolatedStringHandler.AppendLiteral; defaultInterpolatedStringHandler.AppendFormatted; P_0.C_Send; i3.提示_中心提醒(defaultInterpolatedStringHandler.ToStringAndClear()).Concat(Singleton<WdAPI>.I.V8ToFdAZn7(P_0.user.背包数据.物品列表[result].封包缓存, result)).ToArray; i3.提示_中心提醒(defaultInterpolatedStringHandler.ToStringAndClear()).Concat; i3.提示_中心提醒; defaultInterpolatedStringHandler.ToStringAndClear; Singleton<WdAPI>.I.V8ToFdAZn7","plugin-source/v10-source-restoration/q52xqsRVVwmOLlpWkb3/t3Hr1lRCL4Z1QF9uWXP.cs","6829"
"plugin-core","q52xqsRVVwmOLlpWkb3.t3Hr1lRCL4Z1QF9uWXP","CQOdV2aSbZ","case AllEnums.数值Type.银元宝:","defaultInterpolatedStringHandler.AppendLiteral; defaultInterpolatedStringHandler.AppendFormatted; P_0.C_Send; i2.提示_中心提醒(defaultInterpolatedStringHandler.ToStringAndClear()).Concat(Singleton<WdAPI>.I.V8ToFdAZn7(P_0.user.背包数据.物品列表[result].封包缓存, result)).ToArray; i2.提示_中心提醒(defaultInterpolatedStringHandler.ToStringAndClear()).Concat; i2.提示_中心提醒; defaultInterpolatedStringHandler.ToStringAndClear; Singleton<WdAPI>.I.V8ToFdAZn7","plugin-source/v10-source-restoration/q52xqsRVVwmOLlpWkb3/t3Hr1lRCL4Z1QF9uWXP.cs","6841"
"plugin-core","q52xqsRVVwmOLlpWkb3.t3Hr1lRCL4Z1QF9uWXP","CQOdV2aSbZ","case AllEnums.数值Type.金钱:","P_0.C_Send; Singleton<WdAPI>.I.提示_中心提醒(""你的游戏币不足"" + Singleton<WdAPI>.I.问道标准数值文本(Singleton<全局变量类>.I.属性洗炼配置.灵幡配置.数值洗炼消耗) + ""文钱，无法进行洗炼！"").Concat(Singleton<WdAPI>.I.V8ToFdAZn7(P_0.user.背包数据.物品列表[result].封包缓存, result)).ToArray; Singleton<WdAPI>.I.提示_中心提醒(""你的游戏币不足"" + Singleton<WdAPI>.I.问道标准数值文本(Singleton<全局变量类>.I.属性洗炼配置.灵幡配置.数值洗炼消耗) + ""文钱，无法进行洗炼！"").Concat; Singleton<WdAPI>.I.提示_中心提醒; Singleton<WdAPI>.I.问道标准数值文本; Singleton<WdAPI>.I.V8ToFdAZn7","plugin-source/v10-source-restoration/q52xqsRVVwmOLlpWkb3/t3Hr1lRCL4Z1QF9uWXP.cs","6853"
"plugin-core","q52xqsRVVwmOLlpWkb3.t3Hr1lRCL4Z1QF9uWXP","CQOdV2aSbZ","case AllEnums.数值Type.灵气值:","defaultInterpolatedStringHandler.AppendLiteral; defaultInterpolatedStringHandler.AppendFormatted; P_0.C_Send; i.提示_中心提醒(defaultInterpolatedStringHandler.ToStringAndClear()).Concat(Singleton<WdAPI>.I.V8ToFdAZn7(P_0.user.背包数据.物品列表[result].封包缓存, result)).ToArray; i.提示_中心提醒(defaultInterpolatedStringHandler.ToStringAndClear()).Concat; i.提示_中心提醒; defaultInterpolatedStringHandler.ToStringAndClear; Singleton<WdAPI>.I.V8ToFdAZn7","plugin-source/v10-source-restoration/q52xqsRVVwmOLlpWkb3/t3Hr1lRCL4Z1QF9uWXP.cs","6860"
"plugin-core","q52xqsRVVwmOLlpWkb3.t3Hr1lRCL4Z1QF9uWXP","H6kdkHgo0o","case AllEnums.数值Type.金元宝:","defaultInterpolatedStringHandler.AppendLiteral; defaultInterpolatedStringHandler.AppendFormatted; P_0.C_Send; i6.提示_中心提醒(defaultInterpolatedStringHandler.ToStringAndClear()).Concat(Singleton<WdAPI>.I.V8ToFdAZn7(P_0.user.背包数据.物品列表[result].封包缓存, result)).ToArray; i6.提示_中心提醒(defaultInterpolatedStringHandler.ToStringAndClear()).Concat; i6.提示_中心提醒; defaultInterpolatedStringHandler.ToStringAndClear; Singleton<WdAPI>.I.V8ToFdAZn7; DB.I.cAJNoOkab6; Singleton<WdAPI>.I.提示_中心提醒(""#R你的金元宝扣除失败，无法进行洗炼！"").Concat(Singleton<WdAPI>.I.V8ToFdAZn7(P_0.user.背包数据.物品列表[result].封包缓存, result)).ToArray; Singleton<WdAPI>.I.提示_中心提醒(""#R你的金元宝扣除失败，无法进行洗炼！"").Concat; Singleton<WdAPI>.I.提示_中心提醒; i7.提示_杂项公告","plugin-source/v10-source-restoration/q52xqsRVVwmOLlpWkb3/t3Hr1lRCL4Z1QF9uWXP.cs","6925"
"plugin-core","q52xqsRVVwmOLlpWkb3.t3Hr1lRCL4Z1QF9uWXP","H6kdkHgo0o","case AllEnums.数值Type.银元宝:","defaultInterpolatedStringHandler.AppendLiteral; defaultInterpolatedStringHandler.AppendFormatted; P_0.C_Send; i4.提示_中心提醒(defaultInterpolatedStringHandler.ToStringAndClear()).Concat(Singleton<WdAPI>.I.V8ToFdAZn7(P_0.user.背包数据.物品列表[result].封包缓存, result)).ToArray; i4.提示_中心提醒(defaultInterpolatedStringHandler.ToStringAndClear()).Concat; i4.提示_中心提醒; defaultInterpolatedStringHandler.ToStringAndClear; Singleton<WdAPI>.I.V8ToFdAZn7; DB.I.cAJNoOkab6; Singleton<WdAPI>.I.提示_中心提醒(""#R你的银元宝扣除失败，无法进行洗炼！"").Concat(Singleton<WdAPI>.I.V8ToFdAZn7(P_0.user.背包数据.物品列表[result].封包缓存, result)).ToArray; Singleton<WdAPI>.I.提示_中心提醒(""#R你的银元宝扣除失败，无法进行洗炼！"").Concat; Singleton<WdAPI>.I.提示_中心提醒; i5.提示_杂项公告","plugin-source/v10-source-restoration/q52xqsRVVwmOLlpWkb3/t3Hr1lRCL4Z1QF9uWXP.cs","6951"
"plugin-core","q52xqsRVVwmOLlpWkb3.t3Hr1lRCL4Z1QF9uWXP","H6kdkHgo0o","case AllEnums.数值Type.金钱:","P_0.C_Send; Singleton<WdAPI>.I.提示_中心提醒(""你的游戏币不足"" + Singleton<WdAPI>.I.问道标准数值文本(Singleton<全局变量类>.I.属性洗炼配置.灵幡配置.数值洗炼消耗) + ""文钱，无法进行洗炼！"").Concat(Singleton<WdAPI>.I.V8ToFdAZn7(P_0.user.背包数据.物品列表[result].封包缓存, result)).ToArray; Singleton<WdAPI>.I.提示_中心提醒(""你的游戏币不足"" + Singleton<WdAPI>.I.问道标准数值文本(Singleton<全局变量类>.I.属性洗炼配置.灵幡配置.数值洗炼消耗) + ""文钱，无法进行洗炼！"").Concat; Singleton<WdAPI>.I.提示_中心提醒; Singleton<WdAPI>.I.问道标准数值文本; Singleton<WdAPI>.I.V8ToFdAZn7; Singleton<WdAPI>.I.PndoGw5lW7; Singleton<WdAPI>.I.提示_杂项公告","plugin-source/v10-source-restoration/q52xqsRVVwmOLlpWkb3/t3Hr1lRCL4Z1QF9uWXP.cs","6977"
"plugin-core","q52xqsRVVwmOLlpWkb3.t3Hr1lRCL4Z1QF9uWXP","H6kdkHgo0o","case AllEnums.数值Type.灵气值:","defaultInterpolatedStringHandler.AppendLiteral; defaultInterpolatedStringHandler.AppendFormatted; P_0.C_Send; i2.提示_中心提醒(defaultInterpolatedStringHandler.ToStringAndClear()).Concat(Singleton<WdAPI>.I.V8ToFdAZn7(P_0.user.背包数据.物品列表[result].封包缓存, result)).ToArray; i2.提示_中心提醒(defaultInterpolatedStringHandler.ToStringAndClear()).Concat; i2.提示_中心提醒; defaultInterpolatedStringHandler.ToStringAndClear; Singleton<WdAPI>.I.V8ToFdAZn7; Singleton<WdAPI>.I.PndoGw5lW7; i3.提示_杂项公告","plugin-source/v10-source-restoration/q52xqsRVVwmOLlpWkb3/t3Hr1lRCL4Z1QF9uWXP.cs","6986"
"plugin-core","q52xqsRVVwmOLlpWkb3.t3Hr1lRCL4Z1QF9uWXP","DPodp3ReNe","case AllEnums.装备Type.时装:","","plugin-source/v10-source-restoration/q52xqsRVVwmOLlpWkb3/t3Hr1lRCL4Z1QF9uWXP.cs","7397"
"plugin-core","q52xqsRVVwmOLlpWkb3.t3Hr1lRCL4Z1QF9uWXP","DPodp3ReNe","case AllEnums.装备Type.法宝:","","plugin-source/v10-source-restoration/q52xqsRVVwmOLlpWkb3/t3Hr1lRCL4Z1QF9uWXP.cs","7405"
"plugin-core","q52xqsRVVwmOLlpWkb3.t3Hr1lRCL4Z1QF9uWXP","DPodp3ReNe","case AllEnums.装备Type.梭子:","","plugin-source/v10-source-restoration/q52xqsRVVwmOLlpWkb3/t3Hr1lRCL4Z1QF9uWXP.cs","7413"
"plugin-core","q52xqsRVVwmOLlpWkb3.t3Hr1lRCL4Z1QF9uWXP","DPodp3ReNe","case AllEnums.装备Type.铭牌:","","plugin-source/v10-source-restoration/q52xqsRVVwmOLlpWkb3/t3Hr1lRCL4Z1QF9uWXP.cs","7421"
"plugin-core","q52xqsRVVwmOLlpWkb3.t3Hr1lRCL4Z1QF9uWXP","DPodp3ReNe","case AllEnums.装备Type.仙器:","","plugin-source/v10-source-restoration/q52xqsRVVwmOLlpWkb3/t3Hr1lRCL4Z1QF9uWXP.cs","7429"
"plugin-core","q52xqsRVVwmOLlpWkb3.t3Hr1lRCL4Z1QF9uWXP","DPodp3ReNe","case AllEnums.装备Type.引灵幡:","","plugin-source/v10-source-restoration/q52xqsRVVwmOLlpWkb3/t3Hr1lRCL4Z1QF9uWXP.cs","7437"
"plugin-core","qP09WjBc7nUNQOcDDy3.L1ya6XBSPGoekkP8WeX","hcdB5D6A9G","case 1:","封包_读2.读字节型; Enumerable.SequenceEqual; 封包_写2.写字节型","plugin-source/v10-source-restoration/qP09WjBc7nUNQOcDDy3/L1ya6XBSPGoekkP8WeX.cs","137"
"plugin-core","qP09WjBc7nUNQOcDDy3.L1ya6XBSPGoekkP8WeX","hcdB5D6A9G","case 2:","封包_读2.读短整数型; Enumerable.SequenceEqual; 封包_写2.写短整数型","plugin-source/v10-source-restoration/qP09WjBc7nUNQOcDDy3/L1ya6XBSPGoekkP8WeX.cs","149"
"plugin-core","qP09WjBc7nUNQOcDDy3.L1ya6XBSPGoekkP8WeX","hcdB5D6A9G","case 3:","封包_读2.读整数型; Enumerable.SequenceEqual; Ab7Ypu2aCcHMcLPG8Um.o5DmWnO5ND; 封包_写2.写整数型","plugin-source/v10-source-restoration/qP09WjBc7nUNQOcDDy3/L1ya6XBSPGoekkP8WeX.cs","274"
"plugin-core","qP09WjBc7nUNQOcDDy3.L1ya6XBSPGoekkP8WeX","hcdB5D6A9G","case 4:","封包_读2.读文本型; Enumerable.SequenceEqual; Ab7Ypu2aCcHMcLPG8Um.o5DmWnO5ND; 封包_写2.写文本型","plugin-source/v10-source-restoration/qP09WjBc7nUNQOcDDy3/L1ya6XBSPGoekkP8WeX.cs","418"
"plugin-core","qP09WjBc7nUNQOcDDy3.L1ya6XBSPGoekkP8WeX","TUPBMyTp98","case 1:","封包_读2.读字节型","plugin-source/v10-source-restoration/qP09WjBc7nUNQOcDDy3/L1ya6XBSPGoekkP8WeX.cs","598"
"plugin-core","qP09WjBc7nUNQOcDDy3.L1ya6XBSPGoekkP8WeX","TUPBMyTp98","case 2:","封包_读2.读短整数型","plugin-source/v10-source-restoration/qP09WjBc7nUNQOcDDy3/L1ya6XBSPGoekkP8WeX.cs","601"
"plugin-core","qP09WjBc7nUNQOcDDy3.L1ya6XBSPGoekkP8WeX","TUPBMyTp98","case 3:","封包_读2.读整数型","plugin-source/v10-source-restoration/qP09WjBc7nUNQOcDDy3/L1ya6XBSPGoekkP8WeX.cs","604"
"plugin-core","qP09WjBc7nUNQOcDDy3.L1ya6XBSPGoekkP8WeX","TUPBMyTp98","case AllEnums.属性名字Type.物理伤害:","","plugin-source/v10-source-restoration/qP09WjBc7nUNQOcDDy3/L1ya6XBSPGoekkP8WeX.cs","610"
"plugin-core","qP09WjBc7nUNQOcDDy3.L1ya6XBSPGoekkP8WeX","TUPBMyTp98","case AllEnums.属性名字Type.准确:","","plugin-source/v10-source-restoration/qP09WjBc7nUNQOcDDy3/L1ya6XBSPGoekkP8WeX.cs","613"
"plugin-core","qP09WjBc7nUNQOcDDy3.L1ya6XBSPGoekkP8WeX","TUPBMyTp98","case AllEnums.属性名字Type.气血:","","plugin-source/v10-source-restoration/qP09WjBc7nUNQOcDDy3/L1ya6XBSPGoekkP8WeX.cs","616"
"plugin-core","qP09WjBc7nUNQOcDDy3.L1ya6XBSPGoekkP8WeX","TUPBMyTp98","case AllEnums.属性名字Type.防御:","","plugin-source/v10-source-restoration/qP09WjBc7nUNQOcDDy3/L1ya6XBSPGoekkP8WeX.cs","619"
"plugin-core","qP09WjBc7nUNQOcDDy3.L1ya6XBSPGoekkP8WeX","TUPBMyTp98","case AllEnums.属性名字Type.法术伤害:","","plugin-source/v10-source-restoration/qP09WjBc7nUNQOcDDy3/L1ya6XBSPGoekkP8WeX.cs","622"
"plugin-core","qP09WjBc7nUNQOcDDy3.L1ya6XBSPGoekkP8WeX","TUPBMyTp98","case AllEnums.属性名字Type.法力:","","plugin-source/v10-source-restoration/qP09WjBc7nUNQOcDDy3/L1ya6XBSPGoekkP8WeX.cs","625"
"plugin-core","qP09WjBc7nUNQOcDDy3.L1ya6XBSPGoekkP8WeX","TUPBMyTp98","case AllEnums.属性名字Type.速度:","","plugin-source/v10-source-restoration/qP09WjBc7nUNQOcDDy3/L1ya6XBSPGoekkP8WeX.cs","628"
"plugin-core","qP09WjBc7nUNQOcDDy3.L1ya6XBSPGoekkP8WeX","TUPBMyTp98","case AllEnums.属性名字Type.躲闪率:","","plugin-source/v10-source-restoration/qP09WjBc7nUNQOcDDy3/L1ya6XBSPGoekkP8WeX.cs","631"
"plugin-core","qP09WjBc7nUNQOcDDy3.L1ya6XBSPGoekkP8WeX","TUPBMyTp98","case AllEnums.属性名字Type.金抗性:","","plugin-source/v10-source-restoration/qP09WjBc7nUNQOcDDy3/L1ya6XBSPGoekkP8WeX.cs","634"
"plugin-core","qP09WjBc7nUNQOcDDy3.L1ya6XBSPGoekkP8WeX","TUPBMyTp98","case AllEnums.属性名字Type.木抗性:","","plugin-source/v10-source-restoration/qP09WjBc7nUNQOcDDy3/L1ya6XBSPGoekkP8WeX.cs","637"
"plugin-core","qP09WjBc7nUNQOcDDy3.L1ya6XBSPGoekkP8WeX","TUPBMyTp98","case AllEnums.属性名字Type.水抗性:","","plugin-source/v10-source-restoration/qP09WjBc7nUNQOcDDy3/L1ya6XBSPGoekkP8WeX.cs","640"
"plugin-core","qP09WjBc7nUNQOcDDy3.L1ya6XBSPGoekkP8WeX","TUPBMyTp98","case AllEnums.属性名字Type.火抗性:","","plugin-source/v10-source-restoration/qP09WjBc7nUNQOcDDy3/L1ya6XBSPGoekkP8WeX.cs","643"
"plugin-core","qP09WjBc7nUNQOcDDy3.L1ya6XBSPGoekkP8WeX","TUPBMyTp98","case AllEnums.属性名字Type.土抗性:","","plugin-source/v10-source-restoration/qP09WjBc7nUNQOcDDy3/L1ya6XBSPGoekkP8WeX.cs","646"
"plugin-core","qP09WjBc7nUNQOcDDy3.L1ya6XBSPGoekkP8WeX","TUPBMyTp98","case AllEnums.属性名字Type.抗中毒:","","plugin-source/v10-source-restoration/qP09WjBc7nUNQOcDDy3/L1ya6XBSPGoekkP8WeX.cs","649"
"plugin-core","qP09WjBc7nUNQOcDDy3.L1ya6XBSPGoekkP8WeX","TUPBMyTp98","case AllEnums.属性名字Type.抗冰冻:","","plugin-source/v10-source-restoration/qP09WjBc7nUNQOcDDy3/L1ya6XBSPGoekkP8WeX.cs","652"
"plugin-core","qP09WjBc7nUNQOcDDy3.L1ya6XBSPGoekkP8WeX","TUPBMyTp98","case AllEnums.属性名字Type.抗昏睡:","","plugin-source/v10-source-restoration/qP09WjBc7nUNQOcDDy3/L1ya6XBSPGoekkP8WeX.cs","655"
"plugin-core","qP09WjBc7nUNQOcDDy3.L1ya6XBSPGoekkP8WeX","TUPBMyTp98","case AllEnums.属性名字Type.抗遗忘:","","plugin-source/v10-source-restoration/qP09WjBc7nUNQOcDDy3/L1ya6XBSPGoekkP8WeX.cs","658"
"plugin-core","qP09WjBc7nUNQOcDDy3.L1ya6XBSPGoekkP8WeX","TUPBMyTp98","case AllEnums.属性名字Type.抗混乱:","","plugin-source/v10-source-restoration/qP09WjBc7nUNQOcDDy3/L1ya6XBSPGoekkP8WeX.cs","661"
"plugin-core","qP09WjBc7nUNQOcDDy3.L1ya6XBSPGoekkP8WeX","TUPBMyTp98","case AllEnums.属性名字Type.连击:","","plugin-source/v10-source-restoration/qP09WjBc7nUNQOcDDy3/L1ya6XBSPGoekkP8WeX.cs","664"
"plugin-core","qP09WjBc7nUNQOcDDy3.L1ya6XBSPGoekkP8WeX","TUPBMyTp98","case AllEnums.属性名字Type.反击:","","plugin-source/v10-source-restoration/qP09WjBc7nUNQOcDDy3/L1ya6XBSPGoekkP8WeX.cs","667"
"plugin-core","qP09WjBc7nUNQOcDDy3.L1ya6XBSPGoekkP8WeX","TUPBMyTp98","case AllEnums.属性名字Type.反击率:","","plugin-source/v10-source-restoration/qP09WjBc7nUNQOcDDy3/L1ya6XBSPGoekkP8WeX.cs","670"
"plugin-core","qP09WjBc7nUNQOcDDy3.L1ya6XBSPGoekkP8WeX","TUPBMyTp98","case AllEnums.属性名字Type.连击率:","","plugin-source/v10-source-restoration/qP09WjBc7nUNQOcDDy3/L1ya6XBSPGoekkP8WeX.cs","673"
"plugin-core","qP09WjBc7nUNQOcDDy3.L1ya6XBSPGoekkP8WeX","TUPBMyTp98","case AllEnums.属性名字Type.物理必杀率:","","plugin-source/v10-source-restoration/qP09WjBc7nUNQOcDDy3/L1ya6XBSPGoekkP8WeX.cs","676"
"plugin-core","qP09WjBc7nUNQOcDDy3.L1ya6XBSPGoekkP8WeX","TUPBMyTp98","case AllEnums.属性名字Type.反震度:","","plugin-source/v10-source-restoration/qP09WjBc7nUNQOcDDy3/L1ya6XBSPGoekkP8WeX.cs","679"
"plugin-core","qP09WjBc7nUNQOcDDy3.L1ya6XBSPGoekkP8WeX","TUPBMyTp98","case AllEnums.属性名字Type.反震率:","","plugin-source/v10-source-restoration/qP09WjBc7nUNQOcDDy3/L1ya6XBSPGoekkP8WeX.cs","682"
"plugin-core","qP09WjBc7nUNQOcDDy3.L1ya6XBSPGoekkP8WeX","TUPBMyTp98","case AllEnums.属性名字Type.破防:","","plugin-source/v10-source-restoration/qP09WjBc7nUNQOcDDy3/L1ya6XBSPGoekkP8WeX.cs","685"
"plugin-core","qP09WjBc7nUNQOcDDy3.L1ya6XBSPGoekkP8WeX","TUPBMyTp98","case AllEnums.属性名字Type.破防率:","","plugin-source/v10-source-restoration/qP09WjBc7nUNQOcDDy3/L1ya6XBSPGoekkP8WeX.cs","688"
"plugin-core","qP09WjBc7nUNQOcDDy3.L1ya6XBSPGoekkP8WeX","TUPBMyTp98","case AllEnums.属性名字Type.忽视目标抗金:","","plugin-source/v10-source-restoration/qP09WjBc7nUNQOcDDy3/L1ya6XBSPGoekkP8WeX.cs","691"
"plugin-core","qP09WjBc7nUNQOcDDy3.L1ya6XBSPGoekkP8WeX","TUPBMyTp98","case AllEnums.属性名字Type.忽视目标抗木:","","plugin-source/v10-source-restoration/qP09WjBc7nUNQOcDDy3/L1ya6XBSPGoekkP8WeX.cs","694"
"plugin-core","qP09WjBc7nUNQOcDDy3.L1ya6XBSPGoekkP8WeX","TUPBMyTp98","case AllEnums.属性名字Type.忽视目标抗水:","","plugin-source/v10-source-restoration/qP09WjBc7nUNQOcDDy3/L1ya6XBSPGoekkP8WeX.cs","697"
"plugin-core","qP09WjBc7nUNQOcDDy3.L1ya6XBSPGoekkP8WeX","TUPBMyTp98","case AllEnums.属性名字Type.忽视目标抗火:","","plugin-source/v10-source-restoration/qP09WjBc7nUNQOcDDy3/L1ya6XBSPGoekkP8WeX.cs","700"
"plugin-core","qP09WjBc7nUNQOcDDy3.L1ya6XBSPGoekkP8WeX","TUPBMyTp98","case AllEnums.属性名字Type.忽视目标抗土:","","plugin-source/v10-source-restoration/qP09WjBc7nUNQOcDDy3/L1ya6XBSPGoekkP8WeX.cs","703"
"plugin-core","qP09WjBc7nUNQOcDDy3.L1ya6XBSPGoekkP8WeX","TUPBMyTp98","case AllEnums.属性名字Type.忽视目标抗遗忘:","","plugin-source/v10-source-restoration/qP09WjBc7nUNQOcDDy3/L1ya6XBSPGoekkP8WeX.cs","706"
"plugin-core","qP09WjBc7nUNQOcDDy3.L1ya6XBSPGoekkP8WeX","TUPBMyTp98","case AllEnums.属性名字Type.忽视目标抗中毒:","","plugin-source/v10-source-restoration/qP09WjBc7nUNQOcDDy3/L1ya6XBSPGoekkP8WeX.cs","709"
"plugin-core","qP09WjBc7nUNQOcDDy3.L1ya6XBSPGoekkP8WeX","TUPBMyTp98","case AllEnums.属性名字Type.忽视目标抗冰冻:","","plugin-source/v10-source-restoration/qP09WjBc7nUNQOcDDy3/L1ya6XBSPGoekkP8WeX.cs","712"
"plugin-core","qP09WjBc7nUNQOcDDy3.L1ya6XBSPGoekkP8WeX","TUPBMyTp98","case AllEnums.属性名字Type.忽视目标抗昏睡:","","plugin-source/v10-source-restoration/qP09WjBc7nUNQOcDDy3/L1ya6XBSPGoekkP8WeX.cs","715"
"plugin-core","qP09WjBc7nUNQOcDDy3.L1ya6XBSPGoekkP8WeX","TUPBMyTp98","case AllEnums.属性名字Type.忽视目标抗混乱:","","plugin-source/v10-source-restoration/qP09WjBc7nUNQOcDDy3/L1ya6XBSPGoekkP8WeX.cs","718"
"plugin-core","qP09WjBc7nUNQOcDDy3.L1ya6XBSPGoekkP8WeX","TUPBMyTp98","case AllEnums.属性名字Type.强力克金:","","plugin-source/v10-source-restoration/qP09WjBc7nUNQOcDDy3/L1ya6XBSPGoekkP8WeX.cs","721"
"plugin-core","qP09WjBc7nUNQOcDDy3.L1ya6XBSPGoekkP8WeX","TUPBMyTp98","case AllEnums.属性名字Type.强力克木:","","plugin-source/v10-source-restoration/qP09WjBc7nUNQOcDDy3/L1ya6XBSPGoekkP8WeX.cs","724"
"plugin-core","qP09WjBc7nUNQOcDDy3.L1ya6XBSPGoekkP8WeX","TUPBMyTp98","case AllEnums.属性名字Type.强力克水:","","plugin-source/v10-source-restoration/qP09WjBc7nUNQOcDDy3/L1ya6XBSPGoekkP8WeX.cs","727"
"plugin-core","qP09WjBc7nUNQOcDDy3.L1ya6XBSPGoekkP8WeX","TUPBMyTp98","case AllEnums.属性名字Type.强力克火:","","plugin-source/v10-source-restoration/qP09WjBc7nUNQOcDDy3/L1ya6XBSPGoekkP8WeX.cs","730"
"plugin-core","qP09WjBc7nUNQOcDDy3.L1ya6XBSPGoekkP8WeX","TUPBMyTp98","case AllEnums.属性名字Type.强力克土:","","plugin-source/v10-source-restoration/qP09WjBc7nUNQOcDDy3/L1ya6XBSPGoekkP8WeX.cs","733"
"plugin-core","qP09WjBc7nUNQOcDDy3.L1ya6XBSPGoekkP8WeX","TUPBMyTp98","case AllEnums.属性名字Type.师门攻击技能消耗降低:","","plugin-source/v10-source-restoration/qP09WjBc7nUNQOcDDy3/L1ya6XBSPGoekkP8WeX.cs","736"
"plugin-core","qP09WjBc7nUNQOcDDy3.L1ya6XBSPGoekkP8WeX","TUPBMyTp98","case AllEnums.属性名字Type.师门障碍技能消耗降低:","","plugin-source/v10-source-restoration/qP09WjBc7nUNQOcDDy3/L1ya6XBSPGoekkP8WeX.cs","739"
"plugin-core","qP09WjBc7nUNQOcDDy3.L1ya6XBSPGoekkP8WeX","TUPBMyTp98","case AllEnums.属性名字Type.师门辅助技能消耗降低:","","plugin-source/v10-source-restoration/qP09WjBc7nUNQOcDDy3/L1ya6XBSPGoekkP8WeX.cs","742"
"plugin-core","qP09WjBc7nUNQOcDDy3.L1ya6XBSPGoekkP8WeX","TUPBMyTp98","case AllEnums.属性名字Type.强力中毒:","","plugin-source/v10-source-restoration/qP09WjBc7nUNQOcDDy3/L1ya6XBSPGoekkP8WeX.cs","745"
"plugin-core","qP09WjBc7nUNQOcDDy3.L1ya6XBSPGoekkP8WeX","TUPBMyTp98","case AllEnums.属性名字Type.强力昏睡:","","plugin-source/v10-source-restoration/qP09WjBc7nUNQOcDDy3/L1ya6XBSPGoekkP8WeX.cs","748"
"plugin-core","qP09WjBc7nUNQOcDDy3.L1ya6XBSPGoekkP8WeX","TUPBMyTp98","case AllEnums.属性名字Type.强力遗忘:","","plugin-source/v10-source-restoration/qP09WjBc7nUNQOcDDy3/L1ya6XBSPGoekkP8WeX.cs","751"
"plugin-core","qP09WjBc7nUNQOcDDy3.L1ya6XBSPGoekkP8WeX","TUPBMyTp98","case AllEnums.属性名字Type.强力混乱:","","plugin-source/v10-source-restoration/qP09WjBc7nUNQOcDDy3/L1ya6XBSPGoekkP8WeX.cs","754"
"plugin-core","qP09WjBc7nUNQOcDDy3.L1ya6XBSPGoekkP8WeX","TUPBMyTp98","case AllEnums.属性名字Type.强力冰冻:","","plugin-source/v10-source-restoration/qP09WjBc7nUNQOcDDy3/L1ya6XBSPGoekkP8WeX.cs","757"
"plugin-core","qP09WjBc7nUNQOcDDy3.L1ya6XBSPGoekkP8WeX","TUPBMyTp98","case AllEnums.属性名字Type.强金法伤害:","","plugin-source/v10-source-restoration/qP09WjBc7nUNQOcDDy3/L1ya6XBSPGoekkP8WeX.cs","760"
"plugin-core","qP09WjBc7nUNQOcDDy3.L1ya6XBSPGoekkP8WeX","TUPBMyTp98","case AllEnums.属性名字Type.强木法伤害:","","plugin-source/v10-source-restoration/qP09WjBc7nUNQOcDDy3/L1ya6XBSPGoekkP8WeX.cs","763"
"plugin-core","qP09WjBc7nUNQOcDDy3.L1ya6XBSPGoekkP8WeX","TUPBMyTp98","case AllEnums.属性名字Type.强水法伤害:","","plugin-source/v10-source-restoration/qP09WjBc7nUNQOcDDy3/L1ya6XBSPGoekkP8WeX.cs","766"
"plugin-core","qP09WjBc7nUNQOcDDy3.L1ya6XBSPGoekkP8WeX","TUPBMyTp98","case AllEnums.属性名字Type.强火法伤害:","","plugin-source/v10-source-restoration/qP09WjBc7nUNQOcDDy3/L1ya6XBSPGoekkP8WeX.cs","769"
"plugin-core","qP09WjBc7nUNQOcDDy3.L1ya6XBSPGoekkP8WeX","TUPBMyTp98","case AllEnums.属性名字Type.强土法伤害:","","plugin-source/v10-source-restoration/qP09WjBc7nUNQOcDDy3/L1ya6XBSPGoekkP8WeX.cs","772"
"plugin-core","qP09WjBc7nUNQOcDDy3.L1ya6XBSPGoekkP8WeX","TUPBMyTp98","case AllEnums.属性名字Type.躲避攻击:","","plugin-source/v10-source-restoration/qP09WjBc7nUNQOcDDy3/L1ya6XBSPGoekkP8WeX.cs","775"
"plugin-core","qP09WjBc7nUNQOcDDy3.L1ya6XBSPGoekkP8WeX","TUPBMyTp98","case AllEnums.属性名字Type.金光乍现反击率:","","plugin-source/v10-source-restoration/qP09WjBc7nUNQOcDDy3/L1ya6XBSPGoekkP8WeX.cs","778"
"plugin-core","qP09WjBc7nUNQOcDDy3.L1ya6XBSPGoekkP8WeX","TUPBMyTp98","case AllEnums.属性名字Type.摘叶飞花反击率:","","plugin-source/v10-source-restoration/qP09WjBc7nUNQOcDDy3/L1ya6XBSPGoekkP8WeX.cs","781"
"plugin-core","qP09WjBc7nUNQOcDDy3.L1ya6XBSPGoekkP8WeX","TUPBMyTp98","case AllEnums.属性名字Type.滴水穿石反击率:","","plugin-source/v10-source-restoration/qP09WjBc7nUNQOcDDy3/L1ya6XBSPGoekkP8WeX.cs","784"
"plugin-core","qP09WjBc7nUNQOcDDy3.L1ya6XBSPGoekkP8WeX","TUPBMyTp98","case AllEnums.属性名字Type.举火焚天反击率:","","plugin-source/v10-source-restoration/qP09WjBc7nUNQOcDDy3/L1ya6XBSPGoekkP8WeX.cs","787"
"plugin-core","qP09WjBc7nUNQOcDDy3.L1ya6XBSPGoekkP8WeX","TUPBMyTp98","case AllEnums.属性名字Type.落土飞岩反击率:","","plugin-source/v10-source-restoration/qP09WjBc7nUNQOcDDy3/L1ya6XBSPGoekkP8WeX.cs","790"
"plugin-core","qP09WjBc7nUNQOcDDy3.L1ya6XBSPGoekkP8WeX","TUPBMyTp98","case AllEnums.属性名字Type.金系法攻:","","plugin-source/v10-source-restoration/qP09WjBc7nUNQOcDDy3/L1ya6XBSPGoekkP8WeX.cs","793"
"plugin-core","qP09WjBc7nUNQOcDDy3.L1ya6XBSPGoekkP8WeX","TUPBMyTp98","case AllEnums.属性名字Type.木系法攻:","","plugin-source/v10-source-restoration/qP09WjBc7nUNQOcDDy3/L1ya6XBSPGoekkP8WeX.cs","796"
"plugin-core","qP09WjBc7nUNQOcDDy3.L1ya6XBSPGoekkP8WeX","TUPBMyTp98","case AllEnums.属性名字Type.水系法攻:","","plugin-source/v10-source-restoration/qP09WjBc7nUNQOcDDy3/L1ya6XBSPGoekkP8WeX.cs","799"
"plugin-core","qP09WjBc7nUNQOcDDy3.L1ya6XBSPGoekkP8WeX","TUPBMyTp98","case AllEnums.属性名字Type.火系法攻:","","plugin-source/v10-source-restoration/qP09WjBc7nUNQOcDDy3/L1ya6XBSPGoekkP8WeX.cs","802"
"plugin-core","qP09WjBc7nUNQOcDDy3.L1ya6XBSPGoekkP8WeX","TUPBMyTp98","case AllEnums.属性名字Type.土系法攻:","","plugin-source/v10-source-restoration/qP09WjBc7nUNQOcDDy3/L1ya6XBSPGoekkP8WeX.cs","805"
"plugin-core","qP09WjBc7nUNQOcDDy3.L1ya6XBSPGoekkP8WeX","TUPBMyTp98","case AllEnums.属性名字Type.解除遗忘状态:","","plugin-source/v10-source-restoration/qP09WjBc7nUNQOcDDy3/L1ya6XBSPGoekkP8WeX.cs","808"
"plugin-core","qP09WjBc7nUNQOcDDy3.L1ya6XBSPGoekkP8WeX","TUPBMyTp98","case AllEnums.属性名字Type.解除中毒状态:","","plugin-source/v10-source-restoration/qP09WjBc7nUNQOcDDy3/L1ya6XBSPGoekkP8WeX.cs","811"
"plugin-core","qP09WjBc7nUNQOcDDy3.L1ya6XBSPGoekkP8WeX","TUPBMyTp98","case AllEnums.属性名字Type.解除冰冻状态:","","plugin-source/v10-source-restoration/qP09WjBc7nUNQOcDDy3/L1ya6XBSPGoekkP8WeX.cs","814"
"plugin-core","qP09WjBc7nUNQOcDDy3.L1ya6XBSPGoekkP8WeX","TUPBMyTp98","case AllEnums.属性名字Type.解除昏睡状态:","","plugin-source/v10-source-restoration/qP09WjBc7nUNQOcDDy3/L1ya6XBSPGoekkP8WeX.cs","817"
"plugin-core","qP09WjBc7nUNQOcDDy3.L1ya6XBSPGoekkP8WeX","TUPBMyTp98","case AllEnums.属性名字Type.解除混乱状态:","","plugin-source/v10-source-restoration/qP09WjBc7nUNQOcDDy3/L1ya6XBSPGoekkP8WeX.cs","820"
"plugin-core","qP09WjBc7nUNQOcDDy3.L1ya6XBSPGoekkP8WeX","TUPBMyTp98","case AllEnums.属性名字Type.所有技能上升:","","plugin-source/v10-source-restoration/qP09WjBc7nUNQOcDDy3/L1ya6XBSPGoekkP8WeX.cs","823"
"plugin-core","qP09WjBc7nUNQOcDDy3.L1ya6XBSPGoekkP8WeX","TUPBMyTp98","case AllEnums.属性名字Type.攻击效果:","","plugin-source/v10-source-restoration/qP09WjBc7nUNQOcDDy3/L1ya6XBSPGoekkP8WeX.cs","826"
"plugin-core","qP09WjBc7nUNQOcDDy3.L1ya6XBSPGoekkP8WeX","TUPBMyTp98","case AllEnums.属性名字Type.抗物理:","","plugin-source/v10-source-restoration/qP09WjBc7nUNQOcDDy3/L1ya6XBSPGoekkP8WeX.cs","829"
"plugin-core","qP09WjBc7nUNQOcDDy3.L1ya6XBSPGoekkP8WeX","TUPBMyTp98","case AllEnums.属性名字Type.抗法术:","","plugin-source/v10-source-restoration/qP09WjBc7nUNQOcDDy3/L1ya6XBSPGoekkP8WeX.cs","832"
"plugin-core","qP09WjBc7nUNQOcDDy3.L1ya6XBSPGoekkP8WeX","TUPBMyTp98","case AllEnums.属性名字Type.忽视目标连击:","","plugin-source/v10-source-restoration/qP09WjBc7nUNQOcDDy3/L1ya6XBSPGoekkP8WeX.cs","835"
"plugin-core","qP09WjBc7nUNQOcDDy3.L1ya6XBSPGoekkP8WeX","TUPBMyTp98","case AllEnums.属性名字Type.忽视目标物理必杀:","","plugin-source/v10-source-restoration/qP09WjBc7nUNQOcDDy3/L1ya6XBSPGoekkP8WeX.cs","838"
"plugin-core","qP09WjBc7nUNQOcDDy3.L1ya6XBSPGoekkP8WeX","TUPBMyTp98","case AllEnums.属性名字Type.追击率:","","plugin-source/v10-source-restoration/qP09WjBc7nUNQOcDDy3/L1ya6XBSPGoekkP8WeX.cs","841"
"plugin-core","qP09WjBc7nUNQOcDDy3.L1ya6XBSPGoekkP8WeX","TUPBMyTp98","case AllEnums.属性名字Type.强力障碍宠物:","","plugin-source/v10-source-restoration/qP09WjBc7nUNQOcDDy3/L1ya6XBSPGoekkP8WeX.cs","844"
"plugin-core","qP09WjBc7nUNQOcDDy3.L1ya6XBSPGoekkP8WeX","TUPBMyTp98","case AllEnums.属性名字Type.忽视躲避攻击:","","plugin-source/v10-source-restoration/qP09WjBc7nUNQOcDDy3/L1ya6XBSPGoekkP8WeX.cs","847"
"plugin-core","qP09WjBc7nUNQOcDDy3.L1ya6XBSPGoekkP8WeX","TUPBMyTp98","case AllEnums.属性名字Type.强物理伤害:","","plugin-source/v10-source-restoration/qP09WjBc7nUNQOcDDy3/L1ya6XBSPGoekkP8WeX.cs","850"
"plugin-core","qP09WjBc7nUNQOcDDy3.L1ya6XBSPGoekkP8WeX","TUPBMyTp98","case AllEnums.属性名字Type.法术必杀率:","","plugin-source/v10-source-restoration/qP09WjBc7nUNQOcDDy3/L1ya6XBSPGoekkP8WeX.cs","853"
"plugin-core","qP09WjBc7nUNQOcDDy3.L1ya6XBSPGoekkP8WeX","TUPBMyTp98","case AllEnums.属性名字Type.忽视目标法术必杀:","","plugin-source/v10-source-restoration/qP09WjBc7nUNQOcDDy3/L1ya6XBSPGoekkP8WeX.cs","856"
"plugin-core","qP09WjBc7nUNQOcDDy3.L1ya6XBSPGoekkP8WeX","TUPBMyTp98","case AllEnums.属性名字Type.抗神圣之光:","","plugin-source/v10-source-restoration/qP09WjBc7nUNQOcDDy3/L1ya6XBSPGoekkP8WeX.cs","859"
"plugin-core","qP09WjBc7nUNQOcDDy3.L1ya6XBSPGoekkP8WeX","TUPBMyTp98","case AllEnums.属性名字Type.抗游说之舌:","","plugin-source/v10-source-restoration/qP09WjBc7nUNQOcDDy3/L1ya6XBSPGoekkP8WeX.cs","862"
"plugin-core","qP09WjBc7nUNQOcDDy3.L1ya6XBSPGoekkP8WeX","TUPBMyTp98","case AllEnums.属性名字Type.抗舍命一击:","","plugin-source/v10-source-restoration/qP09WjBc7nUNQOcDDy3/L1ya6XBSPGoekkP8WeX.cs","865"
"plugin-core","qP09WjBc7nUNQOcDDy3.L1ya6XBSPGoekkP8WeX","TUPBMyTp98","case AllEnums.属性名字Type.抗翻转乾坤:","","plugin-source/v10-source-restoration/qP09WjBc7nUNQOcDDy3/L1ya6XBSPGoekkP8WeX.cs","868"
"plugin-core","qP09WjBc7nUNQOcDDy3.L1ya6XBSPGoekkP8WeX","TUPBMyTp98","case AllEnums.属性名字Type.抗漫天血舞:","","plugin-source/v10-source-restoration/qP09WjBc7nUNQOcDDy3/L1ya6XBSPGoekkP8WeX.cs","871"
"plugin-core","qP09WjBc7nUNQOcDDy3.L1ya6XBSPGoekkP8WeX","TUPBMyTp98","case AllEnums.属性名字Type.忽视目标抗物理:","","plugin-source/v10-source-restoration/qP09WjBc7nUNQOcDDy3/L1ya6XBSPGoekkP8WeX.cs","874"
"plugin-core","qP09WjBc7nUNQOcDDy3.L1ya6XBSPGoekkP8WeX","TUPBMyTp98","case AllEnums.属性名字Type.闪避:","","plugin-source/v10-source-restoration/qP09WjBc7nUNQOcDDy3/L1ya6XBSPGoekkP8WeX.cs","877"
"plugin-core","qP09WjBc7nUNQOcDDy3.L1ya6XBSPGoekkP8WeX","TUPBMyTp98","case AllEnums.属性名字Type.抗镇魂:","","plugin-source/v10-source-restoration/qP09WjBc7nUNQOcDDy3/L1ya6XBSPGoekkP8WeX.cs","880"
"plugin-core","qP09WjBc7nUNQOcDDy3.L1ya6XBSPGoekkP8WeX","TUPBMyTp98","case AllEnums.属性名字Type.抗化功:","","plugin-source/v10-source-restoration/qP09WjBc7nUNQOcDDy3/L1ya6XBSPGoekkP8WeX.cs","883"
"plugin-core","qP09WjBc7nUNQOcDDy3.L1ya6XBSPGoekkP8WeX","TUPBMyTp98","case AllEnums.属性名字Type.抗水牢:","","plugin-source/v10-source-restoration/qP09WjBc7nUNQOcDDy3/L1ya6XBSPGoekkP8WeX.cs","886"
"plugin-core","qP09WjBc7nUNQOcDDy3.L1ya6XBSPGoekkP8WeX","TUPBMyTp98","case AllEnums.属性名字Type.抗锁灵:","","plugin-source/v10-source-restoration/qP09WjBc7nUNQOcDDy3/L1ya6XBSPGoekkP8WeX.cs","889"
"plugin-core","qP09WjBc7nUNQOcDDy3.L1ya6XBSPGoekkP8WeX","TUPBMyTp98","case AllEnums.属性名字Type.抗迷心:","","plugin-source/v10-source-restoration/qP09WjBc7nUNQOcDDy3/L1ya6XBSPGoekkP8WeX.cs","892"
"plugin-core","qP09WjBc7nUNQOcDDy3.L1ya6XBSPGoekkP8WeX","TUPBMyTp98","case AllEnums.属性名字Type.忽视目标抗镇魂:","","plugin-source/v10-source-restoration/qP09WjBc7nUNQOcDDy3/L1ya6XBSPGoekkP8WeX.cs","895"
"plugin-core","qP09WjBc7nUNQOcDDy3.L1ya6XBSPGoekkP8WeX","TUPBMyTp98","case AllEnums.属性名字Type.忽视目标抗化功:","","plugin-source/v10-source-restoration/qP09WjBc7nUNQOcDDy3/L1ya6XBSPGoekkP8WeX.cs","898"
"plugin-core","qP09WjBc7nUNQOcDDy3.L1ya6XBSPGoekkP8WeX","TUPBMyTp98","case AllEnums.属性名字Type.忽视目标抗水牢:","","plugin-source/v10-source-restoration/qP09WjBc7nUNQOcDDy3/L1ya6XBSPGoekkP8WeX.cs","901"
"plugin-core","qP09WjBc7nUNQOcDDy3.L1ya6XBSPGoekkP8WeX","TUPBMyTp98","case AllEnums.属性名字Type.忽视目标抗锁灵:","","plugin-source/v10-source-restoration/qP09WjBc7nUNQOcDDy3/L1ya6XBSPGoekkP8WeX.cs","904"
"plugin-core","qP09WjBc7nUNQOcDDy3.L1ya6XBSPGoekkP8WeX","TUPBMyTp98","case AllEnums.属性名字Type.忽视目标抗迷心:","","plugin-source/v10-source-restoration/qP09WjBc7nUNQOcDDy3/L1ya6XBSPGoekkP8WeX.cs","907"
"plugin-core","qP09WjBc7nUNQOcDDy3.L1ya6XBSPGoekkP8WeX","TUPBMyTp98","case AllEnums.属性名字Type.解除镇魂状态:","","plugin-source/v10-source-restoration/qP09WjBc7nUNQOcDDy3/L1ya6XBSPGoekkP8WeX.cs","910"
"plugin-core","qP09WjBc7nUNQOcDDy3.L1ya6XBSPGoekkP8WeX","TUPBMyTp98","case AllEnums.属性名字Type.解除化功状态:","","plugin-source/v10-source-restoration/qP09WjBc7nUNQOcDDy3/L1ya6XBSPGoekkP8WeX.cs","913"
"plugin-core","qP09WjBc7nUNQOcDDy3.L1ya6XBSPGoekkP8WeX","TUPBMyTp98","case AllEnums.属性名字Type.解除水牢状态:","","plugin-source/v10-source-restoration/qP09WjBc7nUNQOcDDy3/L1ya6XBSPGoekkP8WeX.cs","916"
"plugin-core","qP09WjBc7nUNQOcDDy3.L1ya6XBSPGoekkP8WeX","TUPBMyTp98","case AllEnums.属性名字Type.解除锁灵状态:","","plugin-source/v10-source-restoration/qP09WjBc7nUNQOcDDy3/L1ya6XBSPGoekkP8WeX.cs","919"
"plugin-core","qP09WjBc7nUNQOcDDy3.L1ya6XBSPGoekkP8WeX","TUPBMyTp98","case AllEnums.属性名字Type.解除迷心状态:","","plugin-source/v10-source-restoration/qP09WjBc7nUNQOcDDy3/L1ya6XBSPGoekkP8WeX.cs","922"
"plugin-core","qP09WjBc7nUNQOcDDy3.L1ya6XBSPGoekkP8WeX","TUPBMyTp98","case AllEnums.属性名字Type.强力镇魂:","","plugin-source/v10-source-restoration/qP09WjBc7nUNQOcDDy3/L1ya6XBSPGoekkP8WeX.cs","925"
"plugin-core","qP09WjBc7nUNQOcDDy3.L1ya6XBSPGoekkP8WeX","TUPBMyTp98","case AllEnums.属性名字Type.强力化功:","","plugin-source/v10-source-restoration/qP09WjBc7nUNQOcDDy3/L1ya6XBSPGoekkP8WeX.cs","928"
"plugin-core","qP09WjBc7nUNQOcDDy3.L1ya6XBSPGoekkP8WeX","TUPBMyTp98","case AllEnums.属性名字Type.强力水牢:","","plugin-source/v10-source-restoration/qP09WjBc7nUNQOcDDy3/L1ya6XBSPGoekkP8WeX.cs","931"
"plugin-core","qP09WjBc7nUNQOcDDy3.L1ya6XBSPGoekkP8WeX","TUPBMyTp98","case AllEnums.属性名字Type.强力锁灵:","","plugin-source/v10-source-restoration/qP09WjBc7nUNQOcDDy3/L1ya6XBSPGoekkP8WeX.cs","934"
"plugin-core","qP09WjBc7nUNQOcDDy3.L1ya6XBSPGoekkP8WeX","TUPBMyTp98","case AllEnums.属性名字Type.强力迷心:","","plugin-source/v10-source-restoration/qP09WjBc7nUNQOcDDy3/L1ya6XBSPGoekkP8WeX.cs","937"
"plugin-core","QuSFUe6R0602j4mCi3W.V5YtDM6KCytDucgVcpG","vFd6dErhDH","case 87:","Goc6sZFhHS","plugin-source/v10-source-restoration/QuSFUe6R0602j4mCi3W/V5YtDM6KCytDucgVcpG.cs","52"
"plugin-core","QuSFUe6R0602j4mCi3W.V5YtDM6KCytDucgVcpG","vFd6dErhDH","case 81:","S0L6gdWjIE","plugin-source/v10-source-restoration/QuSFUe6R0602j4mCi3W/V5YtDM6KCytDucgVcpG.cs","54"
"plugin-core","QuSFUe6R0602j4mCi3W.V5YtDM6KCytDucgVcpG","vFd6dErhDH","case 73:","Xyb6Wdykta","plugin-source/v10-source-restoration/QuSFUe6R0602j4mCi3W/V5YtDM6KCytDucgVcpG.cs","56"
"plugin-core","QuSFUe6R0602j4mCi3W.V5YtDM6KCytDucgVcpG","vFd6dErhDH","case 95:","iJp6DjCFdb","plugin-source/v10-source-restoration/QuSFUe6R0602j4mCi3W/V5YtDM6KCytDucgVcpG.cs","58"
"plugin-core","QuSFUe6R0602j4mCi3W.V5YtDM6KCytDucgVcpG","vFd6dErhDH","case 96:","H7a6jhC5DP","plugin-source/v10-source-restoration/QuSFUe6R0602j4mCi3W/V5YtDM6KCytDucgVcpG.cs","60"
"plugin-core","QuSFUe6R0602j4mCi3W.V5YtDM6KCytDucgVcpG","vFd6dErhDH","case 82:","DBF6lQpbgi","plugin-source/v10-source-restoration/QuSFUe6R0602j4mCi3W/V5YtDM6KCytDucgVcpG.cs","62"
"plugin-core","QuSFUe6R0602j4mCi3W.V5YtDM6KCytDucgVcpG","vFd6dErhDH","case 118:","W9a68pDhWf","plugin-source/v10-source-restoration/QuSFUe6R0602j4mCi3W/V5YtDM6KCytDucgVcpG.cs","64"
"plugin-core","QuSFUe6R0602j4mCi3W.V5YtDM6KCytDucgVcpG","vFd6dErhDH","case 57:","h5S6IPAjYq","plugin-source/v10-source-restoration/QuSFUe6R0602j4mCi3W/V5YtDM6KCytDucgVcpG.cs","66"
"plugin-core","QuSFUe6R0602j4mCi3W.V5YtDM6KCytDucgVcpG","vFd6dErhDH","case 111:","Lqj6oQHceB","plugin-source/v10-source-restoration/QuSFUe6R0602j4mCi3W/V5YtDM6KCytDucgVcpG.cs","68"
"plugin-core","QuSFUe6R0602j4mCi3W.V5YtDM6KCytDucgVcpG","vFd6dErhDH","case 98:","PA86NMJElG","plugin-source/v10-source-restoration/QuSFUe6R0602j4mCi3W/V5YtDM6KCytDucgVcpG.cs","70"
"plugin-core","QuSFUe6R0602j4mCi3W.V5YtDM6KCytDucgVcpG","vFd6dErhDH","case 49:","wZV6iw1MD5","plugin-source/v10-source-restoration/QuSFUe6R0602j4mCi3W/V5YtDM6KCytDucgVcpG.cs","72"
"plugin-core","QuSFUe6R0602j4mCi3W.V5YtDM6KCytDucgVcpG","vFd6dErhDH","case 51:","Wf86BS4a3s","plugin-source/v10-source-restoration/QuSFUe6R0602j4mCi3W/V5YtDM6KCytDucgVcpG.cs","74"
"plugin-core","QuSFUe6R0602j4mCi3W.V5YtDM6KCytDucgVcpG","vFd6dErhDH","case 102:","WFv6GxVgnU","plugin-source/v10-source-restoration/QuSFUe6R0602j4mCi3W/V5YtDM6KCytDucgVcpG.cs","76"
"plugin-core","QuSFUe6R0602j4mCi3W.V5YtDM6KCytDucgVcpG","vFd6dErhDH","case 64:","NfA6frx9Hk","plugin-source/v10-source-restoration/QuSFUe6R0602j4mCi3W/V5YtDM6KCytDucgVcpG.cs","78"
"plugin-core","QuSFUe6R0602j4mCi3W.V5YtDM6KCytDucgVcpG","vFd6dErhDH","case 114:","Ifi66qONDK","plugin-source/v10-source-restoration/QuSFUe6R0602j4mCi3W/V5YtDM6KCytDucgVcpG.cs","80"
"plugin-core","QuSFUe6R0602j4mCi3W.V5YtDM6KCytDucgVcpG","vFd6dErhDH","case 116:","pZG62LSxUN","plugin-source/v10-source-restoration/QuSFUe6R0602j4mCi3W/V5YtDM6KCytDucgVcpG.cs","82"
"plugin-core","QuSFUe6R0602j4mCi3W.V5YtDM6KCytDucgVcpG","vFd6dErhDH","case 117:","K7x6Pwt0jJ","plugin-source/v10-source-restoration/QuSFUe6R0602j4mCi3W/V5YtDM6KCytDucgVcpG.cs","84"
"plugin-core","QuSFUe6R0602j4mCi3W.V5YtDM6KCytDucgVcpG","vFd6dErhDH","case 109:","P_0.C_Send; Singleton<WdAPI>.I.提示_中心提醒","plugin-source/v10-source-restoration/QuSFUe6R0602j4mCi3W/V5YtDM6KCytDucgVcpG.cs","86"
"plugin-core","QuSFUe6R0602j4mCi3W.V5YtDM6KCytDucgVcpG","vFd6dErhDH","case 71:","aIr6Ude4pb","plugin-source/v10-source-restoration/QuSFUe6R0602j4mCi3W/V5YtDM6KCytDucgVcpG.cs","93"
"plugin-core","R8lTaqgbEc6MvH2j6n0.p63Ra5gwg6vJ45gPiim","gxFgWodoAU","case 8:","P_0.C_Send; Singleton<WdAPI>.I.提示_中心提醒; Singleton<WdAPI>.I.提示_提醒和杂项公告; VpsgUOZA43","plugin-source/v10-source-restoration/R8lTaqgbEc6MvH2j6n0/p63Ra5gwg6vJ45gPiim.cs","856"
"plugin-core","R8lTaqgbEc6MvH2j6n0.p63Ra5gwg6vJ45gPiim","gxFgWodoAU","case '1':","P_0.C_Send; Singleton<WdAPI>.I.提示_中心提醒; Singleton<WdAPI>.I.提示_提醒和杂项公告; VpsgUOZA43","plugin-source/v10-source-restoration/R8lTaqgbEc6MvH2j6n0/p63Ra5gwg6vJ45gPiim.cs","859"
"plugin-core","R8lTaqgbEc6MvH2j6n0.p63Ra5gwg6vJ45gPiim","gxFgWodoAU","case '2':","P_0.C_Send; Singleton<WdAPI>.I.提示_中心提醒; Singleton<WdAPI>.I.提示_提醒和杂项公告; VpsgUOZA43","plugin-source/v10-source-restoration/R8lTaqgbEc6MvH2j6n0/p63Ra5gwg6vJ45gPiim.cs","881"
"plugin-core","R8lTaqgbEc6MvH2j6n0.p63Ra5gwg6vJ45gPiim","gxFgWodoAU","case '3':","P_0.C_Send; Singleton<WdAPI>.I.提示_中心提醒; Singleton<WdAPI>.I.提示_提醒和杂项公告; VpsgUOZA43","plugin-source/v10-source-restoration/R8lTaqgbEc6MvH2j6n0/p63Ra5gwg6vJ45gPiim.cs","903"
"plugin-core","R8lTaqgbEc6MvH2j6n0.p63Ra5gwg6vJ45gPiim","gxFgWodoAU","case '4':","P_0.C_Send; Singleton<WdAPI>.I.提示_中心提醒; Singleton<WdAPI>.I.提示_提醒和杂项公告; VpsgUOZA43","plugin-source/v10-source-restoration/R8lTaqgbEc6MvH2j6n0/p63Ra5gwg6vJ45gPiim.cs","925"
"plugin-core","R8lTaqgbEc6MvH2j6n0.p63Ra5gwg6vJ45gPiim","gxFgWodoAU","case '5':","P_0.C_Send; Singleton<WdAPI>.I.提示_中心提醒; Singleton<WdAPI>.I.提示_提醒和杂项公告; VpsgUOZA43","plugin-source/v10-source-restoration/R8lTaqgbEc6MvH2j6n0/p63Ra5gwg6vJ45gPiim.cs","947"
"plugin-core","R8lTaqgbEc6MvH2j6n0.p63Ra5gwg6vJ45gPiim","gxFgWodoAU","case '6':","P_0.C_Send; Singleton<WdAPI>.I.提示_中心提醒; Singleton<WdAPI>.I.提示_提醒和杂项公告; VpsgUOZA43","plugin-source/v10-source-restoration/R8lTaqgbEc6MvH2j6n0/p63Ra5gwg6vJ45gPiim.cs","969"
"plugin-core","R8lTaqgbEc6MvH2j6n0.p63Ra5gwg6vJ45gPiim","gxFgWodoAU","case '7':","P_0.C_Send; Singleton<WdAPI>.I.提示_中心提醒; Singleton<WdAPI>.I.提示_提醒和杂项公告; VpsgUOZA43","plugin-source/v10-source-restoration/R8lTaqgbEc6MvH2j6n0/p63Ra5gwg6vJ45gPiim.cs","991"
"plugin-core","R8lTaqgbEc6MvH2j6n0.p63Ra5gwg6vJ45gPiim","gxFgWodoAU","case '8':","P_0.C_Send; Singleton<WdAPI>.I.提示_中心提醒; Singleton<WdAPI>.I.提示_提醒和杂项公告; VpsgUOZA43","plugin-source/v10-source-restoration/R8lTaqgbEc6MvH2j6n0/p63Ra5gwg6vJ45gPiim.cs","1013"
"plugin-core","R8lTaqgbEc6MvH2j6n0.p63Ra5gwg6vJ45gPiim","gxFgWodoAU","case '9':","P_0.C_Send; Singleton<WdAPI>.I.提示_中心提醒; Singleton<WdAPI>.I.提示_提醒和杂项公告; VpsgUOZA43","plugin-source/v10-source-restoration/R8lTaqgbEc6MvH2j6n0/p63Ra5gwg6vJ45gPiim.cs","1035"
"plugin-core","R8lTaqgbEc6MvH2j6n0.p63Ra5gwg6vJ45gPiim","gxFgWodoAU","case 7:","P_0.C_Send; Singleton<WdAPI>.I.提示_中心提醒; Singleton<WdAPI>.I.提示_提醒和杂项公告; VpsgUOZA43","plugin-source/v10-source-restoration/R8lTaqgbEc6MvH2j6n0/p63Ra5gwg6vJ45gPiim.cs","1059"
"plugin-core","R8lTaqgbEc6MvH2j6n0.p63Ra5gwg6vJ45gPiim","gxFgWodoAU","case 9:","P_0.C_Send; Singleton<WdAPI>.I.提示_中心提醒; Singleton<WdAPI>.I.提示_提醒和杂项公告; VpsgUOZA43","plugin-source/v10-source-restoration/R8lTaqgbEc6MvH2j6n0/p63Ra5gwg6vJ45gPiim.cs","1081"
"plugin-core","S0XwWmgI18jlYE3IPoe.VlLcswg81JdPCi5w8lm","WSBg61P3ED","case 0:","","plugin-source/v10-source-restoration/S0XwWmgI18jlYE3IPoe/VlLcswg81JdPCi5w8lm.cs","148"
"plugin-core","S0XwWmgI18jlYE3IPoe.VlLcswg81JdPCi5w8lm","WSBg61P3ED","case 1:","","plugin-source/v10-source-restoration/S0XwWmgI18jlYE3IPoe/VlLcswg81JdPCi5w8lm.cs","150"
"plugin-core","S0XwWmgI18jlYE3IPoe.VlLcswg81JdPCi5w8lm","WSBg61P3ED","case 2:","","plugin-source/v10-source-restoration/S0XwWmgI18jlYE3IPoe/VlLcswg81JdPCi5w8lm.cs","152"
"plugin-core","S0XwWmgI18jlYE3IPoe.VlLcswg81JdPCi5w8lm","WSBg61P3ED","case 3:","","plugin-source/v10-source-restoration/S0XwWmgI18jlYE3IPoe/VlLcswg81JdPCi5w8lm.cs","154"
"plugin-core","S0XwWmgI18jlYE3IPoe.VlLcswg81JdPCi5w8lm","WSBg61P3ED","case 4:","","plugin-source/v10-source-restoration/S0XwWmgI18jlYE3IPoe/VlLcswg81JdPCi5w8lm.cs","156"
"plugin-core","S0XwWmgI18jlYE3IPoe.VlLcswg81JdPCi5w8lm","WSBg61P3ED","default:","","plugin-source/v10-source-restoration/S0XwWmgI18jlYE3IPoe/VlLcswg81JdPCi5w8lm.cs","158"
"plugin-core","SGIgOgiC7KPqObpOnGQ.z4BxVniyeUkxpq0lEyg","Vh8iEHMoNM","case 1:","","plugin-source/v10-source-restoration/SGIgOgiC7KPqObpOnGQ/z4BxVniyeUkxpq0lEyg.cs","275"
"plugin-core","SGIgOgiC7KPqObpOnGQ.z4BxVniyeUkxpq0lEyg","Vh8iEHMoNM","case 101:","Singleton<BpcEfFbiGBBV3s2B0ai>.I.a3KbMq9b3m","plugin-source/v10-source-restoration/SGIgOgiC7KPqObpOnGQ/z4BxVniyeUkxpq0lEyg.cs","277"
"plugin-core","SGIgOgiC7KPqObpOnGQ.z4BxVniyeUkxpq0lEyg","Vh8iEHMoNM","case 102:","Singleton<FoohJvKhxbMTfceeiIF>.I.QRkK1vRkbM","plugin-source/v10-source-restoration/SGIgOgiC7KPqObpOnGQ/z4BxVniyeUkxpq0lEyg.cs","280"
"plugin-core","SGIgOgiC7KPqObpOnGQ.z4BxVniyeUkxpq0lEyg","Vh8iEHMoNM","case 103:","Singleton<iRGieud4qtscW6ESmxk>.I.gMQdzSPHss","plugin-source/v10-source-restoration/SGIgOgiC7KPqObpOnGQ/z4BxVniyeUkxpq0lEyg.cs","283"
"plugin-core","SGIgOgiC7KPqObpOnGQ.z4BxVniyeUkxpq0lEyg","Vh8iEHMoNM","case 104:","Singleton<浮生录功能>.I.KbNUOy4Ia4","plugin-source/v10-source-restoration/SGIgOgiC7KPqObpOnGQ/z4BxVniyeUkxpq0lEyg.cs","286"
"plugin-core","SGIgOgiC7KPqObpOnGQ.z4BxVniyeUkxpq0lEyg","Vh8iEHMoNM","case 105:","Singleton<L4IbybsayJA7RG5d8t7>.I.B89sxUWGsQ","plugin-source/v10-source-restoration/SGIgOgiC7KPqObpOnGQ/z4BxVniyeUkxpq0lEyg.cs","289"
"plugin-core","SGIgOgiC7KPqObpOnGQ.z4BxVniyeUkxpq0lEyg","Vh8iEHMoNM","case 106:","Singleton<t3Hr1lRCL4Z1QF9uWXP>.I.pd8RpcUfjD","plugin-source/v10-source-restoration/SGIgOgiC7KPqObpOnGQ/z4BxVniyeUkxpq0lEyg.cs","292"
"plugin-core","SGIgOgiC7KPqObpOnGQ.z4BxVniyeUkxpq0lEyg","Vh8iEHMoNM","case 107:","Singleton<FoINHjWh9BHxZ3BiiA5>.I.tZtWC1Sb6L","plugin-source/v10-source-restoration/SGIgOgiC7KPqObpOnGQ/z4BxVniyeUkxpq0lEyg.cs","295"
"plugin-core","SGIgOgiC7KPqObpOnGQ.z4BxVniyeUkxpq0lEyg","Vh8iEHMoNM","case 110:","Singleton<AZI1HsR8MjRfegmETY5>.I.aKnRf5NpSf","plugin-source/v10-source-restoration/SGIgOgiC7KPqObpOnGQ/z4BxVniyeUkxpq0lEyg.cs","298"
"plugin-core","SGIgOgiC7KPqObpOnGQ.z4BxVniyeUkxpq0lEyg","Vh8iEHMoNM","case 111:","Singleton<MtacAPJOeul0knZiQar>.I.QJuJeZX6Kr","plugin-source/v10-source-restoration/SGIgOgiC7KPqObpOnGQ/z4BxVniyeUkxpq0lEyg.cs","301"
"plugin-core","SGIgOgiC7KPqObpOnGQ.z4BxVniyeUkxpq0lEyg","Vh8iEHMoNM","default:","Singleton<全局变量类>.I.超级NPC配置.NPC列表.Any; Singleton<超级NPC功能>.I.超级NPC点击对话","plugin-source/v10-source-restoration/SGIgOgiC7KPqObpOnGQ/z4BxVniyeUkxpq0lEyg.cs","304"
"plugin-core","SuTsFOBHSZNdBh5bUZB.mQEQjEBxYW4SsAecBHJ","FiSBAZIO6W","case 1:","封包_读2.读字节型","plugin-source/v10-source-restoration/SuTsFOBHSZNdBh5bUZB/mQEQjEBxYW4SsAecBHJ.cs","1097"
"plugin-core","SuTsFOBHSZNdBh5bUZB.mQEQjEBxYW4SsAecBHJ","FiSBAZIO6W","case 2:","封包_读2.读短整数型; Enumerable.SequenceEqual","plugin-source/v10-source-restoration/SuTsFOBHSZNdBh5bUZB/mQEQjEBxYW4SsAecBHJ.cs","1100"
"plugin-core","SuTsFOBHSZNdBh5bUZB.mQEQjEBxYW4SsAecBHJ","FiSBAZIO6W","case 3:","封包_读2.读整数型; Enumerable.SequenceEqual","plugin-source/v10-source-restoration/SuTsFOBHSZNdBh5bUZB/mQEQjEBxYW4SsAecBHJ.cs","1119"
"plugin-core","SuTsFOBHSZNdBh5bUZB.mQEQjEBxYW4SsAecBHJ","FiSBAZIO6W","case 4:","封包_读2.读文本型; Enumerable.SequenceEqual","plugin-source/v10-source-restoration/SuTsFOBHSZNdBh5bUZB/mQEQjEBxYW4SsAecBHJ.cs","1142"
"plugin-core","SuTsFOBHSZNdBh5bUZB.mQEQjEBxYW4SsAecBHJ","FiSBAZIO6W","case 6:","封包_读2.读字节型","plugin-source/v10-source-restoration/SuTsFOBHSZNdBh5bUZB/mQEQjEBxYW4SsAecBHJ.cs","1153"
"plugin-core","SuTsFOBHSZNdBh5bUZB.mQEQjEBxYW4SsAecBHJ","FiSBAZIO6W","case 7:","封包_读2.读短整数型","plugin-source/v10-source-restoration/SuTsFOBHSZNdBh5bUZB/mQEQjEBxYW4SsAecBHJ.cs","1156"
"plugin-core","SuTsFOBHSZNdBh5bUZB.mQEQjEBxYW4SsAecBHJ","d4tGunb9sP","case 1:","封包_读2.读字节型","plugin-source/v10-source-restoration/SuTsFOBHSZNdBh5bUZB/mQEQjEBxYW4SsAecBHJ.cs","1243"
"plugin-core","SuTsFOBHSZNdBh5bUZB.mQEQjEBxYW4SsAecBHJ","d4tGunb9sP","case 2:","封包_读2.读短整数型; Enumerable.SequenceEqual","plugin-source/v10-source-restoration/SuTsFOBHSZNdBh5bUZB/mQEQjEBxYW4SsAecBHJ.cs","1246"
"plugin-core","SuTsFOBHSZNdBh5bUZB.mQEQjEBxYW4SsAecBHJ","d4tGunb9sP","case 3:","封包_读2.读整数型; Enumerable.SequenceEqual","plugin-source/v10-source-restoration/SuTsFOBHSZNdBh5bUZB/mQEQjEBxYW4SsAecBHJ.cs","1265"
"plugin-core","SuTsFOBHSZNdBh5bUZB.mQEQjEBxYW4SsAecBHJ","d4tGunb9sP","case 4:","封包_读2.读文本型; Enumerable.SequenceEqual","plugin-source/v10-source-restoration/SuTsFOBHSZNdBh5bUZB/mQEQjEBxYW4SsAecBHJ.cs","1288"
"plugin-core","SuTsFOBHSZNdBh5bUZB.mQEQjEBxYW4SsAecBHJ","d4tGunb9sP","case 6:","封包_读2.读字节型","plugin-source/v10-source-restoration/SuTsFOBHSZNdBh5bUZB/mQEQjEBxYW4SsAecBHJ.cs","1299"
"plugin-core","SuTsFOBHSZNdBh5bUZB.mQEQjEBxYW4SsAecBHJ","d4tGunb9sP","case 7:","封包_读2.读短整数型","plugin-source/v10-source-restoration/SuTsFOBHSZNdBh5bUZB/mQEQjEBxYW4SsAecBHJ.cs","1302"
"plugin-core","swC6eeDmDlHvujbhoCw.SSW8tHD2MvRIUVygbNo","TTdDSExcHm","case AllEnums.数值Type.金元宝:","DB.I.cAJNoOkab6","plugin-source/v10-source-restoration/swC6eeDmDlHvujbhoCw/SSW8tHD2MvRIUVygbNo.cs","76"
"plugin-core","swC6eeDmDlHvujbhoCw.SSW8tHD2MvRIUVygbNo","TTdDSExcHm","case AllEnums.数值Type.银元宝:","DB.I.cAJNoOkab6","plugin-source/v10-source-restoration/swC6eeDmDlHvujbhoCw/SSW8tHD2MvRIUVygbNo.cs","79"
"plugin-core","swC6eeDmDlHvujbhoCw.SSW8tHD2MvRIUVygbNo","TTdDSExcHm","case AllEnums.数值Type.金钱:","Singleton<WdAPI>.I.PndoGw5lW7","plugin-source/v10-source-restoration/swC6eeDmDlHvujbhoCw/SSW8tHD2MvRIUVygbNo.cs","82"
"plugin-core","swC6eeDmDlHvujbhoCw.SSW8tHD2MvRIUVygbNo","TTdDSExcHm","case AllEnums.数值Type.累充点:","Singleton<WdAPI>.I.PndoGw5lW7","plugin-source/v10-source-restoration/swC6eeDmDlHvujbhoCw/SSW8tHD2MvRIUVygbNo.cs","85"
"plugin-core","swC6eeDmDlHvujbhoCw.SSW8tHD2MvRIUVygbNo","TTdDSExcHm","case AllEnums.数值Type.南极点:","Singleton<WdAPI>.I.PndoGw5lW7","plugin-source/v10-source-restoration/swC6eeDmDlHvujbhoCw/SSW8tHD2MvRIUVygbNo.cs","88"
"plugin-core","swC6eeDmDlHvujbhoCw.SSW8tHD2MvRIUVygbNo","TTdDSExcHm","case AllEnums.数值Type.道具:","Singleton<WdAPI>.I.PndoGw5lW7","plugin-source/v10-source-restoration/swC6eeDmDlHvujbhoCw/SSW8tHD2MvRIUVygbNo.cs","91"
"plugin-core","swC6eeDmDlHvujbhoCw.SSW8tHD2MvRIUVygbNo","TTdDSExcHm","case AllEnums.数值Type.奇宝点:","Singleton<WdAPI>.I.PndoGw5lW7","plugin-source/v10-source-restoration/swC6eeDmDlHvujbhoCw/SSW8tHD2MvRIUVygbNo.cs","94"
"plugin-core","swC6eeDmDlHvujbhoCw.SSW8tHD2MvRIUVygbNo","zjBDcFQnMU","case AllEnums.数值Type.金元宝:","DB.I.cAJNoOkab6","plugin-source/v10-source-restoration/swC6eeDmDlHvujbhoCw/SSW8tHD2MvRIUVygbNo.cs","131"
"plugin-core","swC6eeDmDlHvujbhoCw.SSW8tHD2MvRIUVygbNo","zjBDcFQnMU","case AllEnums.数值Type.银元宝:","DB.I.cAJNoOkab6","plugin-source/v10-source-restoration/swC6eeDmDlHvujbhoCw/SSW8tHD2MvRIUVygbNo.cs","134"
"plugin-core","swC6eeDmDlHvujbhoCw.SSW8tHD2MvRIUVygbNo","zjBDcFQnMU","case AllEnums.数值Type.金钱:","Singleton<WdAPI>.I.PndoGw5lW7","plugin-source/v10-source-restoration/swC6eeDmDlHvujbhoCw/SSW8tHD2MvRIUVygbNo.cs","137"
"plugin-core","swC6eeDmDlHvujbhoCw.SSW8tHD2MvRIUVygbNo","zjBDcFQnMU","case AllEnums.数值Type.累充点:","","plugin-source/v10-source-restoration/swC6eeDmDlHvujbhoCw/SSW8tHD2MvRIUVygbNo.cs","140"
"plugin-core","swC6eeDmDlHvujbhoCw.SSW8tHD2MvRIUVygbNo","zjBDcFQnMU","case AllEnums.数值Type.南极点:","Singleton<WdAPI>.I.PndoGw5lW7","plugin-source/v10-source-restoration/swC6eeDmDlHvujbhoCw/SSW8tHD2MvRIUVygbNo.cs","143"
"plugin-core","swC6eeDmDlHvujbhoCw.SSW8tHD2MvRIUVygbNo","zjBDcFQnMU","case AllEnums.数值Type.道具:","Singleton<WdAPI>.I.PndoGw5lW7","plugin-source/v10-source-restoration/swC6eeDmDlHvujbhoCw/SSW8tHD2MvRIUVygbNo.cs","146"
"plugin-core","swC6eeDmDlHvujbhoCw.SSW8tHD2MvRIUVygbNo","zjBDcFQnMU","case AllEnums.数值Type.奇宝点:","Singleton<WdAPI>.I.PndoGw5lW7","plugin-source/v10-source-restoration/swC6eeDmDlHvujbhoCw/SSW8tHD2MvRIUVygbNo.cs","149"
"plugin-core","UbblDNG1yFpxk6Q0ui4.YHfw7nGpg7WfdCBKDH4","wEwGqeJbdD","case 8165:","P_0.C_Send; Singleton<WdAPI>.I.提示_中心提醒; P_1.ToString","plugin-source/v10-source-restoration/UbblDNG1yFpxk6Q0ui4/YHfw7nGpg7WfdCBKDH4.cs","482"
"plugin-core","UbblDNG1yFpxk6Q0ui4.YHfw7nGpg7WfdCBKDH4","wEwGqeJbdD","case 2829:","P_0.C_Send; Singleton<WdAPI>.I.提示_杂项公告; P_1.ToString","plugin-source/v10-source-restoration/UbblDNG1yFpxk6Q0ui4/YHfw7nGpg7WfdCBKDH4.cs","485"
"plugin-core","UbblDNG1yFpxk6Q0ui4.YHfw7nGpg7WfdCBKDH4","WbyGrSj3WK","case 1:","封包_读2.读字节型; Enumerable.SequenceEqual; Singleton<ByteAPI>.I.HtoC; 封包_写3.写字节型","plugin-source/v10-source-restoration/UbblDNG1yFpxk6Q0ui4/YHfw7nGpg7WfdCBKDH4.cs","557"
"plugin-core","UbblDNG1yFpxk6Q0ui4.YHfw7nGpg7WfdCBKDH4","WbyGrSj3WK","case 2:","封包_读2.读短整数型; Enumerable.SequenceEqual; Singleton<ByteAPI>.I.HtoC; 封包_写3.写短整数型","plugin-source/v10-source-restoration/UbblDNG1yFpxk6Q0ui4/YHfw7nGpg7WfdCBKDH4.cs","570"
"plugin-core","UbblDNG1yFpxk6Q0ui4.YHfw7nGpg7WfdCBKDH4","WbyGrSj3WK","case 3:","封包_读2.读整数型; Enumerable.SequenceEqual; Singleton<ByteAPI>.I.HtoC; 封包_写3.写整数型","plugin-source/v10-source-restoration/UbblDNG1yFpxk6Q0ui4/YHfw7nGpg7WfdCBKDH4.cs","578"
"plugin-core","UbblDNG1yFpxk6Q0ui4.YHfw7nGpg7WfdCBKDH4","WbyGrSj3WK","case 4:","封包_读2.读文本型; Enumerable.SequenceEqual; Singleton<ByteAPI>.I.取文本左边; 封包_写3.写文本型","plugin-source/v10-source-restoration/UbblDNG1yFpxk6Q0ui4/YHfw7nGpg7WfdCBKDH4.cs","626"
"plugin-core","UbblDNG1yFpxk6Q0ui4.YHfw7nGpg7WfdCBKDH4","WbyGrSj3WK","case 6:","封包_读2.读字节型; Enumerable.SequenceEqual; 封包_写3.写字节型","plugin-source/v10-source-restoration/UbblDNG1yFpxk6Q0ui4/YHfw7nGpg7WfdCBKDH4.cs","658"
"plugin-core","UbblDNG1yFpxk6Q0ui4.YHfw7nGpg7WfdCBKDH4","WbyGrSj3WK","case 7:","封包_读2.读短整数型; 封包_写3.写短整数型","plugin-source/v10-source-restoration/UbblDNG1yFpxk6Q0ui4/YHfw7nGpg7WfdCBKDH4.cs","670"
"plugin-core","UbblDNG1yFpxk6Q0ui4.YHfw7nGpg7WfdCBKDH4","WbyGrSj3WK","case 1:","物品信息类2.装备属性列表.Add","plugin-source/v10-source-restoration/UbblDNG1yFpxk6Q0ui4/YHfw7nGpg7WfdCBKDH4.cs","679"
"plugin-core","UbblDNG1yFpxk6Q0ui4.YHfw7nGpg7WfdCBKDH4","WbyGrSj3WK","case 2:","物品信息类2.装备属性列表.Add","plugin-source/v10-source-restoration/UbblDNG1yFpxk6Q0ui4/YHfw7nGpg7WfdCBKDH4.cs","687"
"plugin-core","UbblDNG1yFpxk6Q0ui4.YHfw7nGpg7WfdCBKDH4","WbyGrSj3WK","case 3:","物品信息类2.装备属性列表.Add","plugin-source/v10-source-restoration/UbblDNG1yFpxk6Q0ui4/YHfw7nGpg7WfdCBKDH4.cs","695"
"plugin-core","UbblDNG1yFpxk6Q0ui4.YHfw7nGpg7WfdCBKDH4","WbyGrSj3WK","case 6:","物品信息类2.装备属性列表.Add","plugin-source/v10-source-restoration/UbblDNG1yFpxk6Q0ui4/YHfw7nGpg7WfdCBKDH4.cs","703"
"plugin-core","UbblDNG1yFpxk6Q0ui4.YHfw7nGpg7WfdCBKDH4","WbyGrSj3WK","case 7:","物品信息类2.装备属性列表.Add","plugin-source/v10-source-restoration/UbblDNG1yFpxk6Q0ui4/YHfw7nGpg7WfdCBKDH4.cs","711"
"plugin-core","UbblDNG1yFpxk6Q0ui4.YHfw7nGpg7WfdCBKDH4","x4jGZGHH44","case AllEnums.数值Type.累充点:","defaultInterpolatedStringHandler.AppendLiteral; defaultInterpolatedStringHandler.AppendFormatted; P_0.C_Send; i8.提示_杂项公告; defaultInterpolatedStringHandler.ToStringAndClear","plugin-source/v10-source-restoration/UbblDNG1yFpxk6Q0ui4/YHfw7nGpg7WfdCBKDH4.cs","814"
"plugin-core","UbblDNG1yFpxk6Q0ui4.YHfw7nGpg7WfdCBKDH4","x4jGZGHH44","case AllEnums.数值Type.南极点:","defaultInterpolatedStringHandler.AppendLiteral; defaultInterpolatedStringHandler.AppendFormatted; P_0.C_Send; i7.提示_杂项公告; defaultInterpolatedStringHandler.ToStringAndClear","plugin-source/v10-source-restoration/UbblDNG1yFpxk6Q0ui4/YHfw7nGpg7WfdCBKDH4.cs","824"
"plugin-core","UbblDNG1yFpxk6Q0ui4.YHfw7nGpg7WfdCBKDH4","x4jGZGHH44","case AllEnums.数值Type.奇宝点:","defaultInterpolatedStringHandler.AppendLiteral; defaultInterpolatedStringHandler.AppendFormatted; P_0.C_Send; i6.提示_杂项公告; defaultInterpolatedStringHandler.ToStringAndClear","plugin-source/v10-source-restoration/UbblDNG1yFpxk6Q0ui4/YHfw7nGpg7WfdCBKDH4.cs","834"
"plugin-core","UbblDNG1yFpxk6Q0ui4.YHfw7nGpg7WfdCBKDH4","x4jGZGHH44","case AllEnums.数值Type.灵气值:","defaultInterpolatedStringHandler.AppendLiteral; defaultInterpolatedStringHandler.AppendFormatted; P_0.C_Send; i5.提示_杂项公告; defaultInterpolatedStringHandler.ToStringAndClear","plugin-source/v10-source-restoration/UbblDNG1yFpxk6Q0ui4/YHfw7nGpg7WfdCBKDH4.cs","844"
"plugin-core","UbblDNG1yFpxk6Q0ui4.YHfw7nGpg7WfdCBKDH4","x4jGZGHH44","case AllEnums.数值Type.道具:","defaultInterpolatedStringHandler.AppendLiteral; defaultInterpolatedStringHandler.AppendFormatted; i3.提示_杂项公告; defaultInterpolatedStringHandler.ToStringAndClear; P_0.C_Send; first.Concat(i4.提示_杂项公告(defaultInterpolatedStringHandler.ToStringAndClear())).ToArray; first.Concat; i4.提示_杂项公告","plugin-source/v10-source-restoration/UbblDNG1yFpxk6Q0ui4/YHfw7nGpg7WfdCBKDH4.cs","854"
"plugin-core","UbblDNG1yFpxk6Q0ui4.YHfw7nGpg7WfdCBKDH4","QJSfwnhYfW","case AllEnums.数值Type.金元宝:","CS_0024_003C_003E8__locals64.bEDTBZXasT.C_Send; Singleton<WdAPI>.I.提示_中心提醒; Singleton<WdAPI>.I.PndoGw5lW7","plugin-source/v10-source-restoration/UbblDNG1yFpxk6Q0ui4/YHfw7nGpg7WfdCBKDH4.cs","1068"
"plugin-core","UbblDNG1yFpxk6Q0ui4.YHfw7nGpg7WfdCBKDH4","QJSfwnhYfW","case AllEnums.数值Type.银元宝:","CS_0024_003C_003E8__locals64.bEDTBZXasT.C_Send; Singleton<WdAPI>.I.提示_中心提醒; Singleton<WdAPI>.I.PndoGw5lW7","plugin-source/v10-source-restoration/UbblDNG1yFpxk6Q0ui4/YHfw7nGpg7WfdCBKDH4.cs","1080"
"plugin-core","UbblDNG1yFpxk6Q0ui4.YHfw7nGpg7WfdCBKDH4","QJSfwnhYfW","case AllEnums.数值Type.累充点:","CS_0024_003C_003E8__locals64.bEDTBZXasT.C_Send; Singleton<WdAPI>.I.提示_中心提醒; Singleton<WdAPI>.I.PndoGw5lW7","plugin-source/v10-source-restoration/UbblDNG1yFpxk6Q0ui4/YHfw7nGpg7WfdCBKDH4.cs","1092"
"plugin-core","UbblDNG1yFpxk6Q0ui4.YHfw7nGpg7WfdCBKDH4","QJSfwnhYfW","case AllEnums.数值Type.南极点:","CS_0024_003C_003E8__locals64.bEDTBZXasT.C_Send; Singleton<WdAPI>.I.提示_中心提醒; Singleton<WdAPI>.I.PndoGw5lW7","plugin-source/v10-source-restoration/UbblDNG1yFpxk6Q0ui4/YHfw7nGpg7WfdCBKDH4.cs","1100"
"plugin-core","UbblDNG1yFpxk6Q0ui4.YHfw7nGpg7WfdCBKDH4","QJSfwnhYfW","case AllEnums.数值Type.奇宝点:","CS_0024_003C_003E8__locals64.bEDTBZXasT.C_Send; Singleton<WdAPI>.I.提示_中心提醒; Singleton<WdAPI>.I.PndoGw5lW7","plugin-source/v10-source-restoration/UbblDNG1yFpxk6Q0ui4/YHfw7nGpg7WfdCBKDH4.cs","1108"
"plugin-core","UbblDNG1yFpxk6Q0ui4.YHfw7nGpg7WfdCBKDH4","QJSfwnhYfW","case AllEnums.数值Type.灵气值:","CS_0024_003C_003E8__locals64.bEDTBZXasT.C_Send; Singleton<WdAPI>.I.提示_中心提醒; Singleton<WdAPI>.I.PndoGw5lW7","plugin-source/v10-source-restoration/UbblDNG1yFpxk6Q0ui4/YHfw7nGpg7WfdCBKDH4.cs","1116"
"plugin-core","UbblDNG1yFpxk6Q0ui4.YHfw7nGpg7WfdCBKDH4","QJSfwnhYfW","case AllEnums.数值Type.道具:","CS_0024_003C_003E8__locals64.bEDTBZXasT.C_Send; Singleton<WdAPI>.I.提示_中心提醒","plugin-source/v10-source-restoration/UbblDNG1yFpxk6Q0ui4/YHfw7nGpg7WfdCBKDH4.cs","1124"
"plugin-core","UbblDNG1yFpxk6Q0ui4.YHfw7nGpg7WfdCBKDH4","UNPfbU5Z1y","case AllEnums.数值Type.金元宝:","CS_0024_003C_003E8__locals67.N6iTmQa2bq.C_Send; Singleton<WdAPI>.I.提示_中心提醒","plugin-source/v10-source-restoration/UbblDNG1yFpxk6Q0ui4/YHfw7nGpg7WfdCBKDH4.cs","1286"
"plugin-core","UbblDNG1yFpxk6Q0ui4.YHfw7nGpg7WfdCBKDH4","UNPfbU5Z1y","case AllEnums.数值Type.银元宝:","CS_0024_003C_003E8__locals67.N6iTmQa2bq.C_Send; Singleton<WdAPI>.I.提示_中心提醒","plugin-source/v10-source-restoration/UbblDNG1yFpxk6Q0ui4/YHfw7nGpg7WfdCBKDH4.cs","1293"
"plugin-core","UbblDNG1yFpxk6Q0ui4.YHfw7nGpg7WfdCBKDH4","UNPfbU5Z1y","case AllEnums.数值Type.累充点:","CS_0024_003C_003E8__locals67.N6iTmQa2bq.C_Send; Singleton<WdAPI>.I.提示_中心提醒","plugin-source/v10-source-restoration/UbblDNG1yFpxk6Q0ui4/YHfw7nGpg7WfdCBKDH4.cs","1300"
"plugin-core","UbblDNG1yFpxk6Q0ui4.YHfw7nGpg7WfdCBKDH4","UNPfbU5Z1y","case AllEnums.数值Type.南极点:","CS_0024_003C_003E8__locals67.N6iTmQa2bq.C_Send; Singleton<WdAPI>.I.提示_中心提醒","plugin-source/v10-source-restoration/UbblDNG1yFpxk6Q0ui4/YHfw7nGpg7WfdCBKDH4.cs","1307"
"plugin-core","UbblDNG1yFpxk6Q0ui4.YHfw7nGpg7WfdCBKDH4","UNPfbU5Z1y","case AllEnums.数值Type.奇宝点:","CS_0024_003C_003E8__locals67.N6iTmQa2bq.C_Send; Singleton<WdAPI>.I.提示_中心提醒","plugin-source/v10-source-restoration/UbblDNG1yFpxk6Q0ui4/YHfw7nGpg7WfdCBKDH4.cs","1314"
"plugin-core","UbblDNG1yFpxk6Q0ui4.YHfw7nGpg7WfdCBKDH4","UNPfbU5Z1y","case AllEnums.数值Type.灵气值:","CS_0024_003C_003E8__locals67.N6iTmQa2bq.C_Send; Singleton<WdAPI>.I.提示_中心提醒","plugin-source/v10-source-restoration/UbblDNG1yFpxk6Q0ui4/YHfw7nGpg7WfdCBKDH4.cs","1321"
"plugin-core","UbblDNG1yFpxk6Q0ui4.YHfw7nGpg7WfdCBKDH4","UNPfbU5Z1y","case AllEnums.数值Type.金元宝:","defaultInterpolatedStringHandler3.AppendLiteral; defaultInterpolatedStringHandler3.AppendFormatted; i7.PndoGw5lW7; defaultInterpolatedStringHandler3.ToStringAndClear","plugin-source/v10-source-restoration/UbblDNG1yFpxk6Q0ui4/YHfw7nGpg7WfdCBKDH4.cs","1339"
"plugin-core","UbblDNG1yFpxk6Q0ui4.YHfw7nGpg7WfdCBKDH4","UNPfbU5Z1y","case AllEnums.数值Type.银元宝:","defaultInterpolatedStringHandler3.AppendLiteral; defaultInterpolatedStringHandler3.AppendFormatted; i6.PndoGw5lW7; defaultInterpolatedStringHandler3.ToStringAndClear","plugin-source/v10-source-restoration/UbblDNG1yFpxk6Q0ui4/YHfw7nGpg7WfdCBKDH4.cs","1351"
"plugin-core","UbblDNG1yFpxk6Q0ui4.YHfw7nGpg7WfdCBKDH4","UNPfbU5Z1y","case AllEnums.数值Type.累充点:","defaultInterpolatedStringHandler3.AppendLiteral; defaultInterpolatedStringHandler3.AppendFormatted; i5.PndoGw5lW7; defaultInterpolatedStringHandler3.ToStringAndClear","plugin-source/v10-source-restoration/UbblDNG1yFpxk6Q0ui4/YHfw7nGpg7WfdCBKDH4.cs","1363"
"plugin-core","UbblDNG1yFpxk6Q0ui4.YHfw7nGpg7WfdCBKDH4","UNPfbU5Z1y","case AllEnums.数值Type.南极点:","defaultInterpolatedStringHandler3.AppendLiteral; defaultInterpolatedStringHandler3.AppendFormatted; i4.PndoGw5lW7; defaultInterpolatedStringHandler3.ToStringAndClear","plugin-source/v10-source-restoration/UbblDNG1yFpxk6Q0ui4/YHfw7nGpg7WfdCBKDH4.cs","1375"
"plugin-core","UbblDNG1yFpxk6Q0ui4.YHfw7nGpg7WfdCBKDH4","UNPfbU5Z1y","case AllEnums.数值Type.奇宝点:","defaultInterpolatedStringHandler3.AppendLiteral; defaultInterpolatedStringHandler3.AppendFormatted; i3.PndoGw5lW7; defaultInterpolatedStringHandler3.ToStringAndClear","plugin-source/v10-source-restoration/UbblDNG1yFpxk6Q0ui4/YHfw7nGpg7WfdCBKDH4.cs","1387"
"plugin-core","UbblDNG1yFpxk6Q0ui4.YHfw7nGpg7WfdCBKDH4","UNPfbU5Z1y","case AllEnums.数值Type.灵气值:","defaultInterpolatedStringHandler3.AppendLiteral; defaultInterpolatedStringHandler3.AppendFormatted; i2.PndoGw5lW7; defaultInterpolatedStringHandler3.ToStringAndClear","plugin-source/v10-source-restoration/UbblDNG1yFpxk6Q0ui4/YHfw7nGpg7WfdCBKDH4.cs","1399"
"plugin-core","UbblDNG1yFpxk6Q0ui4.YHfw7nGpg7WfdCBKDH4","UNPfbU5Z1y","case AllEnums.数值Type.道具:","","plugin-source/v10-source-restoration/UbblDNG1yFpxk6Q0ui4/YHfw7nGpg7WfdCBKDH4.cs","1411"
"plugin-core","UbblDNG1yFpxk6Q0ui4.YHfw7nGpg7WfdCBKDH4._003C_003Ec__DisplayClass15_0","RrNT2inspK","case AllEnums.数值Type.金元宝:","defaultInterpolatedStringHandler.AppendLiteral; defaultInterpolatedStringHandler.AppendFormatted; i6.PndoGw5lW7; defaultInterpolatedStringHandler.ToStringAndClear","plugin-source/v10-source-restoration/UbblDNG1yFpxk6Q0ui4/YHfw7nGpg7WfdCBKDH4.cs","118"
"plugin-core","UbblDNG1yFpxk6Q0ui4.YHfw7nGpg7WfdCBKDH4._003C_003Ec__DisplayClass15_0","RrNT2inspK","case AllEnums.数值Type.银元宝:","defaultInterpolatedStringHandler.AppendLiteral; defaultInterpolatedStringHandler.AppendFormatted; i5.PndoGw5lW7; defaultInterpolatedStringHandler.ToStringAndClear","plugin-source/v10-source-restoration/UbblDNG1yFpxk6Q0ui4/YHfw7nGpg7WfdCBKDH4.cs","130"
"plugin-core","UbblDNG1yFpxk6Q0ui4.YHfw7nGpg7WfdCBKDH4._003C_003Ec__DisplayClass15_0","RrNT2inspK","case AllEnums.数值Type.累充点:","defaultInterpolatedStringHandler.AppendLiteral; defaultInterpolatedStringHandler.AppendFormatted; i4.PndoGw5lW7; defaultInterpolatedStringHandler.ToStringAndClear","plugin-source/v10-source-restoration/UbblDNG1yFpxk6Q0ui4/YHfw7nGpg7WfdCBKDH4.cs","142"
"plugin-core","UbblDNG1yFpxk6Q0ui4.YHfw7nGpg7WfdCBKDH4._003C_003Ec__DisplayClass15_0","RrNT2inspK","case AllEnums.数值Type.南极点:","defaultInterpolatedStringHandler.AppendLiteral; defaultInterpolatedStringHandler.AppendFormatted; i3.PndoGw5lW7; defaultInterpolatedStringHandler.ToStringAndClear","plugin-source/v10-source-restoration/UbblDNG1yFpxk6Q0ui4/YHfw7nGpg7WfdCBKDH4.cs","154"
"plugin-core","UbblDNG1yFpxk6Q0ui4.YHfw7nGpg7WfdCBKDH4._003C_003Ec__DisplayClass15_0","RrNT2inspK","case AllEnums.数值Type.奇宝点:","defaultInterpolatedStringHandler.AppendLiteral; defaultInterpolatedStringHandler.AppendFormatted; i2.PndoGw5lW7; defaultInterpolatedStringHandler.ToStringAndClear","plugin-source/v10-source-restoration/UbblDNG1yFpxk6Q0ui4/YHfw7nGpg7WfdCBKDH4.cs","166"
"plugin-core","UbblDNG1yFpxk6Q0ui4.YHfw7nGpg7WfdCBKDH4._003C_003Ec__DisplayClass15_0","RrNT2inspK","case AllEnums.数值Type.灵气值:","defaultInterpolatedStringHandler.AppendLiteral; defaultInterpolatedStringHandler.AppendFormatted; i.PndoGw5lW7; defaultInterpolatedStringHandler.ToStringAndClear","plugin-source/v10-source-restoration/UbblDNG1yFpxk6Q0ui4/YHfw7nGpg7WfdCBKDH4.cs","178"
"plugin-core","UbblDNG1yFpxk6Q0ui4.YHfw7nGpg7WfdCBKDH4._003C_003Ec__DisplayClass15_0","RrNT2inspK","case AllEnums.数值Type.道具:","","plugin-source/v10-source-restoration/UbblDNG1yFpxk6Q0ui4/YHfw7nGpg7WfdCBKDH4.cs","190"
"plugin-core","uI75fJjR7A2e7wWdq9f.zeYnwTjKgpmAbfSQh5J","GUyjgbITgP","case AllEnums.数值Type.金元宝:","int.TryParse; P_0.C_Send; Singleton<WdAPI>.I.提示_中心提醒; defaultInterpolatedStringHandler.AppendLiteral; defaultInterpolatedStringHandler.AppendFormatted; i32.提示_中心提醒; defaultInterpolatedStringHandler.ToStringAndClear; DB.I.cAJNoOkab6; i33.提示_提醒和杂项公告","plugin-source/v10-source-restoration/uI75fJjR7A2e7wWdq9f/zeYnwTjKgpmAbfSQh5J.cs","430"
"plugin-core","uI75fJjR7A2e7wWdq9f.zeYnwTjKgpmAbfSQh5J","GUyjgbITgP","case AllEnums.数值Type.银元宝:","int.TryParse; P_0.C_Send; Singleton<WdAPI>.I.提示_中心提醒; defaultInterpolatedStringHandler.AppendLiteral; defaultInterpolatedStringHandler.AppendFormatted; i18.提示_中心提醒; defaultInterpolatedStringHandler.ToStringAndClear; DB.I.cAJNoOkab6; i19.提示_提醒和杂项公告","plugin-source/v10-source-restoration/uI75fJjR7A2e7wWdq9f/zeYnwTjKgpmAbfSQh5J.cs","465"
"plugin-core","uI75fJjR7A2e7wWdq9f.zeYnwTjKgpmAbfSQh5J","GUyjgbITgP","case AllEnums.数值Type.金钱:","int.TryParse; P_0.C_Send; Singleton<WdAPI>.I.提示_中心提醒; defaultInterpolatedStringHandler.AppendLiteral; defaultInterpolatedStringHandler.AppendFormatted; Singleton<WdAPI>.I.问道标准数值文本; i9.提示_中心提醒; defaultInterpolatedStringHandler.ToStringAndClear; Singleton<WdAPI>.I.PndoGw5lW7; i10.提示_提醒和杂项公告","plugin-source/v10-source-restoration/uI75fJjR7A2e7wWdq9f/zeYnwTjKgpmAbfSQh5J.cs","500"
"plugin-core","uI75fJjR7A2e7wWdq9f.zeYnwTjKgpmAbfSQh5J","GUyjgbITgP","case AllEnums.数值Type.声望:","int.TryParse; P_0.C_Send; Singleton<WdAPI>.I.提示_中心提醒; defaultInterpolatedStringHandler.AppendLiteral; defaultInterpolatedStringHandler.AppendFormatted; i28.提示_中心提醒; defaultInterpolatedStringHandler.ToStringAndClear; Singleton<WdAPI>.I.PndoGw5lW7; i29.提示_提醒和杂项公告","plugin-source/v10-source-restoration/uI75fJjR7A2e7wWdq9f/zeYnwTjKgpmAbfSQh5J.cs","531"
"plugin-core","uI75fJjR7A2e7wWdq9f.zeYnwTjKgpmAbfSQh5J","GUyjgbITgP","case AllEnums.数值Type.战绩:","int.TryParse; P_0.C_Send; Singleton<WdAPI>.I.提示_中心提醒; defaultInterpolatedStringHandler.AppendLiteral; defaultInterpolatedStringHandler.AppendFormatted; i20.提示_中心提醒; defaultInterpolatedStringHandler.ToStringAndClear; Singleton<WdAPI>.I.PndoGw5lW7; i21.提示_提醒和杂项公告","plugin-source/v10-source-restoration/uI75fJjR7A2e7wWdq9f/zeYnwTjKgpmAbfSQh5J.cs","562"
"plugin-core","uI75fJjR7A2e7wWdq9f.zeYnwTjKgpmAbfSQh5J","GUyjgbITgP","case AllEnums.数值Type.经验:","int.TryParse; P_0.C_Send; Singleton<WdAPI>.I.提示_中心提醒; defaultInterpolatedStringHandler.AppendLiteral; defaultInterpolatedStringHandler.AppendFormatted; i22.提示_中心提醒; defaultInterpolatedStringHandler.ToStringAndClear; Singleton<WdAPI>.I.PndoGw5lW7; i23.提示_提醒和杂项公告","plugin-source/v10-source-restoration/uI75fJjR7A2e7wWdq9f/zeYnwTjKgpmAbfSQh5J.cs","593"
"plugin-core","uI75fJjR7A2e7wWdq9f.zeYnwTjKgpmAbfSQh5J","GUyjgbITgP","case AllEnums.数值Type.等级:","int.TryParse; P_0.C_Send; Singleton<WdAPI>.I.提示_中心提醒; defaultInterpolatedStringHandler.AppendLiteral; defaultInterpolatedStringHandler.AppendFormatted; i30.提示_中心提醒; defaultInterpolatedStringHandler.ToStringAndClear; Singleton<WdAPI>.I.PndoGw5lW7; i31.提示_提醒和杂项公告","plugin-source/v10-source-restoration/uI75fJjR7A2e7wWdq9f/zeYnwTjKgpmAbfSQh5J.cs","624"
"plugin-core","uI75fJjR7A2e7wWdq9f.zeYnwTjKgpmAbfSQh5J","GUyjgbITgP","case AllEnums.数值Type.道行:","int.TryParse; P_0.C_Send; Singleton<WdAPI>.I.提示_中心提醒; defaultInterpolatedStringHandler.AppendLiteral; defaultInterpolatedStringHandler.AppendFormatted; i14.提示_中心提醒; defaultInterpolatedStringHandler.ToStringAndClear; Singleton<WdAPI>.I.PndoGw5lW7; i15.提示_提醒和杂项公告","plugin-source/v10-source-restoration/uI75fJjR7A2e7wWdq9f/zeYnwTjKgpmAbfSQh5J.cs","655"
"plugin-core","uI75fJjR7A2e7wWdq9f.zeYnwTjKgpmAbfSQh5J","GUyjgbITgP","case AllEnums.数值Type.体力:","int.TryParse; P_0.C_Send; Singleton<WdAPI>.I.提示_中心提醒; defaultInterpolatedStringHandler.AppendLiteral; defaultInterpolatedStringHandler.AppendFormatted; i24.提示_中心提醒; defaultInterpolatedStringHandler.ToStringAndClear; Singleton<WdAPI>.I.PndoGw5lW7; i25.提示_提醒和杂项公告","plugin-source/v10-source-restoration/uI75fJjR7A2e7wWdq9f/zeYnwTjKgpmAbfSQh5J.cs","686"
"plugin-core","uI75fJjR7A2e7wWdq9f.zeYnwTjKgpmAbfSQh5J","GUyjgbITgP","case AllEnums.数值Type.累充点:","int.TryParse; P_0.C_Send; Singleton<WdAPI>.I.提示_中心提醒; defaultInterpolatedStringHandler.AppendLiteral; defaultInterpolatedStringHandler.AppendFormatted; i11.提示_中心提醒; defaultInterpolatedStringHandler.ToStringAndClear; i12.PndoGw5lW7; i13.提示_提醒和杂项公告","plugin-source/v10-source-restoration/uI75fJjR7A2e7wWdq9f/zeYnwTjKgpmAbfSQh5J.cs","717"
"plugin-core","uI75fJjR7A2e7wWdq9f.zeYnwTjKgpmAbfSQh5J","GUyjgbITgP","case AllEnums.数值Type.南极点:","int.TryParse; P_0.C_Send; Singleton<WdAPI>.I.提示_中心提醒; defaultInterpolatedStringHandler.AppendLiteral; defaultInterpolatedStringHandler.AppendFormatted; i26.提示_中心提醒; defaultInterpolatedStringHandler.ToStringAndClear; Singleton<WdAPI>.I.PndoGw5lW7; i27.提示_提醒和杂项公告","plugin-source/v10-source-restoration/uI75fJjR7A2e7wWdq9f/zeYnwTjKgpmAbfSQh5J.cs","757"
"plugin-core","uI75fJjR7A2e7wWdq9f.zeYnwTjKgpmAbfSQh5J","GUyjgbITgP","case AllEnums.数值Type.灵气值:","int.TryParse; P_0.C_Send; Singleton<WdAPI>.I.提示_中心提醒; defaultInterpolatedStringHandler.AppendLiteral; defaultInterpolatedStringHandler.AppendFormatted; i16.提示_中心提醒; defaultInterpolatedStringHandler.ToStringAndClear; Singleton<WdAPI>.I.PndoGw5lW7; i17.提示_提醒和杂项公告","plugin-source/v10-source-restoration/uI75fJjR7A2e7wWdq9f/zeYnwTjKgpmAbfSQh5J.cs","788"
"plugin-core","uI75fJjR7A2e7wWdq9f.zeYnwTjKgpmAbfSQh5J","GUyjgbITgP","case AllEnums.数值Type.道具:","string.IsNullOrWhiteSpace; Singleton<WdAPI>.I.取背包物品格子实例; defaultInterpolatedStringHandler.AppendLiteral; defaultInterpolatedStringHandler.AppendFormatted; P_0.C_Send; i7.提示_中心提醒; defaultInterpolatedStringHandler.ToStringAndClear; Singleton<WdAPI>.I.UH7oscwt9s; i8.提示_提醒和杂项公告","plugin-source/v10-source-restoration/uI75fJjR7A2e7wWdq9f/zeYnwTjKgpmAbfSQh5J.cs","819"
"plugin-core","uI75fJjR7A2e7wWdq9f.zeYnwTjKgpmAbfSQh5J","lk1jjtmDp8","case AllEnums.数值Type.金元宝:","DB.I.cAJNoOkab6; defaultInterpolatedStringHandler.AppendLiteral; defaultInterpolatedStringHandler.AppendFormatted; P_0.C_Send; i10.提示_提醒和杂项公告; defaultInterpolatedStringHandler.ToStringAndClear","plugin-source/v10-source-restoration/uI75fJjR7A2e7wWdq9f/zeYnwTjKgpmAbfSQh5J.cs","1050"
"plugin-core","uI75fJjR7A2e7wWdq9f.zeYnwTjKgpmAbfSQh5J","lk1jjtmDp8","case AllEnums.数值Type.银元宝:","DB.I.cAJNoOkab6; defaultInterpolatedStringHandler.AppendLiteral; defaultInterpolatedStringHandler.AppendFormatted; P_0.C_Send; i9.提示_提醒和杂项公告; defaultInterpolatedStringHandler.ToStringAndClear","plugin-source/v10-source-restoration/uI75fJjR7A2e7wWdq9f/zeYnwTjKgpmAbfSQh5J.cs","1061"
"plugin-core","uI75fJjR7A2e7wWdq9f.zeYnwTjKgpmAbfSQh5J","lk1jjtmDp8","case AllEnums.数值Type.累充点:","Singleton<WdAPI>.I.PndoGw5lW7; defaultInterpolatedStringHandler.AppendLiteral; defaultInterpolatedStringHandler.AppendFormatted; P_0.C_Send; i8.提示_提醒和杂项公告; defaultInterpolatedStringHandler.ToStringAndClear","plugin-source/v10-source-restoration/uI75fJjR7A2e7wWdq9f/zeYnwTjKgpmAbfSQh5J.cs","1072"
"plugin-core","uI75fJjR7A2e7wWdq9f.zeYnwTjKgpmAbfSQh5J","lk1jjtmDp8","case AllEnums.数值Type.南极点:","Singleton<WdAPI>.I.PndoGw5lW7; defaultInterpolatedStringHandler.AppendLiteral; defaultInterpolatedStringHandler.AppendFormatted; P_0.C_Send; i7.提示_提醒和杂项公告; defaultInterpolatedStringHandler.ToStringAndClear","plugin-source/v10-source-restoration/uI75fJjR7A2e7wWdq9f/zeYnwTjKgpmAbfSQh5J.cs","1083"
"plugin-core","uI75fJjR7A2e7wWdq9f.zeYnwTjKgpmAbfSQh5J","lk1jjtmDp8","case AllEnums.数值Type.体力:","Singleton<WdAPI>.I.PndoGw5lW7; defaultInterpolatedStringHandler.AppendLiteral; defaultInterpolatedStringHandler.AppendFormatted; P_0.C_Send; i6.提示_提醒和杂项公告; defaultInterpolatedStringHandler.ToStringAndClear","plugin-source/v10-source-restoration/uI75fJjR7A2e7wWdq9f/zeYnwTjKgpmAbfSQh5J.cs","1094"
"plugin-core","uI75fJjR7A2e7wWdq9f.zeYnwTjKgpmAbfSQh5J","lk1jjtmDp8","case AllEnums.数值Type.奇宝点:","Singleton<WdAPI>.I.PndoGw5lW7; defaultInterpolatedStringHandler.AppendLiteral; defaultInterpolatedStringHandler.AppendFormatted; P_0.C_Send; i5.提示_提醒和杂项公告; defaultInterpolatedStringHandler.ToStringAndClear","plugin-source/v10-source-restoration/uI75fJjR7A2e7wWdq9f/zeYnwTjKgpmAbfSQh5J.cs","1105"
"plugin-core","uI75fJjR7A2e7wWdq9f.zeYnwTjKgpmAbfSQh5J","lk1jjtmDp8","case AllEnums.数值Type.论道点:","Singleton<WdAPI>.I.PndoGw5lW7; defaultInterpolatedStringHandler.AppendLiteral; defaultInterpolatedStringHandler.AppendFormatted; P_0.C_Send; i4.提示_提醒和杂项公告; defaultInterpolatedStringHandler.ToStringAndClear","plugin-source/v10-source-restoration/uI75fJjR7A2e7wWdq9f/zeYnwTjKgpmAbfSQh5J.cs","1116"
"plugin-core","uI75fJjR7A2e7wWdq9f.zeYnwTjKgpmAbfSQh5J","lk1jjtmDp8","case AllEnums.数值Type.金元宝:","DB.I.cAJNoOkab6; int.Parse; defaultInterpolatedStringHandler.AppendLiteral; defaultInterpolatedStringHandler.AppendFormatted; i12.提示_中心提醒; defaultInterpolatedStringHandler.ToStringAndClear; P_0.C_Send; first.Concat(i13.提示_杂项公告(defaultInterpolatedStringHandler.ToStringAndClear())).ToArray; first.Concat; i13.提示_杂项公告","plugin-source/v10-source-restoration/uI75fJjR7A2e7wWdq9f/zeYnwTjKgpmAbfSQh5J.cs","1147"
"plugin-core","uI75fJjR7A2e7wWdq9f.zeYnwTjKgpmAbfSQh5J","lk1jjtmDp8","case AllEnums.数值Type.银元宝:","DB.I.cAJNoOkab6; int.Parse; defaultInterpolatedStringHandler.AppendLiteral; defaultInterpolatedStringHandler.AppendFormatted; i14.提示_中心提醒; defaultInterpolatedStringHandler.ToStringAndClear; P_0.C_Send; first2.Concat(i15.提示_杂项公告(defaultInterpolatedStringHandler.ToStringAndClear())).ToArray; first2.Concat; i15.提示_杂项公告","plugin-source/v10-source-restoration/uI75fJjR7A2e7wWdq9f/zeYnwTjKgpmAbfSQh5J.cs","1172"
"plugin-core","uI75fJjR7A2e7wWdq9f.zeYnwTjKgpmAbfSQh5J","lk1jjtmDp8","case AllEnums.数值Type.道具:","Singleton<WdAPI>.I.PndoGw5lW7; defaultInterpolatedStringHandler.AppendLiteral; defaultInterpolatedStringHandler.AppendFormatted; P_0.C_Send; i11.提示_提醒和杂项公告; defaultInterpolatedStringHandler.ToStringAndClear","plugin-source/v10-source-restoration/uI75fJjR7A2e7wWdq9f/zeYnwTjKgpmAbfSQh5J.cs","1197"
"plugin-core","uI75fJjR7A2e7wWdq9f.zeYnwTjKgpmAbfSQh5J","lk1jjtmDp8","case AllEnums.数值Type.金元宝:","DB.I.cAJNoOkab6; int.Parse; defaultInterpolatedStringHandler.AppendLiteral; defaultInterpolatedStringHandler.AppendFormatted; i19.提示_中心提醒; defaultInterpolatedStringHandler.ToStringAndClear; P_0.C_Send; first3.Concat(i20.提示_杂项公告(defaultInterpolatedStringHandler.ToStringAndClear())).ToArray; first3.Concat; i20.提示_杂项公告","plugin-source/v10-source-restoration/uI75fJjR7A2e7wWdq9f/zeYnwTjKgpmAbfSQh5J.cs","1273"
"plugin-core","uI75fJjR7A2e7wWdq9f.zeYnwTjKgpmAbfSQh5J","lk1jjtmDp8","case AllEnums.数值Type.银元宝:","DB.I.cAJNoOkab6; int.Parse; defaultInterpolatedStringHandler.AppendLiteral; defaultInterpolatedStringHandler.AppendFormatted; i21.提示_中心提醒; defaultInterpolatedStringHandler.ToStringAndClear; P_0.C_Send; first4.Concat(i22.提示_杂项公告(defaultInterpolatedStringHandler.ToStringAndClear())).ToArray; first4.Concat; i22.提示_杂项公告","plugin-source/v10-source-restoration/uI75fJjR7A2e7wWdq9f/zeYnwTjKgpmAbfSQh5J.cs","1298"
"plugin-core","uI75fJjR7A2e7wWdq9f.zeYnwTjKgpmAbfSQh5J","lk1jjtmDp8","case AllEnums.数值Type.道具:","Singleton<WdAPI>.I.PndoGw5lW7; defaultInterpolatedStringHandler.AppendLiteral; defaultInterpolatedStringHandler.AppendFormatted; P_0.C_Send; i18.提示_提醒和杂项公告; defaultInterpolatedStringHandler.ToStringAndClear","plugin-source/v10-source-restoration/uI75fJjR7A2e7wWdq9f/zeYnwTjKgpmAbfSQh5J.cs","1323"
"plugin-core","uI75fJjR7A2e7wWdq9f.zeYnwTjKgpmAbfSQh5J","lk1jjtmDp8","case AllEnums.数值Type.金钱:; case AllEnums.数值Type.累充点:","","plugin-source/v10-source-restoration/uI75fJjR7A2e7wWdq9f/zeYnwTjKgpmAbfSQh5J.cs","1338"
"plugin-core","vBIs2Rf2vSSk1OdhoS7.COyX27f6L3uCF3F6Kp5","LBUfXfFKUF","case 1:","封包_读2.读字节型; Enumerable.SequenceEqual; 封包_写3.写字节型","plugin-source/v10-source-restoration/vBIs2Rf2vSSk1OdhoS7/COyX27f6L3uCF3F6Kp5.cs","670"
"plugin-core","vBIs2Rf2vSSk1OdhoS7.COyX27f6L3uCF3F6Kp5","LBUfXfFKUF","case 2:","封包_读2.读短整数型; Enumerable.SequenceEqual; 封包_写3.写短整数型","plugin-source/v10-source-restoration/vBIs2Rf2vSSk1OdhoS7/COyX27f6L3uCF3F6Kp5.cs","690"
"plugin-core","vBIs2Rf2vSSk1OdhoS7.COyX27f6L3uCF3F6Kp5","LBUfXfFKUF","case 3:","封包_读2.读整数型; Enumerable.SequenceEqual; 封包_写3.写整数型","plugin-source/v10-source-restoration/vBIs2Rf2vSSk1OdhoS7/COyX27f6L3uCF3F6Kp5.cs","705"
"plugin-core","vBIs2Rf2vSSk1OdhoS7.COyX27f6L3uCF3F6Kp5","LBUfXfFKUF","case 4:","封包_读2.读文本型; Enumerable.SequenceEqual; Singleton<ByteAPI>.I.取文本左边; 物品信息类2.前缀.EndsWith; Enum.TryParse<AllEnums.元神境界>; 物品信息类2.前缀.Replace; 封包_写3.写文本型","plugin-source/v10-source-restoration/vBIs2Rf2vSSk1OdhoS7/COyX27f6L3uCF3F6Kp5.cs","772"
"plugin-core","vBIs2Rf2vSSk1OdhoS7.COyX27f6L3uCF3F6Kp5","LBUfXfFKUF","case 6:","封包_读2.读字节型; Enumerable.SequenceEqual; 封包_写3.写字节型","plugin-source/v10-source-restoration/vBIs2Rf2vSSk1OdhoS7/COyX27f6L3uCF3F6Kp5.cs","826"
"plugin-core","vBIs2Rf2vSSk1OdhoS7.COyX27f6L3uCF3F6Kp5","LBUfXfFKUF","case 7:","封包_读2.读短整数型; 封包_写3.写短整数型","plugin-source/v10-source-restoration/vBIs2Rf2vSSk1OdhoS7/COyX27f6L3uCF3F6Kp5.cs","841"
"plugin-core","vBIs2Rf2vSSk1OdhoS7.COyX27f6L3uCF3F6Kp5","tIvfFfsumd","case 1:","封包_读2.读字节型; Enumerable.SequenceEqual; 封包_写3.写字节型","plugin-source/v10-source-restoration/vBIs2Rf2vSSk1OdhoS7/COyX27f6L3uCF3F6Kp5.cs","1002"
"plugin-core","vBIs2Rf2vSSk1OdhoS7.COyX27f6L3uCF3F6Kp5","tIvfFfsumd","case 2:","封包_读2.读短整数型; Enumerable.SequenceEqual; 封包_写3.写短整数型","plugin-source/v10-source-restoration/vBIs2Rf2vSSk1OdhoS7/COyX27f6L3uCF3F6Kp5.cs","1020"
"plugin-core","vBIs2Rf2vSSk1OdhoS7.COyX27f6L3uCF3F6Kp5","tIvfFfsumd","case 3:","封包_读2.读整数型; Enumerable.SequenceEqual; 封包_写3.写整数型","plugin-source/v10-source-restoration/vBIs2Rf2vSSk1OdhoS7/COyX27f6L3uCF3F6Kp5.cs","1033"
"plugin-core","vBIs2Rf2vSSk1OdhoS7.COyX27f6L3uCF3F6Kp5","tIvfFfsumd","case 4:","封包_读2.读文本型; Enumerable.SequenceEqual; Singleton<ByteAPI>.I.取文本左边; 物品信息类2.前缀.EndsWith; Enum.TryParse<AllEnums.元神境界>; 物品信息类2.前缀.Replace; 封包_写3.写文本型","plugin-source/v10-source-restoration/vBIs2Rf2vSSk1OdhoS7/COyX27f6L3uCF3F6Kp5.cs","1098"
"plugin-core","vBIs2Rf2vSSk1OdhoS7.COyX27f6L3uCF3F6Kp5","tIvfFfsumd","case 6:","封包_读2.读字节型; Enumerable.SequenceEqual; 封包_写3.写字节型","plugin-source/v10-source-restoration/vBIs2Rf2vSSk1OdhoS7/COyX27f6L3uCF3F6Kp5.cs","1150"
"plugin-core","vBIs2Rf2vSSk1OdhoS7.COyX27f6L3uCF3F6Kp5","tIvfFfsumd","case 7:","封包_读2.读短整数型; 封包_写3.写短整数型","plugin-source/v10-source-restoration/vBIs2Rf2vSSk1OdhoS7/COyX27f6L3uCF3F6Kp5.cs","1163"
"plugin-core","vBIs2Rf2vSSk1OdhoS7.COyX27f6L3uCF3F6Kp5","KDQfSpe9nM","case 1:","封包_读2.读字节型; 封包_写4.写字节型","plugin-source/v10-source-restoration/vBIs2Rf2vSSk1OdhoS7/COyX27f6L3uCF3F6Kp5.cs","1432"
"plugin-core","vBIs2Rf2vSSk1OdhoS7.COyX27f6L3uCF3F6Kp5","KDQfSpe9nM","case 2:","封包_读2.读短整数型; 封包_写4.写短整数型","plugin-source/v10-source-restoration/vBIs2Rf2vSSk1OdhoS7/COyX27f6L3uCF3F6Kp5.cs","1436"
"plugin-core","vBIs2Rf2vSSk1OdhoS7.COyX27f6L3uCF3F6Kp5","KDQfSpe9nM","case 3:","封包_读2.读整数型; Singleton<ByteAPI>.I.寻找文本; AZI1HsR8MjRfegmETY5.fZ1RSIDoZn.ToString; Ab7Ypu2aCcHMcLPG8Um.o5DmWnO5ND; Ab7Ypu2aCcHMcLPG8Um.sK3m8a9JNp.ToString; mQEQjEBxYW4SsAecBHJ.a4HBZHHjWC; 封包_写4.写整数型","plugin-source/v10-source-restoration/vBIs2Rf2vSSk1OdhoS7/COyX27f6L3uCF3F6Kp5.cs","1440"
"plugin-core","vBIs2Rf2vSSk1OdhoS7.COyX27f6L3uCF3F6Kp5","KDQfSpe9nM","case 4:","封包_读2.读文本型; FcVoHRwOVsflDmDUQOP.JhVwZ5yCsf; P_2.名字.StartsWith; stringBuilder.Clear; Ab7Ypu2aCcHMcLPG8Um.o5DmWnO5ND; Singleton<全局变量类>.I.元神系统配置.本命法宝属性.TryGetValue; stringBuilder.Append; handler.AppendLiteral; handler.AppendFormatted; stringBuilder4.Append; empty.EndsWith; string.IsNullOrWhiteSpace; Singleton<全局变量类>.I.元神系统配置.装备升阶数据.装备升阶类型.ContainsKey; Singleton<全局变量类>.I.元神系统配置.装备升阶数据.需求字典.TryGetValue; stringBuilder5.Append; Singleton<ByteAPI>.I.寻找文本; Ab7Ypu2aCcHMcLPG8Um.sPhmoeHQ4M.ToString; Singleton<全局变量类>.I.元神系统配置.灵幡附灵配置.附灵字典.TryGetValue; stringBuilder6.Append; stringBuilder7.Append","plugin-source/v10-source-restoration/vBIs2Rf2vSSk1OdhoS7/COyX27f6L3uCF3F6Kp5.cs","1455"
"plugin-core","vBIs2Rf2vSSk1OdhoS7.COyX27f6L3uCF3F6Kp5","KDQfSpe9nM","case 6:","封包_读2.读字节型; 封包_写4.写字节型","plugin-source/v10-source-restoration/vBIs2Rf2vSSk1OdhoS7/COyX27f6L3uCF3F6Kp5.cs","1887"
"plugin-core","vBIs2Rf2vSSk1OdhoS7.COyX27f6L3uCF3F6Kp5","KDQfSpe9nM","case 7:","封包_读2.读短整数型; Singleton<ByteAPI>.I.寻找文本; AZI1HsR8MjRfegmETY5.fZ1RSIDoZn.ToString; Ab7Ypu2aCcHMcLPG8Um.o5DmWnO5ND; Ab7Ypu2aCcHMcLPG8Um.sK3m8a9JNp.ToString; mQEQjEBxYW4SsAecBHJ.a4HBZHHjWC; 封包_写4.写短整数型","plugin-source/v10-source-restoration/vBIs2Rf2vSSk1OdhoS7/COyX27f6L3uCF3F6Kp5.cs","1891"
"plugin-core","vBIs2Rf2vSSk1OdhoS7.COyX27f6L3uCF3F6Kp5","o5pf5rjR8h","case 1:","封包_读2.读字节型; Enumerable.SequenceEqual; Singleton<ByteAPI>.I.HtoC; 封包_写3.写字节型","plugin-source/v10-source-restoration/vBIs2Rf2vSSk1OdhoS7/COyX27f6L3uCF3F6Kp5.cs","2030"
"plugin-core","vBIs2Rf2vSSk1OdhoS7.COyX27f6L3uCF3F6Kp5","o5pf5rjR8h","case 2:","封包_读2.读短整数型; Enumerable.SequenceEqual; 封包_写3.写短整数型","plugin-source/v10-source-restoration/vBIs2Rf2vSSk1OdhoS7/COyX27f6L3uCF3F6Kp5.cs","2043"
"plugin-core","vBIs2Rf2vSSk1OdhoS7.COyX27f6L3uCF3F6Kp5","o5pf5rjR8h","case 3:","封包_读2.读整数型; Enumerable.SequenceEqual; 封包_写3.写整数型","plugin-source/v10-source-restoration/vBIs2Rf2vSSk1OdhoS7/COyX27f6L3uCF3F6Kp5.cs","2051"
"plugin-core","vBIs2Rf2vSSk1OdhoS7.COyX27f6L3uCF3F6Kp5","o5pf5rjR8h","case 4:","封包_读2.读文本型; Enumerable.SequenceEqual; Singleton<ByteAPI>.I.取文本左边; 封包_写3.写文本型","plugin-source/v10-source-restoration/vBIs2Rf2vSSk1OdhoS7/COyX27f6L3uCF3F6Kp5.cs","2099"
"plugin-core","vBIs2Rf2vSSk1OdhoS7.COyX27f6L3uCF3F6Kp5","o5pf5rjR8h","case 6:","封包_读2.读字节型; Enumerable.SequenceEqual; 封包_写3.写字节型","plugin-source/v10-source-restoration/vBIs2Rf2vSSk1OdhoS7/COyX27f6L3uCF3F6Kp5.cs","2131"
"plugin-core","vBIs2Rf2vSSk1OdhoS7.COyX27f6L3uCF3F6Kp5","o5pf5rjR8h","case 7:","封包_读2.读短整数型; 封包_写3.写短整数型","plugin-source/v10-source-restoration/vBIs2Rf2vSSk1OdhoS7/COyX27f6L3uCF3F6Kp5.cs","2143"
"plugin-core","vBIs2Rf2vSSk1OdhoS7.COyX27f6L3uCF3F6Kp5","o5pf5rjR8h","case 1:","value7.装备属性列表.Add","plugin-source/v10-source-restoration/vBIs2Rf2vSSk1OdhoS7/COyX27f6L3uCF3F6Kp5.cs","2152"
"plugin-core","vBIs2Rf2vSSk1OdhoS7.COyX27f6L3uCF3F6Kp5","o5pf5rjR8h","case 2:","value7.装备属性列表.Add","plugin-source/v10-source-restoration/vBIs2Rf2vSSk1OdhoS7/COyX27f6L3uCF3F6Kp5.cs","2160"
"plugin-core","vBIs2Rf2vSSk1OdhoS7.COyX27f6L3uCF3F6Kp5","o5pf5rjR8h","case 3:","value7.装备属性列表.Add","plugin-source/v10-source-restoration/vBIs2Rf2vSSk1OdhoS7/COyX27f6L3uCF3F6Kp5.cs","2168"
"plugin-core","vBIs2Rf2vSSk1OdhoS7.COyX27f6L3uCF3F6Kp5","o5pf5rjR8h","case 6:","value7.装备属性列表.Add","plugin-source/v10-source-restoration/vBIs2Rf2vSSk1OdhoS7/COyX27f6L3uCF3F6Kp5.cs","2176"
"plugin-core","vBIs2Rf2vSSk1OdhoS7.COyX27f6L3uCF3F6Kp5","o5pf5rjR8h","case 7:","value7.装备属性列表.Add","plugin-source/v10-source-restoration/vBIs2Rf2vSSk1OdhoS7/COyX27f6L3uCF3F6Kp5.cs","2184"
"plugin-core","vBIs2Rf2vSSk1OdhoS7.COyX27f6L3uCF3F6Kp5","zw2fMOGq2o","case 1:","封包_读2.读字节型; Enumerable.SequenceEqual; 封包_写3.写字节型","plugin-source/v10-source-restoration/vBIs2Rf2vSSk1OdhoS7/COyX27f6L3uCF3F6Kp5.cs","2260"
"plugin-core","vBIs2Rf2vSSk1OdhoS7.COyX27f6L3uCF3F6Kp5","zw2fMOGq2o","case 2:","封包_读2.读短整数型; Enumerable.SequenceEqual; 封包_写3.写短整数型","plugin-source/v10-source-restoration/vBIs2Rf2vSSk1OdhoS7/COyX27f6L3uCF3F6Kp5.cs","2273"
"plugin-core","vBIs2Rf2vSSk1OdhoS7.COyX27f6L3uCF3F6Kp5","zw2fMOGq2o","case 3:","封包_读2.读整数型; Enumerable.SequenceEqual; 封包_写3.写整数型","plugin-source/v10-source-restoration/vBIs2Rf2vSSk1OdhoS7/COyX27f6L3uCF3F6Kp5.cs","2281"
"plugin-core","vBIs2Rf2vSSk1OdhoS7.COyX27f6L3uCF3F6Kp5","zw2fMOGq2o","case 4:","封包_读2.读文本型; Enumerable.SequenceEqual; Singleton<ByteAPI>.I.取文本左边; 封包_写3.写文本型","plugin-source/v10-source-restoration/vBIs2Rf2vSSk1OdhoS7/COyX27f6L3uCF3F6Kp5.cs","2329"
"plugin-core","vBIs2Rf2vSSk1OdhoS7.COyX27f6L3uCF3F6Kp5","zw2fMOGq2o","case 6:","封包_读2.读字节型; Enumerable.SequenceEqual; 封包_写3.写字节型","plugin-source/v10-source-restoration/vBIs2Rf2vSSk1OdhoS7/COyX27f6L3uCF3F6Kp5.cs","2361"
"plugin-core","vBIs2Rf2vSSk1OdhoS7.COyX27f6L3uCF3F6Kp5","zw2fMOGq2o","case 7:","封包_读2.读短整数型; 封包_写3.写短整数型","plugin-source/v10-source-restoration/vBIs2Rf2vSSk1OdhoS7/COyX27f6L3uCF3F6Kp5.cs","2373"
"plugin-core","vBIs2Rf2vSSk1OdhoS7.COyX27f6L3uCF3F6Kp5","zw2fMOGq2o","case 1:","物品信息类2.装备属性列表.Add","plugin-source/v10-source-restoration/vBIs2Rf2vSSk1OdhoS7/COyX27f6L3uCF3F6Kp5.cs","2382"
"plugin-core","vBIs2Rf2vSSk1OdhoS7.COyX27f6L3uCF3F6Kp5","zw2fMOGq2o","case 2:","物品信息类2.装备属性列表.Add","plugin-source/v10-source-restoration/vBIs2Rf2vSSk1OdhoS7/COyX27f6L3uCF3F6Kp5.cs","2390"
"plugin-core","vBIs2Rf2vSSk1OdhoS7.COyX27f6L3uCF3F6Kp5","zw2fMOGq2o","case 3:","物品信息类2.装备属性列表.Add","plugin-source/v10-source-restoration/vBIs2Rf2vSSk1OdhoS7/COyX27f6L3uCF3F6Kp5.cs","2398"
"plugin-core","vBIs2Rf2vSSk1OdhoS7.COyX27f6L3uCF3F6Kp5","zw2fMOGq2o","case 6:","物品信息类2.装备属性列表.Add","plugin-source/v10-source-restoration/vBIs2Rf2vSSk1OdhoS7/COyX27f6L3uCF3F6Kp5.cs","2406"
"plugin-core","vBIs2Rf2vSSk1OdhoS7.COyX27f6L3uCF3F6Kp5","zw2fMOGq2o","case 7:","物品信息类2.装备属性列表.Add","plugin-source/v10-source-restoration/vBIs2Rf2vSSk1OdhoS7/COyX27f6L3uCF3F6Kp5.cs","2414"
"plugin-core","vBIs2Rf2vSSk1OdhoS7.COyX27f6L3uCF3F6Kp5","EcGfvlEKGn","case 1:","封包_读2.读字节型; Enumerable.SequenceEqual; 封包_写3.写字节型","plugin-source/v10-source-restoration/vBIs2Rf2vSSk1OdhoS7/COyX27f6L3uCF3F6Kp5.cs","2545"
"plugin-core","vBIs2Rf2vSSk1OdhoS7.COyX27f6L3uCF3F6Kp5","EcGfvlEKGn","case 2:","封包_读2.读短整数型; Enumerable.SequenceEqual; 封包_写3.写短整数型","plugin-source/v10-source-restoration/vBIs2Rf2vSSk1OdhoS7/COyX27f6L3uCF3F6Kp5.cs","2558"
"plugin-core","vBIs2Rf2vSSk1OdhoS7.COyX27f6L3uCF3F6Kp5","EcGfvlEKGn","case 3:","封包_读2.读整数型; Enumerable.SequenceEqual; 封包_写3.写整数型","plugin-source/v10-source-restoration/vBIs2Rf2vSSk1OdhoS7/COyX27f6L3uCF3F6Kp5.cs","2566"
"plugin-core","vBIs2Rf2vSSk1OdhoS7.COyX27f6L3uCF3F6Kp5","EcGfvlEKGn","case 4:","封包_读2.读文本型; Enumerable.SequenceEqual; Singleton<ByteAPI>.I.取文本左边; 封包_写3.写文本型","plugin-source/v10-source-restoration/vBIs2Rf2vSSk1OdhoS7/COyX27f6L3uCF3F6Kp5.cs","2614"
"plugin-core","vBIs2Rf2vSSk1OdhoS7.COyX27f6L3uCF3F6Kp5","EcGfvlEKGn","case 6:","封包_读2.读字节型; Enumerable.SequenceEqual; 封包_写3.写字节型","plugin-source/v10-source-restoration/vBIs2Rf2vSSk1OdhoS7/COyX27f6L3uCF3F6Kp5.cs","2646"
"plugin-core","vBIs2Rf2vSSk1OdhoS7.COyX27f6L3uCF3F6Kp5","EcGfvlEKGn","case 7:","封包_读2.读短整数型; 封包_写3.写短整数型","plugin-source/v10-source-restoration/vBIs2Rf2vSSk1OdhoS7/COyX27f6L3uCF3F6Kp5.cs","2658"
"plugin-core","vBIs2Rf2vSSk1OdhoS7.COyX27f6L3uCF3F6Kp5","EcGfvlEKGn","case 1:","物品信息类2.装备属性列表.Add","plugin-source/v10-source-restoration/vBIs2Rf2vSSk1OdhoS7/COyX27f6L3uCF3F6Kp5.cs","2667"
"plugin-core","vBIs2Rf2vSSk1OdhoS7.COyX27f6L3uCF3F6Kp5","EcGfvlEKGn","case 2:","物品信息类2.装备属性列表.Add","plugin-source/v10-source-restoration/vBIs2Rf2vSSk1OdhoS7/COyX27f6L3uCF3F6Kp5.cs","2675"
"plugin-core","vBIs2Rf2vSSk1OdhoS7.COyX27f6L3uCF3F6Kp5","EcGfvlEKGn","case 3:","物品信息类2.装备属性列表.Add","plugin-source/v10-source-restoration/vBIs2Rf2vSSk1OdhoS7/COyX27f6L3uCF3F6Kp5.cs","2683"
"plugin-core","vBIs2Rf2vSSk1OdhoS7.COyX27f6L3uCF3F6Kp5","EcGfvlEKGn","case 6:","物品信息类2.装备属性列表.Add","plugin-source/v10-source-restoration/vBIs2Rf2vSSk1OdhoS7/COyX27f6L3uCF3F6Kp5.cs","2691"
"plugin-core","vBIs2Rf2vSSk1OdhoS7.COyX27f6L3uCF3F6Kp5","EcGfvlEKGn","case 7:","物品信息类2.装备属性列表.Add","plugin-source/v10-source-restoration/vBIs2Rf2vSSk1OdhoS7/COyX27f6L3uCF3F6Kp5.cs","2699"
"plugin-core","vBIs2Rf2vSSk1OdhoS7.COyX27f6L3uCF3F6Kp5","Qjxfao1jQp","case 1:","Singleton<WdAPI>.I.QSgoJ8DvVe; string.IsNullOrWhiteSpace; defaultInterpolatedStringHandler.AppendLiteral; defaultInterpolatedStringHandler.AppendFormatted; Singleton<WdAPI>.I.组装数值类型文本; P_0.C_Send; i2.组包确定框; defaultInterpolatedStringHandler.ToStringAndClear","plugin-source/v10-source-restoration/vBIs2Rf2vSSk1OdhoS7/COyX27f6L3uCF3F6Kp5.cs","2793"
"plugin-core","vBIs2Rf2vSSk1OdhoS7.COyX27f6L3uCF3F6Kp5","Qjxfao1jQp","case 2:","P_0.user.宠物数据.ToList().Find; P_0.user.宠物数据.ToList; defaultInterpolatedStringHandler.AppendLiteral; defaultInterpolatedStringHandler.AppendFormatted; Singleton<WdAPI>.I.组装数值类型文本; P_0.C_Send; i.组包确定框; defaultInterpolatedStringHandler.ToStringAndClear","plugin-source/v10-source-restoration/vBIs2Rf2vSSk1OdhoS7/COyX27f6L3uCF3F6Kp5.cs","2823"
"plugin-core","vBIs2Rf2vSSk1OdhoS7.COyX27f6L3uCF3F6Kp5","Qjxfao1jQp","default:","","plugin-source/v10-source-restoration/vBIs2Rf2vSSk1OdhoS7/COyX27f6L3uCF3F6Kp5.cs","2850"
"plugin-core","vBIs2Rf2vSSk1OdhoS7.COyX27f6L3uCF3F6Kp5","UMrf9Cf13H","case AllEnums.数值Type.金元宝:","defaultInterpolatedStringHandler.AppendLiteral; defaultInterpolatedStringHandler.AppendFormatted; P_0.C_Send; i3.提示_中心提醒; defaultInterpolatedStringHandler.ToStringAndClear; Singleton<WdAPI>.I.PndoGw5lW7; i4.提示_提醒和杂项公告","plugin-source/v10-source-restoration/vBIs2Rf2vSSk1OdhoS7/COyX27f6L3uCF3F6Kp5.cs","2905"
"plugin-core","vBIs2Rf2vSSk1OdhoS7.COyX27f6L3uCF3F6Kp5","UMrf9Cf13H","case AllEnums.数值Type.银元宝:","defaultInterpolatedStringHandler.AppendLiteral; defaultInterpolatedStringHandler.AppendFormatted; P_0.C_Send; i11.提示_中心提醒; defaultInterpolatedStringHandler.ToStringAndClear; Singleton<WdAPI>.I.PndoGw5lW7; i12.提示_提醒和杂项公告","plugin-source/v10-source-restoration/vBIs2Rf2vSSk1OdhoS7/COyX27f6L3uCF3F6Kp5.cs","2931"
"plugin-core","vBIs2Rf2vSSk1OdhoS7.COyX27f6L3uCF3F6Kp5","UMrf9Cf13H","case AllEnums.数值Type.金钱:","defaultInterpolatedStringHandler.AppendLiteral; defaultInterpolatedStringHandler.AppendFormatted; Singleton<WdAPI>.I.问道标准数值文本; P_0.C_Send; i5.提示_中心提醒; defaultInterpolatedStringHandler.ToStringAndClear; Singleton<WdAPI>.I.PndoGw5lW7; i6.提示_提醒和杂项公告","plugin-source/v10-source-restoration/vBIs2Rf2vSSk1OdhoS7/COyX27f6L3uCF3F6Kp5.cs","2957"
"plugin-core","vBIs2Rf2vSSk1OdhoS7.COyX27f6L3uCF3F6Kp5","UMrf9Cf13H","case AllEnums.数值Type.声望:","defaultInterpolatedStringHandler.AppendLiteral; defaultInterpolatedStringHandler.AppendFormatted; P_0.C_Send; i9.提示_中心提醒; defaultInterpolatedStringHandler.ToStringAndClear; Singleton<WdAPI>.I.PndoGw5lW7; i10.提示_提醒和杂项公告","plugin-source/v10-source-restoration/vBIs2Rf2vSSk1OdhoS7/COyX27f6L3uCF3F6Kp5.cs","2983"
"plugin-core","vBIs2Rf2vSSk1OdhoS7.COyX27f6L3uCF3F6Kp5","UMrf9Cf13H","case AllEnums.数值Type.累充点:","defaultInterpolatedStringHandler.AppendLiteral; defaultInterpolatedStringHandler.AppendFormatted; P_0.C_Send; i13.提示_中心提醒; defaultInterpolatedStringHandler.ToStringAndClear; Singleton<WdAPI>.I.PndoGw5lW7; i14.提示_提醒和杂项公告","plugin-source/v10-source-restoration/vBIs2Rf2vSSk1OdhoS7/COyX27f6L3uCF3F6Kp5.cs","3009"
"plugin-core","vBIs2Rf2vSSk1OdhoS7.COyX27f6L3uCF3F6Kp5","UMrf9Cf13H","case AllEnums.数值Type.南极点:","defaultInterpolatedStringHandler.AppendLiteral; defaultInterpolatedStringHandler.AppendFormatted; P_0.C_Send; i7.提示_中心提醒; defaultInterpolatedStringHandler.ToStringAndClear; Singleton<WdAPI>.I.PndoGw5lW7; i8.提示_提醒和杂项公告","plugin-source/v10-source-restoration/vBIs2Rf2vSSk1OdhoS7/COyX27f6L3uCF3F6Kp5.cs","3035"
"plugin-core","vBIs2Rf2vSSk1OdhoS7.COyX27f6L3uCF3F6Kp5","UMrf9Cf13H","case AllEnums.数值Type.灵气值:","defaultInterpolatedStringHandler.AppendLiteral; defaultInterpolatedStringHandler.AppendFormatted; P_0.C_Send; i.提示_中心提醒; defaultInterpolatedStringHandler.ToStringAndClear; Singleton<WdAPI>.I.PndoGw5lW7; i2.提示_提醒和杂项公告","plugin-source/v10-source-restoration/vBIs2Rf2vSSk1OdhoS7/COyX27f6L3uCF3F6Kp5.cs","3061"
"plugin-core","WbRTrCLpc2rxKDLScV.EMBQv9FAOd3LKHwy7T","y0ZSs00Eg","case AllEnums.CdkType.推荐:","Singleton<EfHAVFUgqrnaj1QwnLW>.I.G5VUBpw0Mx","plugin-source/v10-source-restoration/WbRTrCLpc2rxKDLScV/EMBQv9FAOd3LKHwy7T.cs","26"
"plugin-core","WdAPI","妖族化形加成处理","case AllEnums.妖族Type.竹熊:","svcIp9X8sa; defaultInterpolatedStringHandler.AppendLiteral; defaultInterpolatedStringHandler.AppendFormatted; defaultInterpolatedStringHandler.ToStringAndClear; stringBuilder.Append","plugin-source/v10-source-restoration/WdAPI.cs","258"
"plugin-core","WdAPI","妖族化形加成处理","case AllEnums.妖族Type.玉兔:","svcIp9X8sa; defaultInterpolatedStringHandler.AppendLiteral; defaultInterpolatedStringHandler.AppendFormatted; defaultInterpolatedStringHandler.ToStringAndClear; stringBuilder.Append","plugin-source/v10-source-restoration/WdAPI.cs","278"
"plugin-core","WdAPI","妖族化形加成处理","case AllEnums.妖族Type.灵蛇:","svcIp9X8sa; defaultInterpolatedStringHandler.AppendLiteral; defaultInterpolatedStringHandler.AppendFormatted; defaultInterpolatedStringHandler.ToStringAndClear; stringBuilder.Append","plugin-source/v10-source-restoration/WdAPI.cs","297"
"plugin-core","WdAPI","妖族化形加成处理","case AllEnums.妖族Type.孔雀:","svcIp9X8sa; defaultInterpolatedStringHandler.AppendLiteral; defaultInterpolatedStringHandler.AppendFormatted; defaultInterpolatedStringHandler.ToStringAndClear; stringBuilder.Append","plugin-source/v10-source-restoration/WdAPI.cs","317"
"plugin-core","WdAPI","取对应化形特效","case 4002:","","plugin-source/v10-source-restoration/WdAPI.cs","372"
"plugin-core","WdAPI","取对应化形特效","case 4005:","","plugin-source/v10-source-restoration/WdAPI.cs","378"
"plugin-core","WdAPI","取对应化形特效","case 5003:","","plugin-source/v10-source-restoration/WdAPI.cs","384"
"plugin-core","WdAPI","取对应化形特效","case 5004:","","plugin-source/v10-source-restoration/WdAPI.cs","390"
"plugin-core","WdAPI","取对应化形特效","default:","","plugin-source/v10-source-restoration/WdAPI.cs","396"
"plugin-core","WdAPI","形象ID取技能名","case 4002:","","plugin-source/v10-source-restoration/WdAPI.cs","406"
"plugin-core","WdAPI","形象ID取技能名","case 4005:","","plugin-source/v10-source-restoration/WdAPI.cs","488"
"plugin-core","WdAPI","形象ID取技能名","case 5003:","","plugin-source/v10-source-restoration/WdAPI.cs","570"
"plugin-core","WdAPI","形象ID取技能名","case 5004:","","plugin-source/v10-source-restoration/WdAPI.cs","652"
"plugin-core","WdAPI","oBhIqdUB4x","case AllEnums.指令Type.level:","","plugin-source/v10-source-restoration/WdAPI.cs","1427"
"plugin-core","WdAPI","oBhIqdUB4x","case AllEnums.指令Type.tao:","","plugin-source/v10-source-restoration/WdAPI.cs","1431"
"plugin-core","WdAPI","oBhIqdUB4x","case AllEnums.指令Type.pot:","","plugin-source/v10-source-restoration/WdAPI.cs","1435"
"plugin-core","WdAPI","oBhIqdUB4x","case AllEnums.指令Type.exp:","","plugin-source/v10-source-restoration/WdAPI.cs","1439"
"plugin-core","WdAPI","oBhIqdUB4x","case AllEnums.指令Type.reputation:","","plugin-source/v10-source-restoration/WdAPI.cs","1443"
"plugin-core","WdAPI","oBhIqdUB4x","case AllEnums.指令Type.total_score:","","plugin-source/v10-source-restoration/WdAPI.cs","1447"
"plugin-core","WdAPI","oBhIqdUB4x","case AllEnums.指令Type.stamina:","","plugin-source/v10-source-restoration/WdAPI.cs","1451"
"plugin-core","WdAPI","oBhIqdUB4x","case AllEnums.指令Type.max_stamina:","","plugin-source/v10-source-restoration/WdAPI.cs","1455"
"plugin-core","WdAPI","oBhIqdUB4x","case AllEnums.指令Type.total_pk:","","plugin-source/v10-source-restoration/WdAPI.cs","1459"
"plugin-core","WdAPI","oBhIqdUB4x","case AllEnums.指令Type.cash:","","plugin-source/v10-source-restoration/WdAPI.cs","1463"
"plugin-core","WdAPI","oBhIqdUB4x","case AllEnums.指令Type.voucher:","","plugin-source/v10-source-restoration/WdAPI.cs","1467"
"plugin-core","WdAPI","oBhIqdUB4x","case AllEnums.指令Type.life:","","plugin-source/v10-source-restoration/WdAPI.cs","1471"
"plugin-core","WdAPI","oBhIqdUB4x","case AllEnums.指令Type.max_life:","","plugin-source/v10-source-restoration/WdAPI.cs","1475"
"plugin-core","WdAPI","oBhIqdUB4x","case AllEnums.指令Type.mana:","","plugin-source/v10-source-restoration/WdAPI.cs","1479"
"plugin-core","WdAPI","oBhIqdUB4x","case AllEnums.指令Type.max_mana:","","plugin-source/v10-source-restoration/WdAPI.cs","1483"
"plugin-core","WdAPI","oBhIqdUB4x","case AllEnums.指令Type.upgrade_immortal:","","plugin-source/v10-source-restoration/WdAPI.cs","1487"
"plugin-core","WdAPI","oBhIqdUB4x","case AllEnums.指令Type.upgrade_magic:","","plugin-source/v10-source-restoration/WdAPI.cs","1491"
"plugin-core","WdAPI","oBhIqdUB4x","case AllEnums.指令Type.accurate:","","plugin-source/v10-source-restoration/WdAPI.cs","1495"
"plugin-core","WdAPI","oBhIqdUB4x","case AllEnums.指令Type.parry:","","plugin-source/v10-source-restoration/WdAPI.cs","1499"
"plugin-core","WdAPI","oBhIqdUB4x","case AllEnums.指令Type.counter_attack:","","plugin-source/v10-source-restoration/WdAPI.cs","1503"
"plugin-core","WdAPI","oBhIqdUB4x","case AllEnums.指令Type.stunt_rate:","","plugin-source/v10-source-restoration/WdAPI.cs","1507"
"plugin-core","WdAPI","oBhIqdUB4x","case AllEnums.指令Type.nice:","","plugin-source/v10-source-restoration/WdAPI.cs","1511"
"plugin-core","WdAPI","oBhIqdUB4x","case AllEnums.指令Type.attack_effect:","","plugin-source/v10-source-restoration/WdAPI.cs","1515"
"plugin-core","WdAPI","oBhIqdUB4x","case AllEnums.指令Type.phy_absorb:","","plugin-source/v10-source-restoration/WdAPI.cs","1519"
"plugin-core","WdAPI","oBhIqdUB4x","case AllEnums.指令Type.mag_absorb:","","plugin-source/v10-source-restoration/WdAPI.cs","1523"
"plugin-core","WdAPI","oBhIqdUB4x","case AllEnums.指令Type.phy_power:","","plugin-source/v10-source-restoration/WdAPI.cs","1527"
"plugin-core","WdAPI","oBhIqdUB4x","case AllEnums.指令Type.mag_power:","","plugin-source/v10-source-restoration/WdAPI.cs","1531"
"plugin-core","WdAPI","oBhIqdUB4x","case AllEnums.指令Type.def:","","plugin-source/v10-source-restoration/WdAPI.cs","1535"
"plugin-core","WdAPI","oBhIqdUB4x","case AllEnums.指令Type.speed:","","plugin-source/v10-source-restoration/WdAPI.cs","1539"
"plugin-core","WdAPI","oBhIqdUB4x","case AllEnums.指令Type.resist_metal:","","plugin-source/v10-source-restoration/WdAPI.cs","1543"
"plugin-core","WdAPI","oBhIqdUB4x","case AllEnums.指令Type.resist_wood:","","plugin-source/v10-source-restoration/WdAPI.cs","1547"
"plugin-core","WdAPI","oBhIqdUB4x","case AllEnums.指令Type.resist_water:","","plugin-source/v10-source-restoration/WdAPI.cs","1551"
"plugin-core","WdAPI","oBhIqdUB4x","case AllEnums.指令Type.resist_fire:","","plugin-source/v10-source-restoration/WdAPI.cs","1555"
"plugin-core","WdAPI","oBhIqdUB4x","case AllEnums.指令Type.resist_earth:","","plugin-source/v10-source-restoration/WdAPI.cs","1559"
"plugin-core","WdAPI","oBhIqdUB4x","case AllEnums.指令Type.penetrate:","","plugin-source/v10-source-restoration/WdAPI.cs","1563"
"plugin-core","WdAPI","oBhIqdUB4x","case AllEnums.指令Type.double_hit:","","plugin-source/v10-source-restoration/WdAPI.cs","1567"
"plugin-core","WdAPI","oBhIqdUB4x","case AllEnums.指令Type.double_hit_rate:","","plugin-source/v10-source-restoration/WdAPI.cs","1571"
"plugin-core","WdAPI","oBhIqdUB4x","case AllEnums.指令Type.stunt:","","plugin-source/v10-source-restoration/WdAPI.cs","1575"
"plugin-core","WdAPI","oBhIqdUB4x","case AllEnums.指令Type.counter_attack_rate:","","plugin-source/v10-source-restoration/WdAPI.cs","1579"
"plugin-core","WdAPI","oBhIqdUB4x","case AllEnums.指令Type.damage_sel:","","plugin-source/v10-source-restoration/WdAPI.cs","1583"
"plugin-core","WdAPI","oBhIqdUB4x","case AllEnums.指令Type.damage_sel_rate:","","plugin-source/v10-source-restoration/WdAPI.cs","1587"
"plugin-core","WdAPI","oBhIqdUB4x","case AllEnums.指令Type.metal:","","plugin-source/v10-source-restoration/WdAPI.cs","1591"
"plugin-core","WdAPI","oBhIqdUB4x","case AllEnums.指令Type.wood:","","plugin-source/v10-source-restoration/WdAPI.cs","1595"
"plugin-core","WdAPI","oBhIqdUB4x","case AllEnums.指令Type.water:","","plugin-source/v10-source-restoration/WdAPI.cs","1599"
"plugin-core","WdAPI","oBhIqdUB4x","case AllEnums.指令Type.fire:","","plugin-source/v10-source-restoration/WdAPI.cs","1603"
"plugin-core","WdAPI","oBhIqdUB4x","case AllEnums.指令Type.earth:","","plugin-source/v10-source-restoration/WdAPI.cs","1607"
"plugin-core","WdAPI","oBhIqdUB4x","case AllEnums.指令Type.wudao_rep:","","plugin-source/v10-source-restoration/WdAPI.cs","1611"
"plugin-core","WdAPI","oBhIqdUB4x","default:","","plugin-source/v10-source-restoration/WdAPI.cs","1615"
"plugin-core","WdAPI","组包聊天信息","case AllEnums.频道Type.问道:","封包_写2.写字节集; Singleton<ByteAPI>.I.HtoC","plugin-source/v10-source-restoration/WdAPI.cs","1923"
"plugin-core","WdAPI","组包聊天信息","case AllEnums.频道Type.问道维护:","封包_写2.写字节集; Singleton<ByteAPI>.I.HtoC","plugin-source/v10-source-restoration/WdAPI.cs","1926"
"plugin-core","WdAPI","组包聊天信息","case AllEnums.频道Type.问道活动:","封包_写2.写字节集; Singleton<ByteAPI>.I.HtoC","plugin-source/v10-source-restoration/WdAPI.cs","1929"
"plugin-core","WdAPI","组包聊天信息","default:","封包_写2.写字节集; Singleton<ByteAPI>.I.HtoC","plugin-source/v10-source-restoration/WdAPI.cs","1932"
"plugin-core","WdAPI","组装数值类型文本","case AllEnums.数值Type.等级:","defaultInterpolatedStringHandler.AppendLiteral; defaultInterpolatedStringHandler.AppendFormatted; defaultInterpolatedStringHandler.ToStringAndClear","plugin-source/v10-source-restoration/WdAPI.cs","2074"
"plugin-core","WdAPI","组装数值类型文本","case AllEnums.数值Type.道行:","defaultInterpolatedStringHandler.AppendLiteral; defaultInterpolatedStringHandler.AppendFormatted; defaultInterpolatedStringHandler.ToStringAndClear","plugin-source/v10-source-restoration/WdAPI.cs","2082"
"plugin-core","WdAPI","组装数值类型文本","case AllEnums.数值Type.经验:","defaultInterpolatedStringHandler.AppendLiteral; defaultInterpolatedStringHandler.AppendFormatted; defaultInterpolatedStringHandler.ToStringAndClear","plugin-source/v10-source-restoration/WdAPI.cs","2090"
"plugin-core","WdAPI","组装数值类型文本","case AllEnums.数值Type.声望:","defaultInterpolatedStringHandler.AppendLiteral; defaultInterpolatedStringHandler.AppendFormatted; defaultInterpolatedStringHandler.ToStringAndClear","plugin-source/v10-source-restoration/WdAPI.cs","2098"
"plugin-core","WdAPI","组装数值类型文本","case AllEnums.数值Type.战绩:","defaultInterpolatedStringHandler.AppendLiteral; defaultInterpolatedStringHandler.AppendFormatted; defaultInterpolatedStringHandler.ToStringAndClear","plugin-source/v10-source-restoration/WdAPI.cs","2106"
"plugin-core","WdAPI","组装数值类型文本","case AllEnums.数值Type.金元宝:","defaultInterpolatedStringHandler.AppendLiteral; defaultInterpolatedStringHandler.AppendFormatted; defaultInterpolatedStringHandler.ToStringAndClear","plugin-source/v10-source-restoration/WdAPI.cs","2114"
"plugin-core","WdAPI","组装数值类型文本","case AllEnums.数值Type.银元宝:","defaultInterpolatedStringHandler.AppendLiteral; defaultInterpolatedStringHandler.AppendFormatted; defaultInterpolatedStringHandler.ToStringAndClear","plugin-source/v10-source-restoration/WdAPI.cs","2122"
"plugin-core","WdAPI","组装数值类型文本","case AllEnums.数值Type.金钱:","问道标准数值文本","plugin-source/v10-source-restoration/WdAPI.cs","2130"
"plugin-core","WdAPI","组装数值类型文本","case AllEnums.数值Type.累充点:","defaultInterpolatedStringHandler.AppendLiteral; defaultInterpolatedStringHandler.AppendFormatted; defaultInterpolatedStringHandler.ToStringAndClear","plugin-source/v10-source-restoration/WdAPI.cs","2132"
"plugin-core","WdAPI","组装数值类型文本","case AllEnums.数值Type.体力:","defaultInterpolatedStringHandler.AppendLiteral; defaultInterpolatedStringHandler.AppendFormatted; defaultInterpolatedStringHandler.ToStringAndClear","plugin-source/v10-source-restoration/WdAPI.cs","2140"
"plugin-core","WdAPI","组装数值类型文本","case AllEnums.数值Type.南极点:","defaultInterpolatedStringHandler.AppendLiteral; defaultInterpolatedStringHandler.AppendFormatted; defaultInterpolatedStringHandler.ToStringAndClear","plugin-source/v10-source-restoration/WdAPI.cs","2148"
"plugin-core","WdAPI","组装数值类型文本","case AllEnums.数值Type.代金券:","问道标准数值文本","plugin-source/v10-source-restoration/WdAPI.cs","2156"
"plugin-core","WdAPI","组装数值类型文本","case AllEnums.数值Type.奇宝点:","defaultInterpolatedStringHandler.AppendLiteral; defaultInterpolatedStringHandler.AppendFormatted; defaultInterpolatedStringHandler.ToStringAndClear","plugin-source/v10-source-restoration/WdAPI.cs","2158"
"plugin-core","WdAPI","组装数值类型文本","case AllEnums.数值Type.灵气值:","defaultInterpolatedStringHandler.AppendLiteral; defaultInterpolatedStringHandler.AppendFormatted; defaultInterpolatedStringHandler.ToStringAndClear","plugin-source/v10-source-restoration/WdAPI.cs","2166"
"plugin-core","WdAPI","组装数值类型文本","case AllEnums.数值Type.论道点:","defaultInterpolatedStringHandler.AppendLiteral; defaultInterpolatedStringHandler.AppendFormatted; defaultInterpolatedStringHandler.ToStringAndClear","plugin-source/v10-source-restoration/WdAPI.cs","2174"
"plugin-core","WdAPI","组装数值类型文本","case AllEnums.数值Type.潜能:","defaultInterpolatedStringHandler.AppendLiteral; defaultInterpolatedStringHandler.AppendFormatted; defaultInterpolatedStringHandler.ToStringAndClear","plugin-source/v10-source-restoration/WdAPI.cs","2182"
"plugin-core","WdAPI","组装数值类型文本","default:","","plugin-source/v10-source-restoration/WdAPI.cs","2190"
"plugin-core","WdAPI","dn5obQBNHX","case 1:","封包_写3.写字节型; 封包_读2.读字节型","plugin-source/v10-source-restoration/WdAPI.cs","2363"
"plugin-core","WdAPI","dn5obQBNHX","case 2:","封包_写3.写短整数型; 封包_读2.读短整数型","plugin-source/v10-source-restoration/WdAPI.cs","2366"
"plugin-core","WdAPI","dn5obQBNHX","case 3:","封包_读2.读整数型; Enumerable.SequenceEqual; 封包_写3.写整数型","plugin-source/v10-source-restoration/WdAPI.cs","2369"
"plugin-core","WdAPI","dn5obQBNHX","case 4:","封包_读2.读文本型; Enumerable.SequenceEqual; 封包_写3.写文本型","plugin-source/v10-source-restoration/WdAPI.cs","2387"
"plugin-core","WdAPI","dn5obQBNHX","case 6:","封包_读2.读字节型; Enumerable.SequenceEqual; 封包_写3.写字节型","plugin-source/v10-source-restoration/WdAPI.cs","2417"
"plugin-core","WdAPI","dn5obQBNHX","case 7:","封包_写3.写短整数型; 封包_读2.读短整数型","plugin-source/v10-source-restoration/WdAPI.cs","2431"
"plugin-core","WdAPI","PndoGw5lW7","case AllEnums.发送数据Type.道具:","GmIoflSYxB","plugin-source/v10-source-restoration/WdAPI.cs","3178"
"plugin-core","WdAPI","PndoGw5lW7","case AllEnums.发送数据Type.宠物:","Y6Uo6JxbC9","plugin-source/v10-source-restoration/WdAPI.cs","3181"
"plugin-core","WdAPI","PndoGw5lW7","case AllEnums.发送数据Type.坐骑:","UgSo2nWWJJ","plugin-source/v10-source-restoration/WdAPI.cs","3183"
"plugin-core","WdAPI","PndoGw5lW7","case AllEnums.发送数据Type.数值:","svcIp9X8sa","plugin-source/v10-source-restoration/WdAPI.cs","3185"
"plugin-core","WdAPI","PndoGw5lW7","case AllEnums.发送数据Type.累充点:","","plugin-source/v10-source-restoration/WdAPI.cs","3192"
"plugin-core","WdAPI","PndoGw5lW7","case AllEnums.发送数据Type.南极点:","","plugin-source/v10-source-restoration/WdAPI.cs","3202"
"plugin-core","WdAPI","PndoGw5lW7","case AllEnums.发送数据Type.奇宝点:","","plugin-source/v10-source-restoration/WdAPI.cs","3212"
"plugin-core","WdAPI","PndoGw5lW7","case AllEnums.发送数据Type.灵气值:","Ab7Ypu2aCcHMcLPG8Um.o5DmWnO5ND; P_0.user.存档数据.元神存档.JkJIRtbr1R; 同步灵气值到修道点","plugin-source/v10-source-restoration/WdAPI.cs","3222"
"plugin-core","WdAPI","PndoGw5lW7","case AllEnums.发送数据Type.论道点:","","plugin-source/v10-source-restoration/WdAPI.cs","3240"
"plugin-core","WdAPI","PndoGw5lW7","case AllEnums.发送数据Type.金元宝:","DB.I.cAJNoOkab6","plugin-source/v10-source-restoration/WdAPI.cs","3250"
"plugin-core","WdAPI","PndoGw5lW7","case AllEnums.发送数据Type.银元宝:","DB.I.cAJNoOkab6","plugin-source/v10-source-restoration/WdAPI.cs","3252"
"plugin-core","WdAPI","PndoGw5lW7","case AllEnums.发送数据Type.金银元宝:","DB.I.cAJNoOkab6; int.Parse","plugin-source/v10-source-restoration/WdAPI.cs","3254"
"plugin-core","WdAPI","PndoGw5lW7","default:","","plugin-source/v10-source-restoration/WdAPI.cs","3256"
"plugin-core","WdAPI","ouooX9CUkZ","case 1:","封包_写3.写字节型; 封包_读2.读字节型","plugin-source/v10-source-restoration/WdAPI.cs","3495"
"plugin-core","WdAPI","ouooX9CUkZ","case 2:","封包_写3.写短整数型; 封包_读2.读短整数型","plugin-source/v10-source-restoration/WdAPI.cs","3498"
"plugin-core","WdAPI","ouooX9CUkZ","case 3:","封包_读2.读整数型; Enumerable.SequenceEqual; 封包_写3.写整数型","plugin-source/v10-source-restoration/WdAPI.cs","3501"
"plugin-core","WdAPI","ouooX9CUkZ","case 4:","封包_读2.读文本型; Enumerable.SequenceEqual; 封包_写3.写文本型","plugin-source/v10-source-restoration/WdAPI.cs","3509"
"plugin-core","WdAPI","ouooX9CUkZ","case 6:","封包_写3.写字节型; 封包_读2.读字节型","plugin-source/v10-source-restoration/WdAPI.cs","3517"
"plugin-core","WdAPI","ouooX9CUkZ","case 7:","封包_写3.写短整数型; 封包_读2.读短整数型","plugin-source/v10-source-restoration/WdAPI.cs","3520"
"plugin-core","WdAPI","AKEoOlhFAx","case AllEnums.数值Type.等级:","PndoGw5lW7; P_0.C_Send; 提示_杂项公告","plugin-source/v10-source-restoration/WdAPI.cs","3994"
"plugin-core","WdAPI","AKEoOlhFAx","case AllEnums.数值Type.道行:","PndoGw5lW7; 道行转文本; P_0.C_Send; 提示_杂项公告","plugin-source/v10-source-restoration/WdAPI.cs","4002"
"plugin-core","WdAPI","AKEoOlhFAx","case AllEnums.数值Type.经验:","PndoGw5lW7; defaultInterpolatedStringHandler.AppendLiteral; defaultInterpolatedStringHandler.AppendFormatted; defaultInterpolatedStringHandler.ToStringAndClear; P_0.C_Send; 提示_杂项公告","plugin-source/v10-source-restoration/WdAPI.cs","4010"
"plugin-core","WdAPI","AKEoOlhFAx","case AllEnums.数值Type.声望:","PndoGw5lW7; defaultInterpolatedStringHandler.AppendLiteral; defaultInterpolatedStringHandler.AppendFormatted; defaultInterpolatedStringHandler.ToStringAndClear; P_0.C_Send; 提示_杂项公告","plugin-source/v10-source-restoration/WdAPI.cs","4024"
"plugin-core","WdAPI","AKEoOlhFAx","case AllEnums.数值Type.战绩:","PndoGw5lW7; defaultInterpolatedStringHandler.AppendLiteral; defaultInterpolatedStringHandler.AppendFormatted; defaultInterpolatedStringHandler.ToStringAndClear; P_0.C_Send; 提示_杂项公告","plugin-source/v10-source-restoration/WdAPI.cs","4038"
"plugin-core","WdAPI","AKEoOlhFAx","case AllEnums.数值Type.金元宝:","DB.I.cAJNoOkab6; defaultInterpolatedStringHandler.AppendLiteral; defaultInterpolatedStringHandler.AppendFormatted; defaultInterpolatedStringHandler.ToStringAndClear; P_0.C_Send; 提示_杂项公告","plugin-source/v10-source-restoration/WdAPI.cs","4052"
"plugin-core","WdAPI","AKEoOlhFAx","case AllEnums.数值Type.银元宝:","DB.I.cAJNoOkab6; defaultInterpolatedStringHandler.AppendLiteral; defaultInterpolatedStringHandler.AppendFormatted; defaultInterpolatedStringHandler.ToStringAndClear; P_0.C_Send; 提示_杂项公告","plugin-source/v10-source-restoration/WdAPI.cs","4066"
"plugin-core","WdAPI","AKEoOlhFAx","case AllEnums.数值Type.金钱:","PndoGw5lW7; 问道标准数值文本; P_0.C_Send; 提示_杂项公告","plugin-source/v10-source-restoration/WdAPI.cs","4080"
"plugin-core","WdAPI","AKEoOlhFAx","case AllEnums.数值Type.累充点:","PndoGw5lW7; defaultInterpolatedStringHandler.AppendLiteral; defaultInterpolatedStringHandler.AppendFormatted; defaultInterpolatedStringHandler.ToStringAndClear; P_0.C_Send; 提示_杂项公告","plugin-source/v10-source-restoration/WdAPI.cs","4088"
"plugin-core","WdAPI","AKEoOlhFAx","case AllEnums.数值Type.道具:","PndoGw5lW7; defaultInterpolatedStringHandler.AppendLiteral; defaultInterpolatedStringHandler.AppendFormatted; defaultInterpolatedStringHandler.ToStringAndClear; P_0.C_Send; 提示_杂项公告","plugin-source/v10-source-restoration/WdAPI.cs","4102"
"plugin-core","WdAPI","AKEoOlhFAx","case AllEnums.数值Type.体力:","PndoGw5lW7; defaultInterpolatedStringHandler.AppendLiteral; defaultInterpolatedStringHandler.AppendFormatted; defaultInterpolatedStringHandler.ToStringAndClear; P_0.C_Send; 提示_杂项公告","plugin-source/v10-source-restoration/WdAPI.cs","4118"
"plugin-core","WdAPI","AKEoOlhFAx","case AllEnums.数值Type.南极点:","PndoGw5lW7; defaultInterpolatedStringHandler.AppendLiteral; defaultInterpolatedStringHandler.AppendFormatted; defaultInterpolatedStringHandler.ToStringAndClear; P_0.C_Send; 提示_杂项公告","plugin-source/v10-source-restoration/WdAPI.cs","4132"
"plugin-core","WdAPI","AKEoOlhFAx","case AllEnums.数值Type.代金券:","PndoGw5lW7; 问道标准数值文本; P_0.C_Send; 提示_杂项公告","plugin-source/v10-source-restoration/WdAPI.cs","4146"
"plugin-core","WdAPI","AKEoOlhFAx","case AllEnums.数值Type.宠物:","PndoGw5lW7; defaultInterpolatedStringHandler.AppendLiteral; defaultInterpolatedStringHandler.AppendFormatted; defaultInterpolatedStringHandler.ToStringAndClear; P_0.C_Send; 提示_杂项公告","plugin-source/v10-source-restoration/WdAPI.cs","4154"
"plugin-core","WdAPI","AKEoOlhFAx","case AllEnums.数值Type.坐骑:","PndoGw5lW7; defaultInterpolatedStringHandler.AppendLiteral; defaultInterpolatedStringHandler.AppendFormatted; defaultInterpolatedStringHandler.ToStringAndClear; P_0.C_Send; 提示_杂项公告","plugin-source/v10-source-restoration/WdAPI.cs","4170"
"plugin-core","WdAPI","AKEoOlhFAx","case AllEnums.数值Type.奇宝点:","PndoGw5lW7; defaultInterpolatedStringHandler.AppendLiteral; defaultInterpolatedStringHandler.AppendFormatted; defaultInterpolatedStringHandler.ToStringAndClear; P_0.C_Send; 提示_杂项公告","plugin-source/v10-source-restoration/WdAPI.cs","4186"
"plugin-core","WdAPI","AKEoOlhFAx","case AllEnums.数值Type.灵气值:","PndoGw5lW7; defaultInterpolatedStringHandler.AppendLiteral; defaultInterpolatedStringHandler.AppendFormatted; defaultInterpolatedStringHandler.ToStringAndClear; P_0.C_Send; 提示_杂项公告","plugin-source/v10-source-restoration/WdAPI.cs","4200"
"plugin-core","WdAPI","AKEoOlhFAx","case AllEnums.数值Type.论道点:","PndoGw5lW7; defaultInterpolatedStringHandler.AppendLiteral; defaultInterpolatedStringHandler.AppendFormatted; defaultInterpolatedStringHandler.ToStringAndClear; P_0.C_Send; 提示_杂项公告","plugin-source/v10-source-restoration/WdAPI.cs","4214"
"plugin-core","WdAPI","uiroQSjehP","case AllEnums.数值Type.金元宝:","DB.I.c1GNBnKh5d","plugin-source/v10-source-restoration/WdAPI.cs","4248"
"plugin-core","WdAPI","uiroQSjehP","case AllEnums.数值Type.银元宝:","DB.I.c1GNBnKh5d","plugin-source/v10-source-restoration/WdAPI.cs","4251"
"plugin-core","WdAPI","uiroQSjehP","case AllEnums.数值Type.累充点:","defaultInterpolatedStringHandler.AppendLiteral; defaultInterpolatedStringHandler.AppendFormatted; Log.Error; defaultInterpolatedStringHandler.ToStringAndClear","plugin-source/v10-source-restoration/WdAPI.cs","4254"
"plugin-core","WdAPI","uiroQSjehP","case AllEnums.数值Type.道具:","P_0.乾坤袋列表.Enqueue","plugin-source/v10-source-restoration/WdAPI.cs","4264"
"plugin-core","WdAPI","uiroQSjehP","case AllEnums.数值Type.南极点:","","plugin-source/v10-source-restoration/WdAPI.cs","4274"
"plugin-core","WdAPI","uiroQSjehP","case AllEnums.数值Type.奇宝点:","defaultInterpolatedStringHandler.AppendLiteral; defaultInterpolatedStringHandler.AppendFormatted; Log.Warning; defaultInterpolatedStringHandler.ToStringAndClear","plugin-source/v10-source-restoration/WdAPI.cs","4277"
"plugin-core","WdAPI","uiroQSjehP","case AllEnums.数值Type.等级:; case AllEnums.数值Type.道行:; case AllEnums.数值Type.经验:; case AllEnums.数值Type.声望:; case AllEnums.数值Type.战绩:; case AllEnums.数值Type.金钱:; case AllEnums.数值Type.体力:; case AllEnums.数值Type.气血上限:; case AllEnums.数值Type.代金券:; case AllEnums.数值Type.宠物:; case AllEnums.数值Type.坐骑:","","plugin-source/v10-source-restoration/WdAPI.cs","4291"
"plugin-core","WdAPI","xVVoYsOCKa","case 1:","封包_读2.读字节型; 封包_写2.写字节型","plugin-source/v10-source-restoration/WdAPI.cs","4382"
"plugin-core","WdAPI","xVVoYsOCKa","case 2:","封包_读2.读短整数型; 封包_写2.写短整数型","plugin-source/v10-source-restoration/WdAPI.cs","4386"
"plugin-core","WdAPI","xVVoYsOCKa","case 3:","封包_读2.读整数型; 封包_写2.写整数型","plugin-source/v10-source-restoration/WdAPI.cs","4390"
"plugin-core","WdAPI","xVVoYsOCKa","case 4:","封包_读2.读文本型; 封包_写2.写文本型","plugin-source/v10-source-restoration/WdAPI.cs","4394"
"plugin-core","WdAPI","xVVoYsOCKa","case 6:","封包_读2.读字节型; 封包_写2.写字节型","plugin-source/v10-source-restoration/WdAPI.cs","4398"
"plugin-core","WdAPI","xVVoYsOCKa","case 7:","封包_读2.读短整数型; 封包_写2.写短整数型","plugin-source/v10-source-restoration/WdAPI.cs","4402"
"plugin-core","WdAPI","Efeo11nqQ5","case 1:","封包_读2.读字节型; 封包_写3.写字节型","plugin-source/v10-source-restoration/WdAPI.cs","4484"
"plugin-core","WdAPI","Efeo11nqQ5","case 2:","封包_读2.读短整数型; 封包_写3.写短整数型","plugin-source/v10-source-restoration/WdAPI.cs","4489"
"plugin-core","WdAPI","Efeo11nqQ5","case 3:","封包_读2.读整数型; 封包_写3.写整数型","plugin-source/v10-source-restoration/WdAPI.cs","4494"
"plugin-core","WdAPI","Efeo11nqQ5","case 4:","封包_读2.读文本型; Singleton<ByteAPI>.I.取文本左边; 物品信息类2.前缀.EndsWith; Enum.TryParse<AllEnums.元神境界>; 物品信息类2.前缀.Replace; 封包_写3.写文本型","plugin-source/v10-source-restoration/WdAPI.cs","4503"
"plugin-core","WdAPI","Efeo11nqQ5","case 6:","封包_读2.读字节型; 封包_写3.写字节型","plugin-source/v10-source-restoration/WdAPI.cs","4524"
"plugin-core","WdAPI","Efeo11nqQ5","case 7:","封包_读2.读短整数型; 封包_写3.写短整数型","plugin-source/v10-source-restoration/WdAPI.cs","4533"
"plugin-core","WdAPI","MbToHRM1fL","case 1:","封包_读2.读字节型; 封包_写4.写字节型","plugin-source/v10-source-restoration/WdAPI.cs","4627"
"plugin-core","WdAPI","MbToHRM1fL","case 2:","封包_读2.读短整数型; 封包_写4.写短整数型","plugin-source/v10-source-restoration/WdAPI.cs","4631"
"plugin-core","WdAPI","MbToHRM1fL","case 3:","封包_读2.读整数型; 封包_写4.写整数型","plugin-source/v10-source-restoration/WdAPI.cs","4635"
"plugin-core","WdAPI","MbToHRM1fL","case 4:","封包_读2.读文本型; stringBuilder.Clear; Singleton<全局变量类>.I.元神系统配置.装备升阶数据.装备升阶类型.ContainsKey; handler.AppendLiteral; handler.AppendFormatted; stringBuilder3.Append; Singleton<全局变量类>.I.元神系统配置.装备升阶数据.需求字典.TryGetValue; stringBuilder4.Append; empty.EndsWith; string.IsNullOrWhiteSpace; TOqsYfW68LIGjCtAgK8.AlyW5lfYvE; P_1.装备属性列表.FindAll; 问道数据类.特效类型字典.Contains; defaultInterpolatedStringHandler.AppendFormatted; defaultInterpolatedStringHandler.AppendLiteral; defaultInterpolatedStringHandler.ToStringAndClear; 封包_写4.写文本型","plugin-source/v10-source-restoration/WdAPI.cs","4639"
"plugin-core","WdAPI","MbToHRM1fL","case 6:","封包_读2.读字节型; 封包_写4.写字节型","plugin-source/v10-source-restoration/WdAPI.cs","4688"
"plugin-core","WdAPI","MbToHRM1fL","case 7:","封包_读2.读短整数型; 封包_写4.写短整数型","plugin-source/v10-source-restoration/WdAPI.cs","4692"
"plugin-core","WdServer","N3ilY2Koyd","case AllEnums.后台通信类型.获取所有配置:","Send; Singleton<全局变量类>.I.Config配置ToJson; Task.Delay; Singleton<OxtnHXwv6N41rhEtfdc>.I.eM8w9U81fV; Singleton<VlLcswg81JdPCi5w8lm>.I.fTSgiE2Qro; Singleton<OKaMOvJmaKgK6WqoSYv>.I.fC8J59qKTa; Singleton<fFv8GpjvE2cusnNqivq>.I.VZ2j9tqxiw; Singleton<KU0aMobWe16QEEmpLCj>.I.kx5bl7uTFr; Singleton<L4IbybsayJA7RG5d8t7>.I.N5TsCgqBI4; Singleton<MbtVicwUkp5LuxTooFW>.I.nmwwj3ov5K; Singleton<iRGieud4qtscW6ESmxk>.I.OCfdZSboSF; Singleton<BpcEfFbiGBBV3s2B0ai>.I.WPLb6Xy65R; Singleton<EfHAVFUgqrnaj1QwnLW>.I.T4aU8b0msE; Singleton<浮生录功能>.I.zu8U03iVFQ; Singleton<zeYnwTjKgpmAbfSQh5J>.I.xVfjUb6CVC; Singleton<lrYK0bWD4sTSDkaJic1>.I.KjUWISAYCu; Singleton<FoohJvKhxbMTfceeiIF>.I.oGwK3CjB6O; Singleton<DB9OkbjZMmmdyW1KQMk>.I.EdKlb3p3jo; Singleton<t3Hr1lRCL4Z1QF9uWXP>.I.gXERQBLW9A; Singleton<pn8GKqU6fTj7IRdG6Bm>.I.lwmUXS1MmP","plugin-source/v10-source-restoration/WdServer.cs","921"
"plugin-core","WdServer","N3ilY2Koyd","case AllEnums.后台通信类型.后台首页配置:","Send; Singleton<全局变量类>.I.Config配置ToJson","plugin-source/v10-source-restoration/WdServer.cs","986"
"plugin-core","WdServer","N3ilY2Koyd","case AllEnums.后台通信类型.南极抽奖配置:","Send; Singleton<OxtnHXwv6N41rhEtfdc>.I.eM8w9U81fV","plugin-source/v10-source-restoration/WdServer.cs","989"
"plugin-core","WdServer","N3ilY2Koyd","case AllEnums.后台通信类型.累充奖励配置:","Send; Singleton<VlLcswg81JdPCi5w8lm>.I.fTSgiE2Qro","plugin-source/v10-source-restoration/WdServer.cs","992"
"plugin-core","WdServer","N3ilY2Koyd","case AllEnums.后台通信类型.全服泡点配置:","Send; Singleton<OKaMOvJmaKgK6WqoSYv>.I.fC8J59qKTa","plugin-source/v10-source-restoration/WdServer.cs","995"
"plugin-core","WdServer","N3ilY2Koyd","case AllEnums.后台通信类型.道宠回收配置:","Send; Singleton<fFv8GpjvE2cusnNqivq>.I.VZ2j9tqxiw","plugin-source/v10-source-restoration/WdServer.cs","998"
"plugin-core","WdServer","N3ilY2Koyd","case AllEnums.后台通信类型.喊话限制配置:","Send; Singleton<KU0aMobWe16QEEmpLCj>.I.kx5bl7uTFr","plugin-source/v10-source-restoration/WdServer.cs","1001"
"plugin-core","WdServer","N3ilY2Koyd","case AllEnums.后台通信类型.专属会员配置:","Send; Singleton<L4IbybsayJA7RG5d8t7>.I.N5TsCgqBI4","plugin-source/v10-source-restoration/WdServer.cs","1004"
"plugin-core","WdServer","N3ilY2Koyd","case AllEnums.后台通信类型.六道轮回配置:","Send; Singleton<MbtVicwUkp5LuxTooFW>.I.nmwwj3ov5K","plugin-source/v10-source-restoration/WdServer.cs","1007"
"plugin-core","WdServer","N3ilY2Koyd","case AllEnums.后台通信类型.异兽图鉴配置:","Send; Singleton<iRGieud4qtscW6ESmxk>.I.OCfdZSboSF","plugin-source/v10-source-restoration/WdServer.cs","1010"
"plugin-core","WdServer","N3ilY2Koyd","case AllEnums.后台通信类型.无双战场配置:","Send; Singleton<BpcEfFbiGBBV3s2B0ai>.I.WPLb6Xy65R","plugin-source/v10-source-restoration/WdServer.cs","1013"
"plugin-core","WdServer","N3ilY2Koyd","case AllEnums.后台通信类型.推荐拉人配置:","Send; Singleton<EfHAVFUgqrnaj1QwnLW>.I.T4aU8b0msE","plugin-source/v10-source-restoration/WdServer.cs","1016"
"plugin-core","WdServer","N3ilY2Koyd","case AllEnums.后台通信类型.浮生化身配置:","Send; Singleton<浮生录功能>.I.zu8U03iVFQ","plugin-source/v10-source-restoration/WdServer.cs","1019"
"plugin-core","WdServer","N3ilY2Koyd","case AllEnums.后台通信类型.超级道具配置:","Send; Singleton<zeYnwTjKgpmAbfSQh5J>.I.xVfjUb6CVC","plugin-source/v10-source-restoration/WdServer.cs","1022"
"plugin-core","WdServer","N3ilY2Koyd","case AllEnums.后台通信类型.燃眉之急配置:","Send; Singleton<lrYK0bWD4sTSDkaJic1>.I.KjUWISAYCu","plugin-source/v10-source-restoration/WdServer.cs","1025"
"plugin-core","WdServer","N3ilY2Koyd","case AllEnums.后台通信类型.宠物同源配置:","Send; Singleton<FoohJvKhxbMTfceeiIF>.I.oGwK3CjB6O","plugin-source/v10-source-restoration/WdServer.cs","1028"
"plugin-core","WdServer","N3ilY2Koyd","case AllEnums.后台通信类型.门派转换配置:","Send; Singleton<DB9OkbjZMmmdyW1KQMk>.I.EdKlb3p3jo","plugin-source/v10-source-restoration/WdServer.cs","1031"
"plugin-core","WdServer","N3ilY2Koyd","case AllEnums.后台通信类型.属性洗炼配置:","Send; Singleton<t3Hr1lRCL4Z1QF9uWXP>.I.gXERQBLW9A","plugin-source/v10-source-restoration/WdServer.cs","1034"
"plugin-core","WdServer","N3ilY2Koyd","case AllEnums.后台通信类型.时装染色配置:","Send; Singleton<pn8GKqU6fTj7IRdG6Bm>.I.lwmUXS1MmP","plugin-source/v10-source-restoration/WdServer.cs","1037"
"plugin-core","WdServer","N3ilY2Koyd","case AllEnums.后台通信类型.检测限制配置:","Send; Singleton<等级道行检测功能>.I.ybqguthC6f","plugin-source/v10-source-restoration/WdServer.cs","1040"
"plugin-core","WdServer","N3ilY2Koyd","case AllEnums.后台通信类型.宠物召唤配置:","Send; Singleton<FoohJvKhxbMTfceeiIF>.I.WwXKyq2YXx","plugin-source/v10-source-restoration/WdServer.cs","1043"
"plugin-core","WdServer","N3ilY2Koyd","case AllEnums.后台通信类型.天塔突破配置:","Send; Singleton<KB0ManjLR9N2YNMntee>.I.sMyj5SvIp0","plugin-source/v10-source-restoration/WdServer.cs","1046"
"plugin-core","WdServer","N3ilY2Koyd","case AllEnums.后台通信类型.自选礼包配置:","Send; Singleton<RdU9KHgkxD6vGY8ZRKE>.I.yMmgE4jXIY","plugin-source/v10-source-restoration/WdServer.cs","1049"
"plugin-core","WdServer","N3ilY2Koyd","case AllEnums.后台通信类型.宠物绑定配置:","Send; Singleton<FoohJvKhxbMTfceeiIF>.I.bTVK0xQw8v","plugin-source/v10-source-restoration/WdServer.cs","1052"
"plugin-core","WdServer","N3ilY2Koyd","case AllEnums.后台通信类型.超级地图配置:","Send; Singleton<Rfq62uDvr7Ur9Lpyctd>.I.whnD92BCek","plugin-source/v10-source-restoration/WdServer.cs","1055"
"plugin-core","WdServer","N3ilY2Koyd","case AllEnums.后台通信类型.一键飞升配置:","Send; Singleton<DB9OkbjZMmmdyW1KQMk>.I.FBaldgRFjW","plugin-source/v10-source-restoration/WdServer.cs","1058"
"plugin-core","WdServer","N3ilY2Koyd","case AllEnums.后台通信类型.法宝共生配置:","Send; Singleton<DB9OkbjZMmmdyW1KQMk>.I.k42lgB0Cf0","plugin-source/v10-source-restoration/WdServer.cs","1061"
"plugin-core","WdServer","N3ilY2Koyd","case AllEnums.后台通信类型.商城限购配置:","Send; Singleton<FusVSwwzpuFHNrjHS7T>.I.c75bJttR9s","plugin-source/v10-source-restoration/WdServer.cs","1064"
"plugin-core","WdServer","N3ilY2Koyd","case AllEnums.后台通信类型.元宝礼包配置:","Send; Singleton<WI2SZ8qRj7MBmbqI09>.I.UMDAfv45b","plugin-source/v10-source-restoration/WdServer.cs","1067"
"plugin-core","WdServer","N3ilY2Koyd","case AllEnums.后台通信类型.超级BOSS配置:","Send; Singleton<FBGRmlstyRWQdqi0pHa>.I.bLVUww08og","plugin-source/v10-source-restoration/WdServer.cs","1070"
"plugin-core","WdServer","N3ilY2Koyd","case AllEnums.后台通信类型.超级坐骑配置:","Send; Singleton<VuI4pmDQ6nQtpDAauah>.I.xV4DpjcO6v","plugin-source/v10-source-restoration/WdServer.cs","1073"
"plugin-core","WdServer","N3ilY2Koyd","case AllEnums.后台通信类型.定义邮箱配置:","Send; Singleton<fK6mLrjpv26MU2YIIF9>.I.ABkj4vsRRs","plugin-source/v10-source-restoration/WdServer.cs","1076"
"plugin-core","WdServer","N3ilY2Koyd","case AllEnums.后台通信类型.百炼合成配置:","Send; Singleton<FoINHjWh9BHxZ3BiiA5>.I.m9MWTREQxX","plugin-source/v10-source-restoration/WdServer.cs","1079"
"plugin-core","WdServer","N3ilY2Koyd","case AllEnums.后台通信类型.网关配置:","Send; Singleton<GyJyg8g24jqCD31mjD6>.I.NDPgFq96ae; Singleton<全局变量类>.I.网关Server.启动网关","plugin-source/v10-source-restoration/WdServer.cs","1082"
"plugin-core","WdServer","N3ilY2Koyd","case AllEnums.后台通信类型.超级NPC配置:","Send; Singleton<超级NPC功能>.I.TCsDhAwkCx","plugin-source/v10-source-restoration/WdServer.cs","1086"
"plugin-core","WdServer","N3ilY2Koyd","case AllEnums.后台通信类型.共享存档配置:","Send; Singleton<BsbfIlwwf1YnPvbq8GT>.I.LP2wR4cotl","plugin-source/v10-source-restoration/WdServer.cs","1089"
"plugin-core","WdServer","N3ilY2Koyd","case AllEnums.后台通信类型.道行达标配置:","Send; Singleton<L4IbybsayJA7RG5d8t7>.I.PAxsOqS9w0","plugin-source/v10-source-restoration/WdServer.cs","1092"
"plugin-core","WdServer","N3ilY2Koyd","case AllEnums.后台通信类型.活跃奖励配置:","Send; Singleton<L4IbybsayJA7RG5d8t7>.I.XBTsY9u8tI","plugin-source/v10-source-restoration/WdServer.cs","1095"
"plugin-core","WdServer","N3ilY2Koyd","case AllEnums.后台通信类型.黑名单记录:","Send; Singleton<xloVkMlT29HN5P5svHC>.I.PcZlVQdEji","plugin-source/v10-source-restoration/WdServer.cs","1098"
"plugin-core","WdServer","N3ilY2Koyd","case AllEnums.后台通信类型.签到配置:","Send; Singleton<p63Ra5gwg6vJ45gPiim>.I.oWYgR5m966","plugin-source/v10-source-restoration/WdServer.cs","1101"
"plugin-core","WdServer","N3ilY2Koyd","case AllEnums.后台通信类型.盲盒配置:","Send; Singleton<xKp3aGWENEfI6KIHVKi>.I.iVwW1qtOUK","plugin-source/v10-source-restoration/WdServer.cs","1104"
"plugin-core","WdServer","N3ilY2Koyd","case AllEnums.后台通信类型.在线抽奖配置:","Send; Singleton<cGiRplbQfaJV9guWDIS>.I.bLKbpAqRyh","plugin-source/v10-source-restoration/WdServer.cs","1107"
"plugin-core","WdServer","N3ilY2Koyd","case AllEnums.后台通信类型.召唤精怪配置:","Send; Singleton<FcVoHRwOVsflDmDUQOP>.I.EQrwYJO23T","plugin-source/v10-source-restoration/WdServer.cs","1110"
"plugin-core","WdServer","N3ilY2Koyd","case AllEnums.后台通信类型.试道大会配置:","Send; Singleton<SSW8tHD2MvRIUVygbNo>.I.ODUDFZHiP3","plugin-source/v10-source-restoration/WdServer.cs","1113"
"plugin-core","WdServer","N3ilY2Koyd","case AllEnums.后台通信类型.宠物转生配置:","Send; Singleton<AZI1HsR8MjRfegmETY5>.I.aZCRi5ea9K","plugin-source/v10-source-restoration/WdServer.cs","1116"
"plugin-core","WdServer","N3ilY2Koyd","case AllEnums.后台通信类型.奇宝斋配置:","Send; Singleton<svsUCqKdlsQkBBIo3St>.I.hxTKgNnEGq","plugin-source/v10-source-restoration/WdServer.cs","1119"
"plugin-core","WdServer","N3ilY2Koyd","case AllEnums.后台通信类型.妖族化形配置:","Send; Singleton<妖族化形功能>.I.yFBKMD6Llw","plugin-source/v10-source-restoration/WdServer.cs","1122"
"plugin-core","WdServer","N3ilY2Koyd","case AllEnums.后台通信类型.怀旧专区配置:","Send; Singleton<sUhuV4s664O5VhBMqaF>.I.opFsXCbOIy","plugin-source/v10-source-restoration/WdServer.cs","1125"
"plugin-core","WdServer","N3ilY2Koyd","case AllEnums.后台通信类型.首饰系统配置:","Send; Singleton<cCs7kYlNIp7pmjCmEml>.I.CfZlfyC6Ah","plugin-source/v10-source-restoration/WdServer.cs","1128"
"plugin-core","WdServer","N3ilY2Koyd","case AllEnums.后台通信类型.融丹配置:","Send; Singleton<APqDp4bq1ecVdMifnI1>.I.UD9bASX4uS","plugin-source/v10-source-restoration/WdServer.cs","1131"
"plugin-core","WdServer","N3ilY2Koyd","case AllEnums.后台通信类型.守护配置:","Send; Singleton<LaobQfgSrA1tYPe60GA>.I.uvXgM9EuOq","plugin-source/v10-source-restoration/WdServer.cs","1134"
"plugin-core","WdServer","N3ilY2Koyd","case AllEnums.后台通信类型.宠物突破配置:","Send; Singleton<U8hGTORuviqLJbXPJ0Y>.I.E05RKVDNcJ","plugin-source/v10-source-restoration/WdServer.cs","1137"
"plugin-core","WdServer","N3ilY2Koyd","case AllEnums.后台通信类型.自定义宠物:","Send; Singleton<xxsAZpga7ronqw5ilvg>.I.T1vgCLCOYE","plugin-source/v10-source-restoration/WdServer.cs","1140"
"plugin-core","WdServer","N3ilY2Koyd","case AllEnums.后台通信类型.装备系统配置:","Send; Singleton<pN4kvFDKqDQRQBnO8BW>.I.AD9DUWCLuf","plugin-source/v10-source-restoration/WdServer.cs","1143"
"plugin-core","WdServer","N3ilY2Koyd","case AllEnums.后台通信类型.地府商城配置:","Send; Singleton<mDs6hiBvFvG3CRi3MZk>.I.EOWB9RqD3q","plugin-source/v10-source-restoration/WdServer.cs","1146"
"plugin-core","WdServer","N3ilY2Koyd","case AllEnums.后台通信类型.装备分解配置:","Send; Singleton<pN4kvFDKqDQRQBnO8BW>.I.CMCDjg0Hj2","plugin-source/v10-source-restoration/WdServer.cs","1149"
"plugin-core","WdServer","N3ilY2Koyd","case AllEnums.后台通信类型.龙血BOSS配置:","Send; Singleton<KmvE5t6XclSPSYZqqE9>.I.eRy6cDlFsl","plugin-source/v10-source-restoration/WdServer.cs","1152"
"plugin-core","WdServer","N3ilY2Koyd","case AllEnums.后台通信类型.装备强化配置:","Send; Singleton<rZ9xAdgxKYQQZPeE8Rm>.I.tdmgrdkXXP","plugin-source/v10-source-restoration/WdServer.cs","1155"
"plugin-core","WdServer","N3ilY2Koyd","case AllEnums.后台通信类型.礼包飘屏配置:","Send; Singleton<xKp3aGWENEfI6KIHVKi>.I.GBbWeFLi6m","plugin-source/v10-source-restoration/WdServer.cs","1158"
"plugin-core","WdServer","N3ilY2Koyd","case AllEnums.后台通信类型.超级进化配置:","Send; Singleton<QxBx5YDqZUOBMg9A6NN>.I.KPRDAP1Op1","plugin-source/v10-source-restoration/WdServer.cs","1161"
"plugin-core","WdServer","N3ilY2Koyd","case AllEnums.后台通信类型.鸿运当头配置:","Send; Singleton<S0U8ESlnAtMSWsCIoNo>.I.wnxlvpJ53o","plugin-source/v10-source-restoration/WdServer.cs","1164"
"plugin-core","WdServer","N3ilY2Koyd","case AllEnums.后台通信类型.特效配置:","Send; Singleton<TOqsYfW68LIGjCtAgK8>.I.THDWXSOgh3","plugin-source/v10-source-restoration/WdServer.cs","1167"
"plugin-core","WdServer","N3ilY2Koyd","case AllEnums.后台通信类型.摆摊配置:","Send; Singleton<YHfw7nGpg7WfdCBKDH4>.I.kQyG43gxlw","plugin-source/v10-source-restoration/WdServer.cs","1170"
"plugin-core","WdServer","N3ilY2Koyd","case AllEnums.后台通信类型.智能怪物配置:","Send; Singleton<yuKf6DUSQGygKeLSQdj>.I.GtIUMUM1g7","plugin-source/v10-source-restoration/WdServer.cs","1173"
"plugin-core","WdServer","N3ilY2Koyd","case AllEnums.后台通信类型.天机神算配置:","Send; Singleton<MtacAPJOeul0knZiQar>.I.dRGJYYbTKu","plugin-source/v10-source-restoration/WdServer.cs","1176"
"plugin-core","WdServer","N3ilY2Koyd","case AllEnums.后台通信类型.娃娃配置:","Send; Singleton<mQEQjEBxYW4SsAecBHJ>.I.IvkBquR2HE","plugin-source/v10-source-restoration/WdServer.cs","1179"
"plugin-core","WdServer","N3ilY2Koyd","case AllEnums.后台通信类型.日常配置:","Send; Singleton<XhaJ3cfswGhhnmIequv>.I.TptfDBxime","plugin-source/v10-source-restoration/WdServer.cs","1182"
"plugin-core","WdServer","N3ilY2Koyd","case AllEnums.后台通信类型.元神系统配置:","Send; Singleton<Ab7Ypu2aCcHMcLPG8Um>.I.cjR2E2RJAj","plugin-source/v10-source-restoration/WdServer.cs","1185"
"plugin-core","WdServer","N3ilY2Koyd","case AllEnums.后台通信类型.狐狸和狗配置:","Send; Singleton<OmF9SPGlN77YLFkkoqN>.I.nVdGNZ1SEe","plugin-source/v10-source-restoration/WdServer.cs","1188"
"plugin-core","WdServer","N3ilY2Koyd","case AllEnums.后台通信类型.内充支付配置:","Send; Singleton<xH3TPsiexTnpJAMMnJm>.I.EOniteRSQC","plugin-source/v10-source-restoration/WdServer.cs","1191"
"plugin-core","WdServer","N3ilY2Koyd","case AllEnums.后台通信类型.道具数据配置:","Send; Singleton<pGS3mljky49pI9pArc9>.I.yhPjEpfa3d","plugin-source/v10-source-restoration/WdServer.cs","1194"
"plugin-core","WdServer","N3ilY2Koyd","case AllEnums.后台通信类型.自助商店配置:","Send; Singleton<uh2edhfVGtogUy49Lpv>.I.AHrfQdHMKD","plugin-source/v10-source-restoration/WdServer.cs","1197"
"plugin-core","WdServer","N3ilY2Koyd","case AllEnums.后台通信类型.角色监控信息:; case AllEnums.后台通信类型.CDK兑换信息:; case AllEnums.后台通信类型.专属合区配置:","","plugin-source/v10-source-restoration/WdServer.cs","1200"
"plugin-core","WdServer","hYblpshwyM","case AllEnums.后台通信类型.后台首页配置:","Singleton<全局变量类>.I.ConfigJsonTo配置; Send","plugin-source/v10-source-restoration/WdServer.cs","1228"
"plugin-core","WdServer","hYblpshwyM","case AllEnums.后台通信类型.南极抽奖配置:","Singleton<OxtnHXwv6N41rhEtfdc>.I.eybwyF7b1e; Send","plugin-source/v10-source-restoration/WdServer.cs","1232"
"plugin-core","WdServer","hYblpshwyM","case AllEnums.后台通信类型.累充奖励配置:","Singleton<VlLcswg81JdPCi5w8lm>.I.SokgBiG3MJ; Send","plugin-source/v10-source-restoration/WdServer.cs","1236"
"plugin-core","WdServer","hYblpshwyM","case AllEnums.后台通信类型.全服泡点配置:","Singleton<OKaMOvJmaKgK6WqoSYv>.I.Q9fJMk65PL; Send","plugin-source/v10-source-restoration/WdServer.cs","1240"
"plugin-core","WdServer","hYblpshwyM","case AllEnums.后台通信类型.道宠回收配置:","Singleton<fFv8GpjvE2cusnNqivq>.I.mPdjyWF3yY; Send","plugin-source/v10-source-restoration/WdServer.cs","1244"
"plugin-core","WdServer","hYblpshwyM","case AllEnums.后台通信类型.喊话限制配置:","Singleton<KU0aMobWe16QEEmpLCj>.I.Onjb8EdMVV; Send","plugin-source/v10-source-restoration/WdServer.cs","1248"
"plugin-core","WdServer","hYblpshwyM","case AllEnums.后台通信类型.专属会员配置:","Singleton<L4IbybsayJA7RG5d8t7>.I.x5HsVAvg3Z; Send","plugin-source/v10-source-restoration/WdServer.cs","1252"
"plugin-core","WdServer","hYblpshwyM","case AllEnums.后台通信类型.六道轮回配置:","Singleton<MbtVicwUkp5LuxTooFW>.I.RniwlKKj9C; Send","plugin-source/v10-source-restoration/WdServer.cs","1256"
"plugin-core","WdServer","hYblpshwyM","case AllEnums.后台通信类型.异兽图鉴配置:","Singleton<iRGieud4qtscW6ESmxk>.I.dcidtIYJfS; Send","plugin-source/v10-source-restoration/WdServer.cs","1260"
"plugin-core","WdServer","hYblpshwyM","case AllEnums.后台通信类型.无双战场配置:","Singleton<BpcEfFbiGBBV3s2B0ai>.I.m67b2CrTje; Send","plugin-source/v10-source-restoration/WdServer.cs","1264"
"plugin-core","WdServer","hYblpshwyM","case AllEnums.后台通信类型.推荐拉人配置:","Singleton<EfHAVFUgqrnaj1QwnLW>.I.rZPUIjo2EM; Send","plugin-source/v10-source-restoration/WdServer.cs","1268"
"plugin-core","WdServer","hYblpshwyM","case AllEnums.后台通信类型.浮生化身配置:","Singleton<浮生录功能>.I.JsonTo配置; Send","plugin-source/v10-source-restoration/WdServer.cs","1272"
"plugin-core","WdServer","hYblpshwyM","case AllEnums.后台通信类型.超级道具配置:","Singleton<zeYnwTjKgpmAbfSQh5J>.I.TAdjWknqoD; Send","plugin-source/v10-source-restoration/WdServer.cs","1276"
"plugin-core","WdServer","hYblpshwyM","case AllEnums.后台通信类型.燃眉之急配置:","Singleton<lrYK0bWD4sTSDkaJic1>.I.T02WoMyoAm; Send","plugin-source/v10-source-restoration/WdServer.cs","1280"
"plugin-core","WdServer","hYblpshwyM","case AllEnums.后台通信类型.宠物同源配置:","Singleton<FoohJvKhxbMTfceeiIF>.I.tQKKYMOPrl; Send","plugin-source/v10-source-restoration/WdServer.cs","1284"
"plugin-core","WdServer","hYblpshwyM","case AllEnums.后台通信类型.门派转换配置:","Singleton<DB9OkbjZMmmdyW1KQMk>.I.qr2lJfZFlI; Send","plugin-source/v10-source-restoration/WdServer.cs","1288"
"plugin-core","WdServer","hYblpshwyM","case AllEnums.后台通信类型.属性洗炼配置:","Singleton<t3Hr1lRCL4Z1QF9uWXP>.I.ue8REjR2bZ; Send","plugin-source/v10-source-restoration/WdServer.cs","1292"
"plugin-core","WdServer","hYblpshwyM","case AllEnums.后台通信类型.时装染色配置:","Singleton<pn8GKqU6fTj7IRdG6Bm>.I.RGQUFfsNVt; Send","plugin-source/v10-source-restoration/WdServer.cs","1296"
"plugin-core","WdServer","hYblpshwyM","case AllEnums.后台通信类型.检测限制配置:","Singleton<等级道行检测功能>.I.JsonTo配置; Send","plugin-source/v10-source-restoration/WdServer.cs","1300"
"plugin-core","WdServer","hYblpshwyM","case AllEnums.后台通信类型.宠物召唤配置:","Singleton<FoohJvKhxbMTfceeiIF>.I.LjmKC4Pywu; Send","plugin-source/v10-source-restoration/WdServer.cs","1304"
"plugin-core","WdServer","hYblpshwyM","case AllEnums.后台通信类型.天塔突破配置:","Singleton<KB0ManjLR9N2YNMntee>.I.nfijMIY1tS; Send","plugin-source/v10-source-restoration/WdServer.cs","1308"
"plugin-core","WdServer","hYblpshwyM","case AllEnums.后台通信类型.自选礼包配置:","Singleton<RdU9KHgkxD6vGY8ZRKE>.I.DHsg34Ihvx; Send","plugin-source/v10-source-restoration/WdServer.cs","1312"
"plugin-core","WdServer","hYblpshwyM","case AllEnums.后台通信类型.宠物绑定配置:","Singleton<FoohJvKhxbMTfceeiIF>.I.MYhKOU8bbt; Send","plugin-source/v10-source-restoration/WdServer.cs","1316"
"plugin-core","WdServer","hYblpshwyM","case AllEnums.后台通信类型.超级地图配置:","Singleton<Rfq62uDvr7Ur9Lpyctd>.I.OepDyBtBRW; Send","plugin-source/v10-source-restoration/WdServer.cs","1320"
"plugin-core","WdServer","hYblpshwyM","case AllEnums.后台通信类型.一键飞升配置:","Singleton<DB9OkbjZMmmdyW1KQMk>.I.w2ClsnjIRg; Send","plugin-source/v10-source-restoration/WdServer.cs","1324"
"plugin-core","WdServer","hYblpshwyM","case AllEnums.后台通信类型.法宝共生配置:","Singleton<DB9OkbjZMmmdyW1KQMk>.I.JrdlDBQ9iD; Send","plugin-source/v10-source-restoration/WdServer.cs","1328"
"plugin-core","WdServer","hYblpshwyM","case AllEnums.后台通信类型.商城限购配置:","Singleton<FusVSwwzpuFHNrjHS7T>.I.jJtbKj1SvX; Send","plugin-source/v10-source-restoration/WdServer.cs","1332"
"plugin-core","WdServer","hYblpshwyM","case AllEnums.后台通信类型.元宝礼包配置:","Singleton<WI2SZ8qRj7MBmbqI09>.I.v6czMOSJa; Send","plugin-source/v10-source-restoration/WdServer.cs","1336"
"plugin-core","WdServer","hYblpshwyM","case AllEnums.后台通信类型.超级BOSS配置:","Singleton<FBGRmlstyRWQdqi0pHa>.I.xqeUb7KnBy; Send","plugin-source/v10-source-restoration/WdServer.cs","1340"
"plugin-core","WdServer","hYblpshwyM","case AllEnums.后台通信类型.超级坐骑配置:","Singleton<VuI4pmDQ6nQtpDAauah>.I.blHD1QtAhD; Send","plugin-source/v10-source-restoration/WdServer.cs","1344"
"plugin-core","WdServer","hYblpshwyM","case AllEnums.后台通信类型.定义邮箱配置:","Singleton<fK6mLrjpv26MU2YIIF9>.I.AG2jeS2fXT; Send","plugin-source/v10-source-restoration/WdServer.cs","1348"
"plugin-core","WdServer","hYblpshwyM","case AllEnums.后台通信类型.百炼合成配置:","Singleton<FoINHjWh9BHxZ3BiiA5>.I.vPqW9FUgE9; Send","plugin-source/v10-source-restoration/WdServer.cs","1352"
"plugin-core","WdServer","hYblpshwyM","case AllEnums.后台通信类型.网关配置:","Singleton<GyJyg8g24jqCD31mjD6>.I.mrngLtkZfj; Singleton<全局变量类>.I.网关Server.gvp607MLJZ; Send","plugin-source/v10-source-restoration/WdServer.cs","1356"
"plugin-core","WdServer","hYblpshwyM","case AllEnums.后台通信类型.超级NPC配置:","Singleton<超级NPC功能>.I.JsonTo配置; Send","plugin-source/v10-source-restoration/WdServer.cs","1361"
"plugin-core","WdServer","hYblpshwyM","case AllEnums.后台通信类型.共享存档配置:","Singleton<BsbfIlwwf1YnPvbq8GT>.I.j29wdiwK2i; Send","plugin-source/v10-source-restoration/WdServer.cs","1365"
"plugin-core","WdServer","hYblpshwyM","case AllEnums.后台通信类型.道行达标配置:","Singleton<L4IbybsayJA7RG5d8t7>.I.ApLsQOLl41; Send","plugin-source/v10-source-restoration/WdServer.cs","1369"
"plugin-core","WdServer","hYblpshwyM","case AllEnums.后台通信类型.活跃奖励配置:","Singleton<L4IbybsayJA7RG5d8t7>.I.PAWspU191w; Send","plugin-source/v10-source-restoration/WdServer.cs","1373"
"plugin-core","WdServer","hYblpshwyM","case AllEnums.后台通信类型.黑名单记录:","Singleton<xloVkMlT29HN5P5svHC>.I.DXylkZedx9; Send","plugin-source/v10-source-restoration/WdServer.cs","1377"
"plugin-core","WdServer","hYblpshwyM","case AllEnums.后台通信类型.签到配置:","Singleton<p63Ra5gwg6vJ45gPiim>.I.pqkgdPLEt7; Send","plugin-source/v10-source-restoration/WdServer.cs","1381"
"plugin-core","WdServer","hYblpshwyM","case AllEnums.后台通信类型.盲盒配置:","Singleton<xKp3aGWENEfI6KIHVKi>.I.Tl5WxvS9Wp; Send","plugin-source/v10-source-restoration/WdServer.cs","1385"
"plugin-core","WdServer","hYblpshwyM","case AllEnums.后台通信类型.在线抽奖配置:","Singleton<cGiRplbQfaJV9guWDIS>.I.BvOb1h4DtW; Send","plugin-source/v10-source-restoration/WdServer.cs","1389"
"plugin-core","WdServer","hYblpshwyM","case AllEnums.后台通信类型.召唤精怪配置:","Singleton<FcVoHRwOVsflDmDUQOP>.I.eb2wpkgUo1; Send","plugin-source/v10-source-restoration/WdServer.cs","1393"
"plugin-core","WdServer","hYblpshwyM","case AllEnums.后台通信类型.试道大会配置:","Singleton<SSW8tHD2MvRIUVygbNo>.I.Vl9DLiO3M1; Send","plugin-source/v10-source-restoration/WdServer.cs","1397"
"plugin-core","WdServer","hYblpshwyM","case AllEnums.后台通信类型.宠物转生配置:","Singleton<AZI1HsR8MjRfegmETY5>.I.OC6RBQnEQA; Send","plugin-source/v10-source-restoration/WdServer.cs","1401"
"plugin-core","WdServer","hYblpshwyM","case AllEnums.后台通信类型.奇宝斋配置:","Singleton<svsUCqKdlsQkBBIo3St>.I.NvDKD01bMw; Send","plugin-source/v10-source-restoration/WdServer.cs","1405"
"plugin-core","WdServer","hYblpshwyM","case AllEnums.后台通信类型.妖族化形配置:","Singleton<妖族化形功能>.I.JsonTo配置; Send","plugin-source/v10-source-restoration/WdServer.cs","1409"
"plugin-core","WdServer","hYblpshwyM","case AllEnums.后台通信类型.怀旧专区配置:","Singleton<sUhuV4s664O5VhBMqaF>.I.bfCsF4MgP0; Send","plugin-source/v10-source-restoration/WdServer.cs","1413"
"plugin-core","WdServer","hYblpshwyM","case AllEnums.后台通信类型.首饰系统配置:","Singleton<cCs7kYlNIp7pmjCmEml>.I.fDhl67iWfM; Send","plugin-source/v10-source-restoration/WdServer.cs","1417"
"plugin-core","WdServer","hYblpshwyM","case AllEnums.后台通信类型.融丹配置:","Singleton<APqDp4bq1ecVdMifnI1>.I.hPVbzSgvsu; Send","plugin-source/v10-source-restoration/WdServer.cs","1421"
"plugin-core","WdServer","hYblpshwyM","case AllEnums.后台通信类型.守护配置:","Singleton<LaobQfgSrA1tYPe60GA>.I.omjghl8xgf; Send","plugin-source/v10-source-restoration/WdServer.cs","1425"
"plugin-core","WdServer","hYblpshwyM","case AllEnums.后台通信类型.宠物突破配置:","Singleton<U8hGTORuviqLJbXPJ0Y>.I.wZXRRYZSAQ; Send","plugin-source/v10-source-restoration/WdServer.cs","1429"
"plugin-core","WdServer","hYblpshwyM","case AllEnums.后台通信类型.自定义宠物:","Singleton<xxsAZpga7ronqw5ilvg>.I.sDogVLGeQU; Send","plugin-source/v10-source-restoration/WdServer.cs","1433"
"plugin-core","WdServer","hYblpshwyM","case AllEnums.后台通信类型.装备系统配置:","Singleton<pN4kvFDKqDQRQBnO8BW>.I.GHvDWoMo85; Send","plugin-source/v10-source-restoration/WdServer.cs","1437"
"plugin-core","WdServer","hYblpshwyM","case AllEnums.后台通信类型.地府商城配置:","Singleton<mDs6hiBvFvG3CRi3MZk>.I.SYqByvsuLR; Send","plugin-source/v10-source-restoration/WdServer.cs","1441"
"plugin-core","WdServer","hYblpshwyM","case AllEnums.后台通信类型.装备分解配置:","Singleton<pN4kvFDKqDQRQBnO8BW>.I.qWbDly07yg; Send","plugin-source/v10-source-restoration/WdServer.cs","1445"
"plugin-core","WdServer","hYblpshwyM","case AllEnums.后台通信类型.龙血BOSS配置:","Singleton<KmvE5t6XclSPSYZqqE9>.I.CdC6nM7ONR; Send","plugin-source/v10-source-restoration/WdServer.cs","1449"
"plugin-core","WdServer","hYblpshwyM","case AllEnums.后台通信类型.装备强化配置:","Singleton<rZ9xAdgxKYQQZPeE8Rm>.I.P6lgZ8HlOR; Send","plugin-source/v10-source-restoration/WdServer.cs","1453"
"plugin-core","WdServer","hYblpshwyM","case AllEnums.后台通信类型.礼包飘屏配置:","Singleton<xKp3aGWENEfI6KIHVKi>.I.xs7WqBkdu8; Send","plugin-source/v10-source-restoration/WdServer.cs","1457"
"plugin-core","WdServer","hYblpshwyM","case AllEnums.后台通信类型.超级进化配置:","Singleton<QxBx5YDqZUOBMg9A6NN>.I.BvhDzQDRki; Send","plugin-source/v10-source-restoration/WdServer.cs","1461"
"plugin-core","WdServer","hYblpshwyM","case AllEnums.后台通信类型.鸿运当头配置:","Singleton<S0U8ESlnAtMSWsCIoNo>.I.Gkfl7TUlqB; Send","plugin-source/v10-source-restoration/WdServer.cs","1465"
"plugin-core","WdServer","hYblpshwyM","case AllEnums.后台通信类型.特效配置:","Singleton<TOqsYfW68LIGjCtAgK8>.I.KqeWFPPUh7; Send","plugin-source/v10-source-restoration/WdServer.cs","1469"
"plugin-core","WdServer","hYblpshwyM","case AllEnums.后台通信类型.摆摊配置:","Singleton<YHfw7nGpg7WfdCBKDH4>.I.UOKGeGO3Co; Send","plugin-source/v10-source-restoration/WdServer.cs","1473"
"plugin-core","WdServer","hYblpshwyM","case AllEnums.后台通信类型.智能怪物配置:","Singleton<yuKf6DUSQGygKeLSQdj>.I.P6FUhRK84D; Send","plugin-source/v10-source-restoration/WdServer.cs","1477"
"plugin-core","WdServer","hYblpshwyM","case AllEnums.后台通信类型.天机神算配置:","Singleton<MtacAPJOeul0knZiQar>.I.taLJpPUKc5; Send","plugin-source/v10-source-restoration/WdServer.cs","1481"
"plugin-core","WdServer","hYblpshwyM","case AllEnums.后台通信类型.娃娃配置:","Singleton<mQEQjEBxYW4SsAecBHJ>.I.tvYBru4LWD; Send","plugin-source/v10-source-restoration/WdServer.cs","1485"
"plugin-core","WdServer","hYblpshwyM","case AllEnums.后台通信类型.日常配置:","Singleton<XhaJ3cfswGhhnmIequv>.I.G6Kfjamqld; Send","plugin-source/v10-source-restoration/WdServer.cs","1489"
"plugin-core","WdServer","hYblpshwyM","case AllEnums.后台通信类型.元神系统配置:","Singleton<Ab7Ypu2aCcHMcLPG8Um>.I.evk23G9j1A; Send","plugin-source/v10-source-restoration/WdServer.cs","1493"
"plugin-core","WdServer","hYblpshwyM","case AllEnums.后台通信类型.狐狸和狗配置:","Singleton<OmF9SPGlN77YLFkkoqN>.I.SpMGimfMK0; Send","plugin-source/v10-source-restoration/WdServer.cs","1497"
"plugin-core","WdServer","hYblpshwyM","case AllEnums.后台通信类型.内充支付配置:","Singleton<xH3TPsiexTnpJAMMnJm>.I.Sh7iAaTCjV; Send","plugin-source/v10-source-restoration/WdServer.cs","1501"
"plugin-core","WdServer","hYblpshwyM","case AllEnums.后台通信类型.道具数据配置:","Singleton<pGS3mljky49pI9pArc9>.I.agtj33Mvf1; Send","plugin-source/v10-source-restoration/WdServer.cs","1505"
"plugin-core","WdServer","hYblpshwyM","case AllEnums.后台通信类型.自助商店配置:","Singleton<uh2edhfVGtogUy49Lpv>.I.zwSfEKJQBQ; Send","plugin-source/v10-source-restoration/WdServer.cs","1509"
"plugin-core","WdServer","hYblpshwyM","case AllEnums.后台通信类型.角色监控信息:; case AllEnums.后台通信类型.CDK兑换信息:; case AllEnums.后台通信类型.专属合区配置:","","plugin-source/v10-source-restoration/WdServer.cs","1513"
"plugin-core","WdServer","iy48dd1yC6","case AllEnums.装备Type.时装:","DB.I.C2XNVmntJa; CS_0024_003C_003E8__locals17.VlcvwuHlCY.Send","plugin-source/v10-source-restoration/WdServer.cs","2327"
"plugin-core","WdServer","iy48dd1yC6","case AllEnums.装备Type.法宝:","DB.I.ThVNkUOkV1; CS_0024_003C_003E8__locals17.VlcvwuHlCY.Send","plugin-source/v10-source-restoration/WdServer.cs","2333"
"plugin-core","WdServer","iy48dd1yC6","case AllEnums.装备Type.梭子:","DB.I.EOON01Bhu7; CS_0024_003C_003E8__locals17.VlcvwuHlCY.Send","plugin-source/v10-source-restoration/WdServer.cs","2339"
"plugin-core","WdServer","iy48dd1yC6","case AllEnums.装备Type.铭牌:","DB.I.LuPNOoBm9M; CS_0024_003C_003E8__locals17.VlcvwuHlCY.Send","plugin-source/v10-source-restoration/WdServer.cs","2345"
"plugin-core","WdServer","iy48dd1yC6","case AllEnums.装备Type.仙器:","DB.I.XS1NQib1hv; CS_0024_003C_003E8__locals17.VlcvwuHlCY.Send","plugin-source/v10-source-restoration/WdServer.cs","2351"
"plugin-core","WdServer","iy48dd1yC6","case AllEnums.装备Type.引灵幡:","DB.I.q4tNElyr7E; CS_0024_003C_003E8__locals17.VlcvwuHlCY.Send","plugin-source/v10-source-restoration/WdServer.cs","2357"
"plugin-core","WdServer","a5u8UysETO","case AllEnums.菜单操作类型.个人_强制下线:","f4V8gw5egP","plugin-source/v10-source-restoration/WdServer.cs","2414"
"plugin-core","WdServer","a5u8UysETO","case AllEnums.菜单操作类型.个人_拉黑IP:","Iia8DWGc5b","plugin-source/v10-source-restoration/WdServer.cs","2417"
"plugin-core","WdServer","a5u8UysETO","case AllEnums.菜单操作类型.个人_拉黑Mac:","NsF8jxvq63","plugin-source/v10-source-restoration/WdServer.cs","2420"
"plugin-core","WdServer","a5u8UysETO","case AllEnums.菜单操作类型.个人_拉黑QQ:","l458lpUdk5","plugin-source/v10-source-restoration/WdServer.cs","2423"
"plugin-core","WdServer","a5u8UysETO","case AllEnums.菜单操作类型.个人_清空存档:","H2J88K362S","plugin-source/v10-source-restoration/WdServer.cs","2426"
"plugin-core","WdServer","a5u8UysETO","case AllEnums.菜单操作类型.个人_清空南极点:","Brw8IOVuMH","plugin-source/v10-source-restoration/WdServer.cs","2429"
"plugin-core","WdServer","a5u8UysETO","case AllEnums.菜单操作类型.个人_清空累充点:","qB48oD71cS","plugin-source/v10-source-restoration/WdServer.cs","2432"
"plugin-core","WdServer","a5u8UysETO","case AllEnums.菜单操作类型.个人_清空奇宝点:","Rfr8NuLhPI","plugin-source/v10-source-restoration/WdServer.cs","2435"
"plugin-core","WdServer","a5u8UysETO","case AllEnums.菜单操作类型.个人_清空金元宝:","JfQ8ibJBYC","plugin-source/v10-source-restoration/WdServer.cs","2438"
"plugin-core","WdServer","a5u8UysETO","case AllEnums.菜单操作类型.个人_清空银元宝:","uy98BGU9Is","plugin-source/v10-source-restoration/WdServer.cs","2441"
"plugin-core","WdServer","a5u8UysETO","case AllEnums.菜单操作类型.个人_清空定制异兽录:","yTk8GMGKdW","plugin-source/v10-source-restoration/WdServer.cs","2444"
"plugin-core","WdServer","a5u8UysETO","case AllEnums.菜单操作类型.个人_清空定制浮生录:","UOq8f6EvGG","plugin-source/v10-source-restoration/WdServer.cs","2447"
"plugin-core","WdServer","a5u8UysETO","case AllEnums.菜单操作类型.个人_清空定制六道轮回:","a0I86JAX3B","plugin-source/v10-source-restoration/WdServer.cs","2450"
"plugin-core","WdServer","a5u8UysETO","case AllEnums.菜单操作类型.个人_清空定制超级道具:","fEb82a2BNB","plugin-source/v10-source-restoration/WdServer.cs","2453"
"plugin-core","WdServer","a5u8UysETO","case AllEnums.菜单操作类型.个人_清空注册表数据:","DZp8m7U7K5","plugin-source/v10-source-restoration/WdServer.cs","2456"
"plugin-core","WdServer","a5u8UysETO","case AllEnums.菜单操作类型.全区_清空全区存档:","haM8PW8aZE","plugin-source/v10-source-restoration/WdServer.cs","2459"
"plugin-core","WdServer","a5u8UysETO","case AllEnums.菜单操作类型.全区_清空全区南极点:","auw8XoCQBt","plugin-source/v10-source-restoration/WdServer.cs","2462"
"plugin-core","WdServer","a5u8UysETO","case AllEnums.菜单操作类型.全区_清空全区累充点:","SIf8FUIJvH","plugin-source/v10-source-restoration/WdServer.cs","2465"
"plugin-core","WdServer","a5u8UysETO","case AllEnums.菜单操作类型.全区_清空全区奇宝点:","q0a8LXZUmU","plugin-source/v10-source-restoration/WdServer.cs","2468"
"plugin-core","WdServer","a5u8UysETO","case AllEnums.菜单操作类型.全区_清空全区金元宝:","HhU8SucTCZ","plugin-source/v10-source-restoration/WdServer.cs","2471"
"plugin-core","WdServer","a5u8UysETO","case AllEnums.菜单操作类型.全区_清空全区银元宝:","dLR8csTKoH","plugin-source/v10-source-restoration/WdServer.cs","2474"
"plugin-core","WdServer","paS85wuais","case 1:","","plugin-source/v10-source-restoration/WdServer.cs","3074"
"plugin-core","WdServer","paS85wuais","case 2:","","plugin-source/v10-source-restoration/WdServer.cs","3077"
"plugin-core","WdServer","paS85wuais","case 3:","DB.I.cAJNoOkab6","plugin-source/v10-source-restoration/WdServer.cs","3082"
"plugin-core","WdServer","paS85wuais","case 4:","myNATSocketClient.user.存档数据.浮生录数据.清空; Singleton<WdAPI>.I.清空玩家相性点","plugin-source/v10-source-restoration/WdServer.cs","3085"
"plugin-core","WdServer","paS85wuais","case 5:","myNATSocketClient.user.存档数据.轮回转世数据.清空; Singleton<WdAPI>.I.清空玩家相性点","plugin-source/v10-source-restoration/WdServer.cs","3089"
"plugin-core","WdServer","paS85wuais","case 6:","myNATSocketClient.user.存档数据.异兽录数据.清空; Singleton<WdAPI>.I.清空玩家相性点","plugin-source/v10-source-restoration/WdServer.cs","3093"
"plugin-core","WdServer","paS85wuais","case 7:","myNATSocketClient.user.存档数据.超级道具数据.Find; 清空","plugin-source/v10-source-restoration/WdServer.cs","3097"
"plugin-core","WdServer","xRD8MlyBom","case 1:","","plugin-source/v10-source-restoration/WdServer.cs","3121"
"plugin-core","WdServer","xRD8MlyBom","case 2:","","plugin-source/v10-source-restoration/WdServer.cs","3127"
"plugin-core","WdServer","xRD8MlyBom","case 3:","DB.I.b0lNGoCiRI; Task.Delay","plugin-source/v10-source-restoration/WdServer.cs","3135"
"plugin-core","WdServer","xRD8MlyBom","case 4:","value4.浮生录数据.清空; Task.Delay","plugin-source/v10-source-restoration/WdServer.cs","3142"
"plugin-core","WdServer","SSp8pyIMgD","case 1:","DB.I.V0wNwNfGJR; Send","plugin-source/v10-source-restoration/WdServer.cs","3565"
"plugin-core","WdServer","SSp8pyIMgD","case 2:","Singleton<wki1dRBBTGa2CXII175>.I.BbnBfEwQSV; Send","plugin-source/v10-source-restoration/WdServer.cs","3569"
"plugin-core","WdServer","SSp8pyIMgD","case 3:","Singleton<wki1dRBBTGa2CXII175>.I.NbJB6ku1Gh; CS_0024_003C_003E8__locals12.OlcvLqduJp.Send","plugin-source/v10-source-restoration/WdServer.cs","3573"
"plugin-core","WUi9QivDmyMdpkvOap.UuQEWHhexEnQTYynfh","LMVajrfJF","case AllEnums.任务Type.自动摆摊:","MrNT5FAY4; r0Z967e4Q; oKgyr17IZ; bF1CLEGvj; QGPVepPbZ; RxFknNtaC; mfC0jVvZE; QQiOL5J88; DGvE5pDFW; Fga3MjO0r; jgYYACInD; IEwpSTAlC","plugin-source/v10-source-restoration/WUi9QivDmyMdpkvOap/UuQEWHhexEnQTYynfh.cs","187"
"plugin-core","WUi9QivDmyMdpkvOap.UuQEWHhexEnQTYynfh","LMVajrfJF","case AllEnums.任务Type.超级道具活动:","MrNT5FAY4","plugin-source/v10-source-restoration/WUi9QivDmyMdpkvOap/UuQEWHhexEnQTYynfh.cs","207"
"plugin-core","WUi9QivDmyMdpkvOap.UuQEWHhexEnQTYynfh","LMVajrfJF","case AllEnums.任务Type.宠物召唤活动:","r0Z967e4Q","plugin-source/v10-source-restoration/WUi9QivDmyMdpkvOap/UuQEWHhexEnQTYynfh.cs","210"
"plugin-core","WUi9QivDmyMdpkvOap.UuQEWHhexEnQTYynfh","LMVajrfJF","case AllEnums.任务Type.六道轮回活动:","oKgyr17IZ","plugin-source/v10-source-restoration/WUi9QivDmyMdpkvOap/UuQEWHhexEnQTYynfh.cs","213"
"plugin-core","WUi9QivDmyMdpkvOap.UuQEWHhexEnQTYynfh","LMVajrfJF","case AllEnums.任务Type.异兽收录活动:","bF1CLEGvj","plugin-source/v10-source-restoration/WUi9QivDmyMdpkvOap/UuQEWHhexEnQTYynfh.cs","216"
"plugin-core","WUi9QivDmyMdpkvOap.UuQEWHhexEnQTYynfh","LMVajrfJF","case AllEnums.任务Type.大圣无双活动:","QGPVepPbZ","plugin-source/v10-source-restoration/WUi9QivDmyMdpkvOap/UuQEWHhexEnQTYynfh.cs","219"
"plugin-core","WUi9QivDmyMdpkvOap.UuQEWHhexEnQTYynfh","LMVajrfJF","case AllEnums.任务Type.推荐拉人活动:","RxFknNtaC","plugin-source/v10-source-restoration/WUi9QivDmyMdpkvOap/UuQEWHhexEnQTYynfh.cs","222"
"plugin-core","WUi9QivDmyMdpkvOap.UuQEWHhexEnQTYynfh","LMVajrfJF","case AllEnums.任务Type.燃眉之急活动:","mfC0jVvZE","plugin-source/v10-source-restoration/WUi9QivDmyMdpkvOap/UuQEWHhexEnQTYynfh.cs","225"
"plugin-core","WUi9QivDmyMdpkvOap.UuQEWHhexEnQTYynfh","LMVajrfJF","case AllEnums.任务Type.浮生加护活动:","QQiOL5J88","plugin-source/v10-source-restoration/WUi9QivDmyMdpkvOap/UuQEWHhexEnQTYynfh.cs","228"
"plugin-core","WUi9QivDmyMdpkvOap.UuQEWHhexEnQTYynfh","LMVajrfJF","case AllEnums.任务Type.宠物转生活动:","DGvE5pDFW","plugin-source/v10-source-restoration/WUi9QivDmyMdpkvOap/UuQEWHhexEnQTYynfh.cs","231"
"plugin-core","WUi9QivDmyMdpkvOap.UuQEWHhexEnQTYynfh","LMVajrfJF","case AllEnums.任务Type.巅峰对决版本:","Fga3MjO0r","plugin-source/v10-source-restoration/WUi9QivDmyMdpkvOap/UuQEWHhexEnQTYynfh.cs","234"
"plugin-core","WUi9QivDmyMdpkvOap.UuQEWHhexEnQTYynfh","LMVajrfJF","case AllEnums.任务Type.点卡系统:","jgYYACInD","plugin-source/v10-source-restoration/WUi9QivDmyMdpkvOap/UuQEWHhexEnQTYynfh.cs","237"
"plugin-core","WUi9QivDmyMdpkvOap.UuQEWHhexEnQTYynfh","LMVajrfJF","case AllEnums.任务Type.每日泡点活动:","IEwpSTAlC","plugin-source/v10-source-restoration/WUi9QivDmyMdpkvOap/UuQEWHhexEnQTYynfh.cs","240"
"plugin-core","xqlPMM2TJRNXpZnNDFn.Ab7Ypu2aCcHMcLPG8Um","hyd21cIsmI","case AllEnums.数值Type.道行:","defaultInterpolatedStringHandler.AppendLiteral; defaultInterpolatedStringHandler.AppendFormatted; i16.PndoGw5lW7; defaultInterpolatedStringHandler.ToStringAndClear; handler.AppendLiteral; handler.AppendFormatted; stringBuilder14.Append","plugin-source/v10-source-restoration/xqlPMM2TJRNXpZnNDFn/Ab7Ypu2aCcHMcLPG8Um.cs","6987"
"plugin-core","xqlPMM2TJRNXpZnNDFn.Ab7Ypu2aCcHMcLPG8Um","hyd21cIsmI","case AllEnums.数值Type.声望:","defaultInterpolatedStringHandler.AppendLiteral; defaultInterpolatedStringHandler.AppendFormatted; i15.PndoGw5lW7; defaultInterpolatedStringHandler.ToStringAndClear; handler.AppendLiteral; handler.AppendFormatted; stringBuilder13.Append","plugin-source/v10-source-restoration/xqlPMM2TJRNXpZnNDFn/Ab7Ypu2aCcHMcLPG8Um.cs","7012"
"plugin-core","xqlPMM2TJRNXpZnNDFn.Ab7Ypu2aCcHMcLPG8Um","hyd21cIsmI","case AllEnums.数值Type.金元宝:","defaultInterpolatedStringHandler.AppendLiteral; defaultInterpolatedStringHandler.AppendFormatted; i14.PndoGw5lW7; defaultInterpolatedStringHandler.ToStringAndClear; handler.AppendLiteral; handler.AppendFormatted; stringBuilder12.Append","plugin-source/v10-source-restoration/xqlPMM2TJRNXpZnNDFn/Ab7Ypu2aCcHMcLPG8Um.cs","7037"
"plugin-core","xqlPMM2TJRNXpZnNDFn.Ab7Ypu2aCcHMcLPG8Um","hyd21cIsmI","case AllEnums.数值Type.银元宝:","defaultInterpolatedStringHandler.AppendLiteral; defaultInterpolatedStringHandler.AppendFormatted; i13.PndoGw5lW7; defaultInterpolatedStringHandler.ToStringAndClear; handler.AppendLiteral; handler.AppendFormatted; stringBuilder11.Append","plugin-source/v10-source-restoration/xqlPMM2TJRNXpZnNDFn/Ab7Ypu2aCcHMcLPG8Um.cs","7062"
"plugin-core","xqlPMM2TJRNXpZnNDFn.Ab7Ypu2aCcHMcLPG8Um","hyd21cIsmI","case AllEnums.数值Type.金钱:","defaultInterpolatedStringHandler.AppendLiteral; defaultInterpolatedStringHandler.AppendFormatted; i12.PndoGw5lW7; defaultInterpolatedStringHandler.ToStringAndClear; handler.AppendLiteral; handler.AppendFormatted; Singleton<WdAPI>.I.问道标准数值文本; stringBuilder10.Append","plugin-source/v10-source-restoration/xqlPMM2TJRNXpZnNDFn/Ab7Ypu2aCcHMcLPG8Um.cs","7087"
"plugin-core","xqlPMM2TJRNXpZnNDFn.Ab7Ypu2aCcHMcLPG8Um","hyd21cIsmI","case AllEnums.数值Type.累充点:","defaultInterpolatedStringHandler.AppendLiteral; defaultInterpolatedStringHandler.AppendFormatted; i11.PndoGw5lW7; defaultInterpolatedStringHandler.ToStringAndClear; handler.AppendLiteral; handler.AppendFormatted; stringBuilder9.Append","plugin-source/v10-source-restoration/xqlPMM2TJRNXpZnNDFn/Ab7Ypu2aCcHMcLPG8Um.cs","7112"
"plugin-core","xqlPMM2TJRNXpZnNDFn.Ab7Ypu2aCcHMcLPG8Um","hyd21cIsmI","case AllEnums.数值Type.道具:","defaultInterpolatedStringHandler.AppendLiteral; defaultInterpolatedStringHandler.AppendFormatted; i10.PndoGw5lW7; defaultInterpolatedStringHandler.ToStringAndClear; handler.AppendLiteral; handler.AppendFormatted; stringBuilder8.Append","plugin-source/v10-source-restoration/xqlPMM2TJRNXpZnNDFn/Ab7Ypu2aCcHMcLPG8Um.cs","7137"
"plugin-core","xqlPMM2TJRNXpZnNDFn.Ab7Ypu2aCcHMcLPG8Um","hyd21cIsmI","case AllEnums.数值Type.南极点:","defaultInterpolatedStringHandler.AppendLiteral; defaultInterpolatedStringHandler.AppendFormatted; i9.PndoGw5lW7; defaultInterpolatedStringHandler.ToStringAndClear; handler.AppendLiteral; handler.AppendFormatted; stringBuilder7.Append","plugin-source/v10-source-restoration/xqlPMM2TJRNXpZnNDFn/Ab7Ypu2aCcHMcLPG8Um.cs","7163"
"plugin-core","xqlPMM2TJRNXpZnNDFn.Ab7Ypu2aCcHMcLPG8Um","hyd21cIsmI","case AllEnums.数值Type.宠物:","defaultInterpolatedStringHandler.AppendLiteral; defaultInterpolatedStringHandler.AppendFormatted; i8.PndoGw5lW7; defaultInterpolatedStringHandler.ToStringAndClear; handler.AppendLiteral; handler.AppendFormatted; stringBuilder6.Append","plugin-source/v10-source-restoration/xqlPMM2TJRNXpZnNDFn/Ab7Ypu2aCcHMcLPG8Um.cs","7188"
"plugin-core","xqlPMM2TJRNXpZnNDFn.Ab7Ypu2aCcHMcLPG8Um","hyd21cIsmI","case AllEnums.数值Type.坐骑:","defaultInterpolatedStringHandler.AppendLiteral; defaultInterpolatedStringHandler.AppendFormatted; i7.PndoGw5lW7; defaultInterpolatedStringHandler.ToStringAndClear; handler.AppendLiteral; handler.AppendFormatted; stringBuilder5.Append","plugin-source/v10-source-restoration/xqlPMM2TJRNXpZnNDFn/Ab7Ypu2aCcHMcLPG8Um.cs","7212"
"plugin-core","xqlPMM2TJRNXpZnNDFn.Ab7Ypu2aCcHMcLPG8Um","hyd21cIsmI","case AllEnums.数值Type.奇宝点:","defaultInterpolatedStringHandler.AppendLiteral; defaultInterpolatedStringHandler.AppendFormatted; i6.PndoGw5lW7; defaultInterpolatedStringHandler.ToStringAndClear; handler.AppendLiteral; handler.AppendFormatted; stringBuilder4.Append","plugin-source/v10-source-restoration/xqlPMM2TJRNXpZnNDFn/Ab7Ypu2aCcHMcLPG8Um.cs","7236"
"plugin-core","xqlPMM2TJRNXpZnNDFn.Ab7Ypu2aCcHMcLPG8Um","hyd21cIsmI","case AllEnums.数值Type.灵气值:","defaultInterpolatedStringHandler.AppendLiteral; defaultInterpolatedStringHandler.AppendFormatted; i5.PndoGw5lW7; defaultInterpolatedStringHandler.ToStringAndClear; handler.AppendLiteral; handler.AppendFormatted; stringBuilder3.Append","plugin-source/v10-source-restoration/xqlPMM2TJRNXpZnNDFn/Ab7Ypu2aCcHMcLPG8Um.cs","7261"
"plugin-core","xqlPMM2TJRNXpZnNDFn.Ab7Ypu2aCcHMcLPG8Um","l02mJcku8S","case 0:","list.Add; defaultInterpolatedStringHandler2.AppendLiteral; defaultInterpolatedStringHandler2.AppendFormatted; myNATSocketClient7.C_Send; i7.提示_提醒和杂项公告; defaultInterpolatedStringHandler2.ToStringAndClear","plugin-source/v10-source-restoration/xqlPMM2TJRNXpZnNDFn/Ab7Ypu2aCcHMcLPG8Um.cs","9181"
"plugin-core","xqlPMM2TJRNXpZnNDFn.Ab7Ypu2aCcHMcLPG8Um","l02mJcku8S","case 1:","list.Add; defaultInterpolatedStringHandler2.AppendLiteral; defaultInterpolatedStringHandler2.AppendFormatted; myNATSocketClient6.C_Send; i6.提示_提醒和杂项公告; defaultInterpolatedStringHandler2.ToStringAndClear","plugin-source/v10-source-restoration/xqlPMM2TJRNXpZnNDFn/Ab7Ypu2aCcHMcLPG8Um.cs","9203"
"plugin-core","xqlPMM2TJRNXpZnNDFn.Ab7Ypu2aCcHMcLPG8Um","l02mJcku8S","case 2:","list.Add; defaultInterpolatedStringHandler2.AppendLiteral; defaultInterpolatedStringHandler2.AppendFormatted; myNATSocketClient5.C_Send; i5.提示_提醒和杂项公告; defaultInterpolatedStringHandler2.ToStringAndClear","plugin-source/v10-source-restoration/xqlPMM2TJRNXpZnNDFn/Ab7Ypu2aCcHMcLPG8Um.cs","9225"
"plugin-core","xqlPMM2TJRNXpZnNDFn.Ab7Ypu2aCcHMcLPG8Um","l02mJcku8S","case 3:","list.Add; defaultInterpolatedStringHandler2.AppendLiteral; defaultInterpolatedStringHandler2.AppendFormatted; myNATSocketClient4.C_Send; i4.提示_提醒和杂项公告; defaultInterpolatedStringHandler2.ToStringAndClear","plugin-source/v10-source-restoration/xqlPMM2TJRNXpZnNDFn/Ab7Ypu2aCcHMcLPG8Um.cs","9247"
"plugin-core","xqlPMM2TJRNXpZnNDFn.Ab7Ypu2aCcHMcLPG8Um._003C_003Ec__DisplayClass36_0","YKHCjOUXFL","case 0:","list.Add; defaultInterpolatedStringHandler.AppendLiteral; defaultInterpolatedStringHandler.AppendFormatted; myNATSocketClient5.C_Send; i5.提示_提醒和杂项公告; defaultInterpolatedStringHandler.ToStringAndClear","plugin-source/v10-source-restoration/xqlPMM2TJRNXpZnNDFn/Ab7Ypu2aCcHMcLPG8Um.cs","348"
"plugin-core","xqlPMM2TJRNXpZnNDFn.Ab7Ypu2aCcHMcLPG8Um._003C_003Ec__DisplayClass36_0","YKHCjOUXFL","case 1:","list.Add; defaultInterpolatedStringHandler.AppendLiteral; defaultInterpolatedStringHandler.AppendFormatted; myNATSocketClient4.C_Send; i4.提示_提醒和杂项公告; defaultInterpolatedStringHandler.ToStringAndClear","plugin-source/v10-source-restoration/xqlPMM2TJRNXpZnNDFn/Ab7Ypu2aCcHMcLPG8Um.cs","370"
"plugin-core","xqlPMM2TJRNXpZnNDFn.Ab7Ypu2aCcHMcLPG8Um._003C_003Ec__DisplayClass36_0","YKHCjOUXFL","case 2:","list.Add; defaultInterpolatedStringHandler.AppendLiteral; defaultInterpolatedStringHandler.AppendFormatted; myNATSocketClient3.C_Send; i3.提示_提醒和杂项公告; defaultInterpolatedStringHandler.ToStringAndClear","plugin-source/v10-source-restoration/xqlPMM2TJRNXpZnNDFn/Ab7Ypu2aCcHMcLPG8Um.cs","392"
"plugin-core","xqlPMM2TJRNXpZnNDFn.Ab7Ypu2aCcHMcLPG8Um._003C_003Ec__DisplayClass36_0","YKHCjOUXFL","case 3:","list.Add; defaultInterpolatedStringHandler.AppendLiteral; defaultInterpolatedStringHandler.AppendFormatted; myNATSocketClient2.C_Send; i2.提示_提醒和杂项公告; defaultInterpolatedStringHandler.ToStringAndClear","plugin-source/v10-source-restoration/xqlPMM2TJRNXpZnNDFn/Ab7Ypu2aCcHMcLPG8Um.cs","414"
"plugin-core","XWKUjNiqpjLqc4emuCT.xH3TPsiexTnpJAMMnJm","nCwBWKfcc3","case AllEnums.项目类型.系统充值:","DB.I.rZCNrYJFT4","plugin-source/v10-source-restoration/XWKUjNiqpjLqc4emuCT/xH3TPsiexTnpJAMMnJm.cs","536"
"plugin-core","XWKUjNiqpjLqc4emuCT.xH3TPsiexTnpJAMMnJm","nCwBWKfcc3","case AllEnums.项目类型.奇宝充值:","Singleton<WdAPI>.I.PndoGw5lW7; defaultInterpolatedStringHandler.AppendLiteral; defaultInterpolatedStringHandler.AppendFormatted; P_0.C_Send; i.提示_提醒和杂项公告; defaultInterpolatedStringHandler.ToStringAndClear","plugin-source/v10-source-restoration/XWKUjNiqpjLqc4emuCT/xH3TPsiexTnpJAMMnJm.cs","539"
"plugin-core","XWKUjNiqpjLqc4emuCT.xH3TPsiexTnpJAMMnJm","nCwBWKfcc3","case AllEnums.项目类型.奇宝购买:","Singleton<svsUCqKdlsQkBBIo3St>.I.Df7Kfoshay; P_0.C_Send; Singleton<WdAPI>.I.提示_提醒和杂项公告","plugin-source/v10-source-restoration/XWKUjNiqpjLqc4emuCT/xH3TPsiexTnpJAMMnJm.cs","551"
"plugin-core","XWKUjNiqpjLqc4emuCT.xH3TPsiexTnpJAMMnJm","nCwBWKfcc3","case AllEnums.项目类型.发卡抽奖:","O7gBj7CiyG","plugin-source/v10-source-restoration/XWKUjNiqpjLqc4emuCT/xH3TPsiexTnpJAMMnJm.cs","555"
"plugin-core","XWKUjNiqpjLqc4emuCT.xH3TPsiexTnpJAMMnJm","nCwBWKfcc3","case AllEnums.项目类型.天机神算:; case AllEnums.项目类型.其他购买:","","plugin-source/v10-source-restoration/XWKUjNiqpjLqc4emuCT/xH3TPsiexTnpJAMMnJm.cs","558"
"plugin-core","XWKUjNiqpjLqc4emuCT.xH3TPsiexTnpJAMMnJm","O7gBj7CiyG","case AllEnums.数值Type.道具:","Singleton<WdAPI>.I.PndoGw5lW7; defaultInterpolatedStringHandler.AppendLiteral; defaultInterpolatedStringHandler.AppendFormatted; defaultInterpolatedStringHandler.ToStringAndClear; handler.AppendLiteral; handler.AppendFormatted; stringBuilder3.Append","plugin-source/v10-source-restoration/XWKUjNiqpjLqc4emuCT/xH3TPsiexTnpJAMMnJm.cs","640"
"plugin-core","XWKUjNiqpjLqc4emuCT.xH3TPsiexTnpJAMMnJm","O7gBj7CiyG","case AllEnums.数值Type.金元宝:","Singleton<WdAPI>.I.PndoGw5lW7; defaultInterpolatedStringHandler.AppendLiteral; defaultInterpolatedStringHandler.AppendFormatted; defaultInterpolatedStringHandler.ToStringAndClear; handler.AppendLiteral; handler.AppendFormatted; stringBuilder7.Append","plugin-source/v10-source-restoration/XWKUjNiqpjLqc4emuCT/xH3TPsiexTnpJAMMnJm.cs","666"
"plugin-core","XWKUjNiqpjLqc4emuCT.xH3TPsiexTnpJAMMnJm","O7gBj7CiyG","case AllEnums.数值Type.银元宝:","Singleton<WdAPI>.I.PndoGw5lW7; defaultInterpolatedStringHandler.AppendLiteral; defaultInterpolatedStringHandler.AppendFormatted; defaultInterpolatedStringHandler.ToStringAndClear; handler.AppendLiteral; handler.AppendFormatted; stringBuilder4.Append","plugin-source/v10-source-restoration/XWKUjNiqpjLqc4emuCT/xH3TPsiexTnpJAMMnJm.cs","688"
"plugin-core","XWKUjNiqpjLqc4emuCT.xH3TPsiexTnpJAMMnJm","O7gBj7CiyG","case AllEnums.数值Type.奇宝点:","Singleton<WdAPI>.I.PndoGw5lW7; defaultInterpolatedStringHandler.AppendLiteral; defaultInterpolatedStringHandler.AppendFormatted; defaultInterpolatedStringHandler.ToStringAndClear; handler.AppendLiteral; handler.AppendFormatted; stringBuilder6.Append","plugin-source/v10-source-restoration/XWKUjNiqpjLqc4emuCT/xH3TPsiexTnpJAMMnJm.cs","710"
"plugin-core","XWKUjNiqpjLqc4emuCT.xH3TPsiexTnpJAMMnJm","O7gBj7CiyG","case AllEnums.数值Type.累充点:","Singleton<WdAPI>.I.PndoGw5lW7; defaultInterpolatedStringHandler.AppendLiteral; defaultInterpolatedStringHandler.AppendFormatted; defaultInterpolatedStringHandler.ToStringAndClear; handler.AppendLiteral; handler.AppendFormatted; stringBuilder8.Append","plugin-source/v10-source-restoration/XWKUjNiqpjLqc4emuCT/xH3TPsiexTnpJAMMnJm.cs","732"
"plugin-core","XWKUjNiqpjLqc4emuCT.xH3TPsiexTnpJAMMnJm","O7gBj7CiyG","case AllEnums.数值Type.灵气值:","Singleton<WdAPI>.I.PndoGw5lW7; defaultInterpolatedStringHandler.AppendLiteral; defaultInterpolatedStringHandler.AppendFormatted; defaultInterpolatedStringHandler.ToStringAndClear; handler.AppendLiteral; handler.AppendFormatted; stringBuilder5.Append","plugin-source/v10-source-restoration/XWKUjNiqpjLqc4emuCT/xH3TPsiexTnpJAMMnJm.cs","754"
"plugin-core","XWKUjNiqpjLqc4emuCT.xH3TPsiexTnpJAMMnJm","O7gBj7CiyG","case AllEnums.数值Type.金钱:","Singleton<WdAPI>.I.PndoGw5lW7; Singleton<WdAPI>.I.问道标准数值文本; handler.AppendLiteral; handler.AppendFormatted; stringBuilder2.Append","plugin-source/v10-source-restoration/XWKUjNiqpjLqc4emuCT/xH3TPsiexTnpJAMMnJm.cs","776"
"plugin-core","y24fbEG8KTuMIdiCbG1.OmF9SPGlN77YLFkkoqN","MnrGFfQg01","case 1:","封包_写2.写字节型; 封包_读2.读字节型","plugin-source/v10-source-restoration/y24fbEG8KTuMIdiCbG1/OmF9SPGlN77YLFkkoqN.cs","562"
"plugin-core","y24fbEG8KTuMIdiCbG1.OmF9SPGlN77YLFkkoqN","MnrGFfQg01","case 2:","封包_写2.写短整数型; 封包_读2.读短整数型","plugin-source/v10-source-restoration/y24fbEG8KTuMIdiCbG1/OmF9SPGlN77YLFkkoqN.cs","565"
"plugin-core","y24fbEG8KTuMIdiCbG1.OmF9SPGlN77YLFkkoqN","MnrGFfQg01","case 3:","封包_写2.写整数型; 封包_读2.读整数型","plugin-source/v10-source-restoration/y24fbEG8KTuMIdiCbG1/OmF9SPGlN77YLFkkoqN.cs","568"
"plugin-core","y24fbEG8KTuMIdiCbG1.OmF9SPGlN77YLFkkoqN","MnrGFfQg01","case 4:","封包_写2.写文本型; 封包_读2.读文本型","plugin-source/v10-source-restoration/y24fbEG8KTuMIdiCbG1/OmF9SPGlN77YLFkkoqN.cs","571"
"plugin-core","y24fbEG8KTuMIdiCbG1.OmF9SPGlN77YLFkkoqN","lHxGLMKrTL","case 1:","封包_写2.写字节型; 封包_读2.读字节型","plugin-source/v10-source-restoration/y24fbEG8KTuMIdiCbG1/OmF9SPGlN77YLFkkoqN.cs","618"
"plugin-core","y24fbEG8KTuMIdiCbG1.OmF9SPGlN77YLFkkoqN","lHxGLMKrTL","case 2:","封包_写2.写短整数型; 封包_读2.读短整数型","plugin-source/v10-source-restoration/y24fbEG8KTuMIdiCbG1/OmF9SPGlN77YLFkkoqN.cs","621"
"plugin-core","y24fbEG8KTuMIdiCbG1.OmF9SPGlN77YLFkkoqN","lHxGLMKrTL","case 3:","封包_写2.写整数型; 封包_读2.读整数型","plugin-source/v10-source-restoration/y24fbEG8KTuMIdiCbG1/OmF9SPGlN77YLFkkoqN.cs","624"
"plugin-core","y24fbEG8KTuMIdiCbG1.OmF9SPGlN77YLFkkoqN","lHxGLMKrTL","case 4:","封包_写2.写文本型; 封包_读2.读文本型","plugin-source/v10-source-restoration/y24fbEG8KTuMIdiCbG1/OmF9SPGlN77YLFkkoqN.cs","627"
"plugin-core","y24fbEG8KTuMIdiCbG1.OmF9SPGlN77YLFkkoqN","uFlGndCwNW","case 1:","封包_写2.写字节型; 封包_读2.读字节型","plugin-source/v10-source-restoration/y24fbEG8KTuMIdiCbG1/OmF9SPGlN77YLFkkoqN.cs","804"
"plugin-core","y24fbEG8KTuMIdiCbG1.OmF9SPGlN77YLFkkoqN","uFlGndCwNW","case 2:","封包_写2.写短整数型; 封包_读2.读短整数型","plugin-source/v10-source-restoration/y24fbEG8KTuMIdiCbG1/OmF9SPGlN77YLFkkoqN.cs","807"
"plugin-core","y24fbEG8KTuMIdiCbG1.OmF9SPGlN77YLFkkoqN","uFlGndCwNW","case 3:","封包_读2.读整数型; Singleton<ByteAPI>.I.HtoC; 封包_写2.写整数型","plugin-source/v10-source-restoration/y24fbEG8KTuMIdiCbG1/OmF9SPGlN77YLFkkoqN.cs","810"
"plugin-core","y24fbEG8KTuMIdiCbG1.OmF9SPGlN77YLFkkoqN","uFlGndCwNW","case 4:","封包_读2.读文本型; Enumerable.SequenceEqual; 封包_写2.写文本型","plugin-source/v10-source-restoration/y24fbEG8KTuMIdiCbG1/OmF9SPGlN77YLFkkoqN.cs","818"
"plugin-core","y24fbEG8KTuMIdiCbG1.OmF9SPGlN77YLFkkoqN","uFlGndCwNW","case 6:","封包_写2.写字节型; 封包_读2.读字节型","plugin-source/v10-source-restoration/y24fbEG8KTuMIdiCbG1/OmF9SPGlN77YLFkkoqN.cs","834"
"plugin-core","y24fbEG8KTuMIdiCbG1.OmF9SPGlN77YLFkkoqN","uFlGndCwNW","case 7:","封包_写2.写短整数型; 封包_读2.读短整数型","plugin-source/v10-source-restoration/y24fbEG8KTuMIdiCbG1/OmF9SPGlN77YLFkkoqN.cs","837"
"plugin-core","y24fbEG8KTuMIdiCbG1.OmF9SPGlN77YLFkkoqN","cauG527dwQ","case 1:","封包_读2.读字节集; 封包_写2.写字节集","plugin-source/v10-source-restoration/y24fbEG8KTuMIdiCbG1/OmF9SPGlN77YLFkkoqN.cs","1004"
"plugin-core","y24fbEG8KTuMIdiCbG1.OmF9SPGlN77YLFkkoqN","cauG527dwQ","case 2:","封包_读2.读字节集; 封包_写2.写字节集","plugin-source/v10-source-restoration/y24fbEG8KTuMIdiCbG1/OmF9SPGlN77YLFkkoqN.cs","1010"
"plugin-core","y24fbEG8KTuMIdiCbG1.OmF9SPGlN77YLFkkoqN","cauG527dwQ","case 3:","封包_读2.读整数型; Enumerable.SequenceEqual; 封包_写2.写整数型","plugin-source/v10-source-restoration/y24fbEG8KTuMIdiCbG1/OmF9SPGlN77YLFkkoqN.cs","1016"
"plugin-core","y24fbEG8KTuMIdiCbG1.OmF9SPGlN77YLFkkoqN","cauG527dwQ","case 4:","封包_读2.读文本型; Enumerable.SequenceEqual; 封包_写2.写文本型","plugin-source/v10-source-restoration/y24fbEG8KTuMIdiCbG1/OmF9SPGlN77YLFkkoqN.cs","1026"
"plugin-core","y24fbEG8KTuMIdiCbG1.OmF9SPGlN77YLFkkoqN","JIbGCjRRkh","case 1:","封包_写3.写字节型; 封包_读2.读字节型","plugin-source/v10-source-restoration/y24fbEG8KTuMIdiCbG1/OmF9SPGlN77YLFkkoqN.cs","1492"
"plugin-core","y24fbEG8KTuMIdiCbG1.OmF9SPGlN77YLFkkoqN","JIbGCjRRkh","case 2:","封包_写3.写短整数型; 封包_读2.读短整数型","plugin-source/v10-source-restoration/y24fbEG8KTuMIdiCbG1/OmF9SPGlN77YLFkkoqN.cs","1495"
"plugin-core","y24fbEG8KTuMIdiCbG1.OmF9SPGlN77YLFkkoqN","JIbGCjRRkh","case 3:","封包_读2.读整数型; 封包_写3.写整数型","plugin-source/v10-source-restoration/y24fbEG8KTuMIdiCbG1/OmF9SPGlN77YLFkkoqN.cs","1498"
"plugin-core","y24fbEG8KTuMIdiCbG1.OmF9SPGlN77YLFkkoqN","JIbGCjRRkh","case 6:","","plugin-source/v10-source-restoration/y24fbEG8KTuMIdiCbG1/OmF9SPGlN77YLFkkoqN.cs","1503"
"plugin-core","y24fbEG8KTuMIdiCbG1.OmF9SPGlN77YLFkkoqN","JIbGCjRRkh","case 7:","","plugin-source/v10-source-restoration/y24fbEG8KTuMIdiCbG1/OmF9SPGlN77YLFkkoqN.cs","1506"
"plugin-core","y24fbEG8KTuMIdiCbG1.OmF9SPGlN77YLFkkoqN","JIbGCjRRkh","case 4:","封包_写3.写文本型; 封包_读2.读文本型","plugin-source/v10-source-restoration/y24fbEG8KTuMIdiCbG1/OmF9SPGlN77YLFkkoqN.cs","1513"
"plugin-core","y24fbEG8KTuMIdiCbG1.OmF9SPGlN77YLFkkoqN","tqsGVyD6Ms","case 1:","封包_写2.写字节型; 封包_读2.读字节型","plugin-source/v10-source-restoration/y24fbEG8KTuMIdiCbG1/OmF9SPGlN77YLFkkoqN.cs","1563"
"plugin-core","y24fbEG8KTuMIdiCbG1.OmF9SPGlN77YLFkkoqN","tqsGVyD6Ms","case 2:","封包_写2.写短整数型; 封包_读2.读短整数型","plugin-source/v10-source-restoration/y24fbEG8KTuMIdiCbG1/OmF9SPGlN77YLFkkoqN.cs","1566"
"plugin-core","y24fbEG8KTuMIdiCbG1.OmF9SPGlN77YLFkkoqN","tqsGVyD6Ms","case 3:","封包_读2.读整数型; 封包_写2.写整数型","plugin-source/v10-source-restoration/y24fbEG8KTuMIdiCbG1/OmF9SPGlN77YLFkkoqN.cs","1569"
"plugin-core","y24fbEG8KTuMIdiCbG1.OmF9SPGlN77YLFkkoqN","tqsGVyD6Ms","case 6:","","plugin-source/v10-source-restoration/y24fbEG8KTuMIdiCbG1/OmF9SPGlN77YLFkkoqN.cs","1574"
"plugin-core","y24fbEG8KTuMIdiCbG1.OmF9SPGlN77YLFkkoqN","tqsGVyD6Ms","case 7:","","plugin-source/v10-source-restoration/y24fbEG8KTuMIdiCbG1/OmF9SPGlN77YLFkkoqN.cs","1580"
"plugin-core","y24fbEG8KTuMIdiCbG1.OmF9SPGlN77YLFkkoqN","tqsGVyD6Ms","case 4:","封包_写2.写文本型; 封包_读2.读文本型","plugin-source/v10-source-restoration/y24fbEG8KTuMIdiCbG1/OmF9SPGlN77YLFkkoqN.cs","1587"
"plugin-core","YOheREbBnDq6LvvWZEr.BpcEfFbiGBBV3s2B0ai","KRFbFwXOpy","case AllEnums.数值Type.金元宝:","defaultInterpolatedStringHandler.AppendLiteral; defaultInterpolatedStringHandler.AppendFormatted; P_0.C_Send; i5.提示_中心提醒; defaultInterpolatedStringHandler.ToStringAndClear; DB.I.cAJNoOkab6; Singleton<WdAPI>.I.提示_中心提醒; i6.提示_中心提醒; first2.Concat(i7.提示_杂项公告(defaultInterpolatedStringHandler.ToStringAndClear())).ToArray; first2.Concat; i7.提示_杂项公告","plugin-source/v10-source-restoration/YOheREbBnDq6LvvWZEr/BpcEfFbiGBBV3s2B0ai.cs","175"
"plugin-core","YOheREbBnDq6LvvWZEr.BpcEfFbiGBBV3s2B0ai","KRFbFwXOpy","case AllEnums.数值Type.银元宝:","defaultInterpolatedStringHandler.AppendLiteral; defaultInterpolatedStringHandler.AppendFormatted; P_0.C_Send; i2.提示_中心提醒; defaultInterpolatedStringHandler.ToStringAndClear; DB.I.cAJNoOkab6; Singleton<WdAPI>.I.提示_中心提醒; i3.提示_中心提醒; first.Concat(i4.提示_杂项公告(defaultInterpolatedStringHandler.ToStringAndClear())).ToArray; first.Concat; i4.提示_杂项公告","plugin-source/v10-source-restoration/YOheREbBnDq6LvvWZEr/BpcEfFbiGBBV3s2B0ai.cs","206"
"plugin-core","YOheREbBnDq6LvvWZEr.BpcEfFbiGBBV3s2B0ai","KRFbFwXOpy","case AllEnums.数值Type.金钱:","defaultInterpolatedStringHandler.AppendLiteral; defaultInterpolatedStringHandler.AppendFormatted; P_0.C_Send; i.提示_中心提醒; defaultInterpolatedStringHandler.ToStringAndClear; Singleton<WdAPI>.I.PndoGw5lW7; Singleton<WdAPI>.I.提示_中心提醒(""恭喜你，花费了"" + Singleton<WdAPI>.I.问道标准数值文本(Singleton<全局变量类>.I.圣无双配置.门票价格) + ""文钱成功报名了本届的无双争夺战！"").Concat(Singleton<WdAPI>.I.提示_杂项公告(""恭喜你，花费了"" + Singleton<WdAPI>.I.问道标准数值文本(Singleton<全局变量类>.I.圣无双配置.门票价格) + ""文钱成功报名了本届的无双争夺战！"")).ToArray; Singleton<WdAPI>.I.提示_中心提醒(""恭喜你，花费了"" + Singleton<WdAPI>.I.问道标准数值文本(Singleton<全局变量类>.I.圣无双配置.门票价格) + ""文钱成功报名了本届的无双争夺战！"").Concat; Singleton<WdAPI>.I.提示_中心提醒; Singleton<WdAPI>.I.问道标准数值文本; Singleton<WdAPI>.I.提示_杂项公告","plugin-source/v10-source-restoration/YOheREbBnDq6LvvWZEr/BpcEfFbiGBBV3s2B0ai.cs","237"
"plugin-core","YOheREbBnDq6LvvWZEr.BpcEfFbiGBBV3s2B0ai","r16bLTg3QG","case 0:","stringBuilder.Append","plugin-source/v10-source-restoration/YOheREbBnDq6LvvWZEr/BpcEfFbiGBBV3s2B0ai.cs","288"
"plugin-core","YOheREbBnDq6LvvWZEr.BpcEfFbiGBBV3s2B0ai","r16bLTg3QG","case 20:","stringBuilder.Append","plugin-source/v10-source-restoration/YOheREbBnDq6LvvWZEr/BpcEfFbiGBBV3s2B0ai.cs","291"
"plugin-core","YOheREbBnDq6LvvWZEr.BpcEfFbiGBBV3s2B0ai","r16bLTg3QG","case 50:","stringBuilder.Append","plugin-source/v10-source-restoration/YOheREbBnDq6LvvWZEr/BpcEfFbiGBBV3s2B0ai.cs","294"
"plugin-core","YOheREbBnDq6LvvWZEr.BpcEfFbiGBBV3s2B0ai","r16bLTg3QG","case 100:","stringBuilder.Append","plugin-source/v10-source-restoration/YOheREbBnDq6LvvWZEr/BpcEfFbiGBBV3s2B0ai.cs","297"
"plugin-core","YOheREbBnDq6LvvWZEr.BpcEfFbiGBBV3s2B0ai","r16bLTg3QG","case 200:","stringBuilder.Append","plugin-source/v10-source-restoration/YOheREbBnDq6LvvWZEr/BpcEfFbiGBBV3s2B0ai.cs","300"
"plugin-core","YOheREbBnDq6LvvWZEr.BpcEfFbiGBBV3s2B0ai","r16bLTg3QG","case 500:","stringBuilder.Append","plugin-source/v10-source-restoration/YOheREbBnDq6LvvWZEr/BpcEfFbiGBBV3s2B0ai.cs","303"
"plugin-core","YOheREbBnDq6LvvWZEr.BpcEfFbiGBBV3s2B0ai","r16bLTg3QG","case 0:","stringBuilder.Append","plugin-source/v10-source-restoration/YOheREbBnDq6LvvWZEr/BpcEfFbiGBBV3s2B0ai.cs","309"
"plugin-core","YOheREbBnDq6LvvWZEr.BpcEfFbiGBBV3s2B0ai","r16bLTg3QG","case 10:","stringBuilder.Append","plugin-source/v10-source-restoration/YOheREbBnDq6LvvWZEr/BpcEfFbiGBBV3s2B0ai.cs","312"
"plugin-core","YOheREbBnDq6LvvWZEr.BpcEfFbiGBBV3s2B0ai","r16bLTg3QG","case 30:","stringBuilder.Append","plugin-source/v10-source-restoration/YOheREbBnDq6LvvWZEr/BpcEfFbiGBBV3s2B0ai.cs","315"
"plugin-core","YOheREbBnDq6LvvWZEr.BpcEfFbiGBBV3s2B0ai","r16bLTg3QG","case 50:","stringBuilder.Append","plugin-source/v10-source-restoration/YOheREbBnDq6LvvWZEr/BpcEfFbiGBBV3s2B0ai.cs","318"
"plugin-core","YOheREbBnDq6LvvWZEr.BpcEfFbiGBBV3s2B0ai","r16bLTg3QG","case 100:","stringBuilder.Append","plugin-source/v10-source-restoration/YOheREbBnDq6LvvWZEr/BpcEfFbiGBBV3s2B0ai.cs","321"
"plugin-core","YOheREbBnDq6LvvWZEr.BpcEfFbiGBBV3s2B0ai","r16bLTg3QG","case 200:","stringBuilder.Append","plugin-source/v10-source-restoration/YOheREbBnDq6LvvWZEr/BpcEfFbiGBBV3s2B0ai.cs","324"
"plugin-core","YOheREbBnDq6LvvWZEr.BpcEfFbiGBBV3s2B0ai","qmbb5HS1Ea","case AllEnums.数值Type.金元宝:","defaultInterpolatedStringHandler.AppendLiteral; defaultInterpolatedStringHandler.AppendFormatted; P_0.C_Send; i5.提示_中心提醒; defaultInterpolatedStringHandler.ToStringAndClear; DB.I.cAJNoOkab6; Singleton<WdAPI>.I.提示_中心提醒; i6.提示_杂项公告","plugin-source/v10-source-restoration/YOheREbBnDq6LvvWZEr/BpcEfFbiGBBV3s2B0ai.cs","552"
"plugin-core","YOheREbBnDq6LvvWZEr.BpcEfFbiGBBV3s2B0ai","qmbb5HS1Ea","case AllEnums.数值Type.银元宝:","defaultInterpolatedStringHandler.AppendLiteral; defaultInterpolatedStringHandler.AppendFormatted; P_0.C_Send; i3.提示_中心提醒; defaultInterpolatedStringHandler.ToStringAndClear; DB.I.cAJNoOkab6; Singleton<WdAPI>.I.提示_中心提醒; i4.提示_杂项公告","plugin-source/v10-source-restoration/YOheREbBnDq6LvvWZEr/BpcEfFbiGBBV3s2B0ai.cs","578"
"plugin-core","YOheREbBnDq6LvvWZEr.BpcEfFbiGBBV3s2B0ai","qmbb5HS1Ea","case AllEnums.数值Type.金钱:","P_0.C_Send; Singleton<WdAPI>.I.提示_中心提醒; Singleton<WdAPI>.I.问道标准数值文本; Singleton<WdAPI>.I.PndoGw5lW7; Singleton<WdAPI>.I.提示_杂项公告","plugin-source/v10-source-restoration/YOheREbBnDq6LvvWZEr/BpcEfFbiGBBV3s2B0ai.cs","604"
"plugin-core","YOheREbBnDq6LvvWZEr.BpcEfFbiGBBV3s2B0ai","qmbb5HS1Ea","case 0:","Singleton<全局变量类>.I.圣无双配置.累胜奖励列表.TryGetValue; Singleton<WdAPI>.I.PndoGw5lW7; P_0.C_Send; Singleton<WdAPI>.I.提示_中心提醒","plugin-source/v10-source-restoration/YOheREbBnDq6LvvWZEr/BpcEfFbiGBBV3s2B0ai.cs","653"
"plugin-core","YOheREbBnDq6LvvWZEr.BpcEfFbiGBBV3s2B0ai","qmbb5HS1Ea","case 20:","Singleton<全局变量类>.I.圣无双配置.累胜奖励列表.TryGetValue; Singleton<WdAPI>.I.PndoGw5lW7; P_0.C_Send; Singleton<WdAPI>.I.提示_中心提醒","plugin-source/v10-source-restoration/YOheREbBnDq6LvvWZEr/BpcEfFbiGBBV3s2B0ai.cs","667"
"plugin-core","YOheREbBnDq6LvvWZEr.BpcEfFbiGBBV3s2B0ai","qmbb5HS1Ea","case 50:","Singleton<全局变量类>.I.圣无双配置.累胜奖励列表.TryGetValue; Singleton<WdAPI>.I.PndoGw5lW7; P_0.C_Send; Singleton<WdAPI>.I.提示_中心提醒","plugin-source/v10-source-restoration/YOheREbBnDq6LvvWZEr/BpcEfFbiGBBV3s2B0ai.cs","681"
"plugin-core","YOheREbBnDq6LvvWZEr.BpcEfFbiGBBV3s2B0ai","qmbb5HS1Ea","case 100:","Singleton<全局变量类>.I.圣无双配置.累胜奖励列表.TryGetValue; Singleton<WdAPI>.I.PndoGw5lW7; P_0.C_Send; Singleton<WdAPI>.I.提示_中心提醒","plugin-source/v10-source-restoration/YOheREbBnDq6LvvWZEr/BpcEfFbiGBBV3s2B0ai.cs","695"
"plugin-core","YOheREbBnDq6LvvWZEr.BpcEfFbiGBBV3s2B0ai","qmbb5HS1Ea","case 200:","Singleton<全局变量类>.I.圣无双配置.累胜奖励列表.TryGetValue; Singleton<WdAPI>.I.PndoGw5lW7; P_0.C_Send; Singleton<WdAPI>.I.提示_中心提醒","plugin-source/v10-source-restoration/YOheREbBnDq6LvvWZEr/BpcEfFbiGBBV3s2B0ai.cs","709"
"plugin-core","YOheREbBnDq6LvvWZEr.BpcEfFbiGBBV3s2B0ai","qmbb5HS1Ea","case 0:","Singleton<全局变量类>.I.圣无双配置.连胜奖励列表.TryGetValue; Singleton<WdAPI>.I.PndoGw5lW7; P_0.C_Send; Singleton<WdAPI>.I.提示_中心提醒","plugin-source/v10-source-restoration/YOheREbBnDq6LvvWZEr/BpcEfFbiGBBV3s2B0ai.cs","729"
"plugin-core","YOheREbBnDq6LvvWZEr.BpcEfFbiGBBV3s2B0ai","qmbb5HS1Ea","case 10:","Singleton<全局变量类>.I.圣无双配置.连胜奖励列表.TryGetValue; Singleton<WdAPI>.I.PndoGw5lW7; P_0.C_Send; Singleton<WdAPI>.I.提示_中心提醒","plugin-source/v10-source-restoration/YOheREbBnDq6LvvWZEr/BpcEfFbiGBBV3s2B0ai.cs","743"
"plugin-core","YOheREbBnDq6LvvWZEr.BpcEfFbiGBBV3s2B0ai","qmbb5HS1Ea","case 30:","Singleton<全局变量类>.I.圣无双配置.连胜奖励列表.TryGetValue; Singleton<WdAPI>.I.PndoGw5lW7; P_0.C_Send; Singleton<WdAPI>.I.提示_中心提醒","plugin-source/v10-source-restoration/YOheREbBnDq6LvvWZEr/BpcEfFbiGBBV3s2B0ai.cs","757"
"plugin-core","YOheREbBnDq6LvvWZEr.BpcEfFbiGBBV3s2B0ai","qmbb5HS1Ea","case 50:","Singleton<全局变量类>.I.圣无双配置.连胜奖励列表.TryGetValue; Singleton<WdAPI>.I.PndoGw5lW7; P_0.C_Send; Singleton<WdAPI>.I.提示_中心提醒","plugin-source/v10-source-restoration/YOheREbBnDq6LvvWZEr/BpcEfFbiGBBV3s2B0ai.cs","771"
"plugin-core","YOheREbBnDq6LvvWZEr.BpcEfFbiGBBV3s2B0ai","qmbb5HS1Ea","case 100:","Singleton<全局变量类>.I.圣无双配置.连胜奖励列表.TryGetValue; Singleton<WdAPI>.I.PndoGw5lW7; P_0.C_Send; Singleton<WdAPI>.I.提示_中心提醒","plugin-source/v10-source-restoration/YOheREbBnDq6LvvWZEr/BpcEfFbiGBBV3s2B0ai.cs","785"
"plugin-core","YOheREbBnDq6LvvWZEr.BpcEfFbiGBBV3s2B0ai","M0BbVebCOv","case AllEnums.数值Type.金元宝:","DB.I.cAJNoOkab6; defaultInterpolatedStringHandler.AppendLiteral; defaultInterpolatedStringHandler.AppendFormatted; P_0.C_Send; i4.提示_中心提醒; defaultInterpolatedStringHandler.ToStringAndClear","plugin-source/v10-source-restoration/YOheREbBnDq6LvvWZEr/BpcEfFbiGBBV3s2B0ai.cs","1323"
"plugin-core","YOheREbBnDq6LvvWZEr.BpcEfFbiGBBV3s2B0ai","M0BbVebCOv","case AllEnums.数值Type.银元宝:","DB.I.cAJNoOkab6; defaultInterpolatedStringHandler.AppendLiteral; defaultInterpolatedStringHandler.AppendFormatted; P_0.C_Send; i3.提示_中心提醒; defaultInterpolatedStringHandler.ToStringAndClear","plugin-source/v10-source-restoration/YOheREbBnDq6LvvWZEr/BpcEfFbiGBBV3s2B0ai.cs","1336"
"plugin-core","YOheREbBnDq6LvvWZEr.BpcEfFbiGBBV3s2B0ai","M0BbVebCOv","case AllEnums.数值Type.累充点:","Singleton<WdAPI>.I.PndoGw5lW7; defaultInterpolatedStringHandler.AppendLiteral; defaultInterpolatedStringHandler.AppendFormatted; P_0.C_Send; i2.提示_中心提醒; defaultInterpolatedStringHandler.ToStringAndClear","plugin-source/v10-source-restoration/YOheREbBnDq6LvvWZEr/BpcEfFbiGBBV3s2B0ai.cs","1349"
"plugin-core","YOheREbBnDq6LvvWZEr.BpcEfFbiGBBV3s2B0ai","M0BbVebCOv","case AllEnums.数值Type.南极点:","Singleton<WdAPI>.I.PndoGw5lW7; defaultInterpolatedStringHandler.AppendLiteral; defaultInterpolatedStringHandler.AppendFormatted; P_0.C_Send; i.提示_中心提醒; defaultInterpolatedStringHandler.ToStringAndClear","plugin-source/v10-source-restoration/YOheREbBnDq6LvvWZEr/BpcEfFbiGBBV3s2B0ai.cs","1362"
"plugin-core","zA970iRwZCxW0g6uljn.U8hGTORuviqLJbXPJ0Y","b3ZRWw4tvx","case AllEnums.宠物Type.变异:","","plugin-source/v10-source-restoration/zA970iRwZCxW0g6uljn/U8hGTORuviqLJbXPJ0Y.cs","600"
"plugin-core","zA970iRwZCxW0g6uljn.U8hGTORuviqLJbXPJ0Y","b3ZRWw4tvx","case AllEnums.宠物Type.神兽:","","plugin-source/v10-source-restoration/zA970iRwZCxW0g6uljn/U8hGTORuviqLJbXPJ0Y.cs","603"
"plugin-core","zA970iRwZCxW0g6uljn.U8hGTORuviqLJbXPJ0Y","b3ZRWw4tvx","case AllEnums.宠物Type.元灵:","","plugin-source/v10-source-restoration/zA970iRwZCxW0g6uljn/U8hGTORuviqLJbXPJ0Y.cs","606"
"plugin-core","zA970iRwZCxW0g6uljn.U8hGTORuviqLJbXPJ0Y","b3ZRWw4tvx","case AllEnums.宠物Type.仙元:","","plugin-source/v10-source-restoration/zA970iRwZCxW0g6uljn/U8hGTORuviqLJbXPJ0Y.cs","609"
"plugin-core","全局变量类","IpAddMac字典","case 0:","在线IP计数字典.ContainsKey","plugin-source/v10-source-restoration/全局变量类.cs","323"
"plugin-core","全局变量类","IpAddMac字典","case 1:","在线IP计数字典.TryGetValue; 在线IP计数字典.TryAdd","plugin-source/v10-source-restoration/全局变量类.cs","329"
"plugin-core","接收数据响应处理类","接收处理中心","case AllEnums.接收包头枚举.接收_商城界面打开:","","plugin-source/v10-source-restoration/接收数据响应处理类.cs","276"
"plugin-core","接收数据响应处理类","接收处理中心","case AllEnums.接收包头枚举.接收_排行榜数据1:","Singleton<WdAPI>.I.xVVoYsOCKa","plugin-source/v10-source-restoration/接收数据响应处理类.cs","283"
"plugin-core","接收数据响应处理类","接收处理中心","case AllEnums.接收包头枚举.接收_排行榜数据2:","Singleton<WdAPI>.I.PHfopOeqG8","plugin-source/v10-source-restoration/接收数据响应处理类.cs","286"
"plugin-core","接收数据响应处理类","接收处理中心","case AllEnums.接收包头枚举.接收_元婴切换状态:","Singleton<WdAPI>.I.W9lI1TZlUs; myclient.user.人物数据.角色ID.ToString","plugin-source/v10-source-restoration/接收数据响应处理类.cs","289"
"plugin-core","接收数据响应处理类","接收处理中心","case AllEnums.接收包头枚举.接收_所有线路详情:","接收_线路组合详情","plugin-source/v10-source-restoration/接收数据响应处理类.cs","296"
"plugin-core","接收数据响应处理类","接收处理中心","case AllEnums.接收包头枚举.接收_喊话物品详情:","Singleton<hQdJQufqsH3l9bnUemG>.I.RuQ6wGrDXV","plugin-source/v10-source-restoration/接收数据响应处理类.cs","299"
"plugin-core","接收数据响应处理类","接收处理中心","case AllEnums.接收包头枚举.接收_商会背包响应:","Singleton<COyX27f6L3uCF3F6Kp5>.I.EcGfvlEKGn","plugin-source/v10-source-restoration/接收数据响应处理类.cs","302"
"plugin-core","接收数据响应处理类","接收处理中心","case AllEnums.接收包头枚举.接收_交易背包响应:","Singleton<COyX27f6L3uCF3F6Kp5>.I.zw2fMOGq2o","plugin-source/v10-source-restoration/接收数据响应处理类.cs","305"
"plugin-core","接收数据响应处理类","接收处理中心","case AllEnums.接收包头枚举.接收_摊位背包响应:","Singleton<YHfw7nGpg7WfdCBKDH4>.I.WbyGrSj3WK","plugin-source/v10-source-restoration/接收数据响应处理类.cs","308"
"plugin-core","接收数据响应处理类","接收处理中心","case AllEnums.接收包头枚举.接收_摆摊上架确定询问:","Singleton<YHfw7nGpg7WfdCBKDH4>.I.XFiGz7GUDa","plugin-source/v10-source-restoration/接收数据响应处理类.cs","311"
"plugin-core","接收数据响应处理类","接收处理中心","case AllEnums.接收包头枚举.接收_仓库背包响应:","Singleton<COyX27f6L3uCF3F6Kp5>.I.o5pf5rjR8h","plugin-source/v10-source-restoration/接收数据响应处理类.cs","314"
"plugin-core","接收数据响应处理类","接收处理中心","case AllEnums.接收包头枚举.接收_属性刷新:","lqu2iqp13H","plugin-source/v10-source-restoration/接收数据响应处理类.cs","317"
"plugin-core","接收数据响应处理类","接收处理中心","case AllEnums.接收包头枚举.接收_地府商城列表:","Singleton<mDs6hiBvFvG3CRi3MZk>.I.ouWBk4AhMx","plugin-source/v10-source-restoration/接收数据响应处理类.cs","320"
"plugin-core","接收数据响应处理类","接收处理中心","case AllEnums.接收包头枚举.接收_摊位数据:","Singleton<YHfw7nGpg7WfdCBKDH4>.I.x4jGZGHH44","plugin-source/v10-source-restoration/接收数据响应处理类.cs","323"
"plugin-core","接收数据响应处理类","接收处理中心","case AllEnums.接收包头枚举.接收_成功失败展示:","rur2NV5PRN","plugin-source/v10-source-restoration/接收数据响应处理类.cs","326"
"plugin-core","接收数据响应处理类","接收处理中心","case AllEnums.接收包头枚举.接收_所有NPC信息:","Singleton<z4BxVniyeUkxpq0lEyg>.I.K1bipvfXc4; Singleton<SSW8tHD2MvRIUVygbNo>.I.k17Dnj17RB; Singleton<z4BxVniyeUkxpq0lEyg>.I.vbkiQt86xb(myclient.插件端口).ContainsKey; Singleton<z4BxVniyeUkxpq0lEyg>.I.vbkiQt86xb; Singleton<z4BxVniyeUkxpq0lEyg>.I.v2diOkGfAn","plugin-source/v10-source-restoration/接收数据响应处理类.cs","329"
"plugin-core","接收数据响应处理类","接收处理中心","case AllEnums.接收包头枚举.接收_战斗伤害处理:","Singleton<OmF9SPGlN77YLFkkoqN>.I.FVYGkutIN2","plugin-source/v10-source-restoration/接收数据响应处理类.cs","346"
"plugin-core","接收数据响应处理类","接收处理中心","case AllEnums.接收包头枚举.接收_火眼金睛返回:","Singleton<OmF9SPGlN77YLFkkoqN>.I.JIbGCjRRkh","plugin-source/v10-source-restoration/接收数据响应处理类.cs","349"
"plugin-core","接收数据响应处理类","接收处理中心","case AllEnums.接收包头枚举.接收_战斗技能1:","Singleton<OmF9SPGlN77YLFkkoqN>.I.bPoGhSEhXT","plugin-source/v10-source-restoration/接收数据响应处理类.cs","352"
"plugin-core","接收数据响应处理类","接收处理中心","case AllEnums.接收包头枚举.接收_战斗技能2:","Singleton<OmF9SPGlN77YLFkkoqN>.I.bPoGhSEhXT","plugin-source/v10-source-restoration/接收数据响应处理类.cs","355"
"plugin-core","接收数据响应处理类","接收处理中心","case AllEnums.接收包头枚举.接收_进入战斗信息:","Singleton<OmF9SPGlN77YLFkkoqN>.I.IqKGBZSJD3","plugin-source/v10-source-restoration/接收数据响应处理类.cs","358"
"plugin-core","接收数据响应处理类","接收处理中心","case AllEnums.接收包头枚举.接收_战斗结束:","Singleton<OmF9SPGlN77YLFkkoqN>.I.IhLGfPfE99","plugin-source/v10-source-restoration/接收数据响应处理类.cs","361"
"plugin-core","接收数据响应处理类","接收处理中心","case AllEnums.接收包头枚举.接收_战斗日志信息:","Singleton<OmF9SPGlN77YLFkkoqN>.I.FuLG2pU2sy","plugin-source/v10-source-restoration/接收数据响应处理类.cs","364"
"plugin-core","接收数据响应处理类","接收处理中心","case AllEnums.接收包头枚举.接收_敌方战斗信息1:","Singleton<OmF9SPGlN77YLFkkoqN>.I.uFlGndCwNW","plugin-source/v10-source-restoration/接收数据响应处理类.cs","367"
"plugin-core","接收数据响应处理类","接收处理中心","case AllEnums.接收包头枚举.接收_敌方战斗信息2:","Singleton<OmF9SPGlN77YLFkkoqN>.I.uFlGndCwNW","plugin-source/v10-source-restoration/接收数据响应处理类.cs","370"
"plugin-core","接收数据响应处理类","接收处理中心","case AllEnums.接收包头枚举.接收_敌方战斗信息3:","Singleton<OmF9SPGlN77YLFkkoqN>.I.uFlGndCwNW","plugin-source/v10-source-restoration/接收数据响应处理类.cs","373"
"plugin-core","接收数据响应处理类","接收处理中心","case AllEnums.接收包头枚举.接收_敌方战斗信息4:","Singleton<OmF9SPGlN77YLFkkoqN>.I.uFlGndCwNW","plugin-source/v10-source-restoration/接收数据响应处理类.cs","376"
"plugin-core","接收数据响应处理类","接收处理中心","case AllEnums.接收包头枚举.接收_友方战斗信息1:","Singleton<OmF9SPGlN77YLFkkoqN>.I.cauG527dwQ","plugin-source/v10-source-restoration/接收数据响应处理类.cs","379"
"plugin-core","接收数据响应处理类","接收处理中心","case AllEnums.接收包头枚举.接收_友方战斗信息2:","Singleton<OmF9SPGlN77YLFkkoqN>.I.cauG527dwQ","plugin-source/v10-source-restoration/接收数据响应处理类.cs","382"
"plugin-core","接收数据响应处理类","接收处理中心","case AllEnums.接收包头枚举.接收_友方战斗信息3:","Singleton<OmF9SPGlN77YLFkkoqN>.I.cauG527dwQ","plugin-source/v10-source-restoration/接收数据响应处理类.cs","385"
"plugin-core","接收数据响应处理类","接收处理中心","case AllEnums.接收包头枚举.接收_友方战斗信息4:","Singleton<OmF9SPGlN77YLFkkoqN>.I.cauG527dwQ","plugin-source/v10-source-restoration/接收数据响应处理类.cs","388"
"plugin-core","接收数据响应处理类","接收处理中心","case AllEnums.接收包头枚举.接收_是否允许播放:","Singleton<OmF9SPGlN77YLFkkoqN>.I.AObG06rAnP","plugin-source/v10-source-restoration/接收数据响应处理类.cs","391"
"plugin-core","接收数据响应处理类","接收处理中心","case AllEnums.接收包头枚举.接收_是否允许播放2:","Singleton<OmF9SPGlN77YLFkkoqN>.I.xxjGOAKAtD","plugin-source/v10-source-restoration/接收数据响应处理类.cs","394"
"plugin-core","接收数据响应处理类","接收处理中心","case AllEnums.接收包头枚举.接收_回合结束:","Singleton<OmF9SPGlN77YLFkkoqN>.I.DtcGMUj4dN","plugin-source/v10-source-restoration/接收数据响应处理类.cs","397"
"plugin-core","接收数据响应处理类","接收处理中心","case AllEnums.接收包头枚举.接收_娃娃面板属性:","Singleton<mQEQjEBxYW4SsAecBHJ>.I.FiSBAZIO6W","plugin-source/v10-source-restoration/接收数据响应处理类.cs","400"
"plugin-core","接收数据响应处理类","接收处理中心","case AllEnums.接收包头枚举.接收_娃娃面板刷新:","Singleton<mQEQjEBxYW4SsAecBHJ>.I.y3qBzkOvuB","plugin-source/v10-source-restoration/接收数据响应处理类.cs","403"
"plugin-core","接收数据响应处理类","接收处理中心","case AllEnums.接收包头枚举.接收_娃娃属性刷新:","Singleton<mQEQjEBxYW4SsAecBHJ>.I.d4tGunb9sP","plugin-source/v10-source-restoration/接收数据响应处理类.cs","406"
"plugin-core","接收数据响应处理类","接收处理中心","case AllEnums.接收包头枚举.接收_GM权限返回:","","plugin-source/v10-source-restoration/接收数据响应处理类.cs","409"
"plugin-core","接收数据响应处理类","接收处理中心","case AllEnums.接收包头枚举.接收_所有属性列表:","Singleton<接收数据响应处理类>.I.接收_所有属性列表处理","plugin-source/v10-source-restoration/接收数据响应处理类.cs","415"
"plugin-core","接收数据响应处理类","接收处理中心","case AllEnums.接收包头枚举.接收_所有属性列二:","Singleton<接收数据响应处理类>.I.接收_所有属性列表处理","plugin-source/v10-source-restoration/接收数据响应处理类.cs","418"
"plugin-core","接收数据响应处理类","接收处理中心","case AllEnums.接收包头枚举.接收_所有地图:","Singleton<ByteAPI>.I.寻找字节集; Singleton<ByteAPI>.I.到字节集; OrB2DR5eqm","plugin-source/v10-source-restoration/接收数据响应处理类.cs","421"
"plugin-core","接收数据响应处理类","接收处理中心","case AllEnums.接收包头枚举.接收_会员时间:","Singleton<ByteAPI>.I.寻找字节集; Singleton<ByteAPI>.I.到字节集; Singleton<ByteAPI>.I.到文本; int.TryParse; Singleton<ByteAPI>.I.文本_取出中间文本","plugin-source/v10-source-restoration/接收数据响应处理类.cs","429"
"plugin-core","接收数据响应处理类","接收处理中心","case AllEnums.接收包头枚举.接收_频道信息:","Singleton<hQdJQufqsH3l9bnUemG>.I.XjBft4bbJj","plugin-source/v10-source-restoration/接收数据响应处理类.cs","439"
"plugin-core","接收数据响应处理类","接收处理中心","case AllEnums.接收包头枚举.接收_商城道具信息:","Array.Empty<byte>; Singleton<FusVSwwzpuFHNrjHS7T>.I.kZSbd0MGHY","plugin-source/v10-source-restoration/接收数据响应处理类.cs","442"
"plugin-core","接收数据响应处理类","接收处理中心","case AllEnums.接收包头枚举.接收_系统设置信息:","Singleton<ByteAPI>.I.寻找字节集","plugin-source/v10-source-restoration/接收数据响应处理类.cs","449"
"plugin-core","接收数据响应处理类","接收处理中心","case AllEnums.接收包头枚举.接收_无双圣榜信息:","Singleton<BpcEfFbiGBBV3s2B0ai>.I.IdQbP9y1rt","plugin-source/v10-source-restoration/接收数据响应处理类.cs","455"
"plugin-core","接收数据响应处理类","接收处理中心","case AllEnums.接收包头枚举.接收_技能刷新信息:","Singleton<ByteAPI>.I.寻找字节集; Singleton<ByteAPI>.I.到字节集; KcN2jtISLw","plugin-source/v10-source-restoration/接收数据响应处理类.cs","458"
"plugin-core","接收数据响应处理类","接收处理中心","case AllEnums.接收包头枚举.接收_对象附加属性信息:","Singleton<L1ya6XBSPGoekkP8WeX>.I.TUPBMyTp98","plugin-source/v10-source-restoration/接收数据响应处理类.cs","465"
"plugin-core","接收数据响应处理类","接收处理中心","case AllEnums.接收包头枚举.接收_宠物刷新信息:","Singleton<i3kWo8GUakCSddRpyDe>.I.dj3GDEQoE3","plugin-source/v10-source-restoration/接收数据响应处理类.cs","468"
"plugin-core","接收数据响应处理类","接收处理中心","case AllEnums.接收包头枚举.接收_修复年费1:","","plugin-source/v10-source-restoration/接收数据响应处理类.cs","471"
"plugin-core","接收数据响应处理类","接收处理中心","case AllEnums.接收包头枚举.接收_修复年费2:","","plugin-source/v10-source-restoration/接收数据响应处理类.cs","473"
"plugin-core","接收数据响应处理类","接收处理中心","case AllEnums.接收包头枚举.接收_上线IP提示:","","plugin-source/v10-source-restoration/接收数据响应处理类.cs","475"
"plugin-core","接收数据响应处理类","接收处理中心","case AllEnums.接收包头枚举.接收_登录账号返回:","接收_登录账号密码","plugin-source/v10-source-restoration/接收数据响应处理类.cs","477"
"plugin-core","接收数据响应处理类","接收处理中心","case AllEnums.接收包头枚举.接收_换线返回信息:","接收_换线响应","plugin-source/v10-source-restoration/接收数据响应处理类.cs","480"
"plugin-core","接收数据响应处理类","接收处理中心","case AllEnums.接收包头枚举.接收_线路组合信息:","接收_线路组合","plugin-source/v10-source-restoration/接收数据响应处理类.cs","483"
"plugin-core","接收数据响应处理类","接收处理中心","case AllEnums.接收包头枚举.接收_切换角色信息:","bpc2gODwUd","plugin-source/v10-source-restoration/接收数据响应处理类.cs","486"
"plugin-core","接收数据响应处理类","接收处理中心","case AllEnums.接收包头枚举.接收_地图更新信息:","接收_地图更新","plugin-source/v10-source-restoration/接收数据响应处理类.cs","489"
"plugin-core","接收数据响应处理类","接收处理中心","case AllEnums.接收包头枚举.接收_丢弃物品信息:","","plugin-source/v10-source-restoration/接收数据响应处理类.cs","492"
"plugin-core","接收数据响应处理类","接收处理中心","case AllEnums.接收包头枚举.接收_上线预读信息:","接收_预读基本数据; pTy2dHvHBD","plugin-source/v10-source-restoration/接收数据响应处理类.cs","498"
"plugin-core","接收数据响应处理类","接收处理中心","case AllEnums.接收包头枚举.接收_人物面板刷新1:","Singleton<L1ya6XBSPGoekkP8WeX>.I.hcdB5D6A9G","plugin-source/v10-source-restoration/接收数据响应处理类.cs","502"
"plugin-core","接收数据响应处理类","接收处理中心","case AllEnums.接收包头枚举.接收_人物面板刷新2:","Singleton<L1ya6XBSPGoekkP8WeX>.I.hcdB5D6A9G","plugin-source/v10-source-restoration/接收数据响应处理类.cs","505"
"plugin-core","接收数据响应处理类","接收处理中心","case AllEnums.接收包头枚举.接收_人物面板刷新3:","Singleton<L1ya6XBSPGoekkP8WeX>.I.hcdB5D6A9G","plugin-source/v10-source-restoration/接收数据响应处理类.cs","508"
"plugin-core","接收数据响应处理类","接收处理中心","case AllEnums.接收包头枚举.接收_称号列表信息:","InH2WWXkT7","plugin-source/v10-source-restoration/接收数据响应处理类.cs","511"
"plugin-core","接收数据响应处理类","接收处理中心","case AllEnums.接收包头枚举.接收_周围对象信息:","Singleton<L1ya6XBSPGoekkP8WeX>.I.baYBnXhLY9","plugin-source/v10-source-restoration/接收数据响应处理类.cs","514"
"plugin-core","接收数据响应处理类","接收处理中心","case AllEnums.接收包头枚举.接收_背包响应信息:","Singleton<COyX27f6L3uCF3F6Kp5>.I.tIvfFfsumd","plugin-source/v10-source-restoration/接收数据响应处理类.cs","517"
"plugin-core","接收数据响应处理类","接收处理中心","case AllEnums.接收包头枚举.接收_交易信息:","eCB2slIhto","plugin-source/v10-source-restoration/接收数据响应处理类.cs","520"
"plugin-core","接收数据响应处理类","接收处理中心","case AllEnums.接收包头枚举.接收_宠物面板信息:","Singleton<i3kWo8GUakCSddRpyDe>.I.v2ZGgD6bGf","plugin-source/v10-source-restoration/接收数据响应处理类.cs","523"
"plugin-core","接收数据响应处理类","接收处理中心","case AllEnums.接收包头枚举.接收_增减宠物信息:","Singleton<WdAPI>.I.Ua2oNtysKT","plugin-source/v10-source-restoration/接收数据响应处理类.cs","526"
"plugin-core","接收数据响应处理类","接收处理中心","case AllEnums.接收包头枚举.接收_乘骑坐骑信息:","Singleton<ByteAPI>.I.反转_整数; Singleton<ByteAPI>.I.取字节集右边; myclient.user.宠物数据.Any; a.iQFIbnJHxG","plugin-source/v10-source-restoration/接收数据响应处理类.cs","529"
"plugin-core","接收数据响应处理类","接收处理中心","case AllEnums.接收包头枚举.接收_提示信息1:","Singleton<hQdJQufqsH3l9bnUemG>.I.AX8fZUSN5X","plugin-source/v10-source-restoration/接收数据响应处理类.cs","534"
"plugin-core","接收数据响应处理类","接收处理中心","case AllEnums.接收包头枚举.接收_提示信息2:","Singleton<hQdJQufqsH3l9bnUemG>.I.AX8fZUSN5X","plugin-source/v10-source-restoration/接收数据响应处理类.cs","537"
"plugin-core","接收数据响应处理类","接收处理中心","case AllEnums.接收包头枚举.接收_人物状态:","Singleton<L1ya6XBSPGoekkP8WeX>.I.lqTBhgvsWt","plugin-source/v10-source-restoration/接收数据响应处理类.cs","540"
"plugin-core","接收数据响应处理类","接收处理中心","case AllEnums.接收包头枚举.接收_人物对象显示:","Singleton<L1ya6XBSPGoekkP8WeX>.I.lqTBhgvsWt","plugin-source/v10-source-restoration/接收数据响应处理类.cs","543"
"plugin-core","接收数据响应处理类","接收处理中心","case AllEnums.接收包头枚举.接收_商店售卖信息:","接收_组包商店信息","plugin-source/v10-source-restoration/接收数据响应处理类.cs","546"
"plugin-core","接收数据响应处理类","接收处理中心","case AllEnums.接收包头枚举.接收_NPC点击:","Singleton<z4BxVniyeUkxpq0lEyg>.I.a9Vi3pVQj3","plugin-source/v10-source-restoration/接收数据响应处理类.cs","549"
"plugin-core","接收数据响应处理类","接收处理中心","case AllEnums.接收包头枚举.接收_任务列表信息:","Singleton<UuQEWHhexEnQTYynfh>.I.Ebt7PQbhf; Singleton<UuQEWHhexEnQTYynfh>.I.LMVajrfJF; Singleton<sGGAjyixPch0Uk158L6>.I.GBZi4oRkq3","plugin-source/v10-source-restoration/接收数据响应处理类.cs","552"
"plugin-core","接收数据响应处理类","接收处理中心","case AllEnums.接收包头枚举.接收_创建队伍信息1:","EKl2R6vWRl","plugin-source/v10-source-restoration/接收数据响应处理类.cs","562"
"plugin-core","接收数据响应处理类","接收处理中心","case AllEnums.接收包头枚举.接收_创建队伍信息2:","EKl2R6vWRl","plugin-source/v10-source-restoration/接收数据响应处理类.cs","565"
"plugin-core","接收数据响应处理类","接收处理中心","case AllEnums.接收包头枚举.接收_越活度信息:","Singleton<ByteAPI>.I.反转_短整数; Singleton<ByteAPI>.I.取字节集中间","plugin-source/v10-source-restoration/接收数据响应处理类.cs","568"
"plugin-core","接收数据响应处理类","接收处理中心","case AllEnums.接收包头枚举.接收_摆摊放入:","string.IsNullOrWhiteSpace; Singleton<ByteAPI>.I.到文本; Singleton<ByteAPI>.I.文本_取出中间文本; (""|"" + Singleton<全局变量类>.I.超级道具配置.禁止摆摊道具 + ""|"").Contains; myclient.C_Send; Singleton<WdAPI>.I.提示_中心提醒","plugin-source/v10-source-restoration/接收数据响应处理类.cs","571"
"plugin-core","接收数据响应处理类","接收处理中心","case AllEnums.接收包头枚举.接收_宠物参战休息:","Singleton<ByteAPI>.I.取字节集右边; Singleton<ByteAPI>.I.反转_整数; Singleton<ByteAPI>.I.取字节集左边; Singleton<ByteAPI>.I.反转_短整数","plugin-source/v10-source-restoration/接收数据响应处理类.cs","583"
"plugin-core","接收数据响应处理类","接收处理中心","case 0:","","plugin-source/v10-source-restoration/接收数据响应处理类.cs","589"
"plugin-core","接收数据响应处理类","接收处理中心","case 1:","","plugin-source/v10-source-restoration/接收数据响应处理类.cs","592"
"plugin-core","接收数据响应处理类","接收处理中心","case 2:","","plugin-source/v10-source-restoration/接收数据响应处理类.cs","595"
"plugin-core","接收数据响应处理类","接收处理中心","case AllEnums.接收包头枚举.接收_退出界面:","Singleton<接收数据响应处理类>.I.ua32oYtqbg","plugin-source/v10-source-restoration/接收数据响应处理类.cs","601"
"plugin-core","接收数据响应处理类","接收处理中心","case AllEnums.接收包头枚举.接收_角色列表:","Singleton<MainService>.I.历史IP账号列表.TryGetValue","plugin-source/v10-source-restoration/接收数据响应处理类.cs","604"
"plugin-core","接收数据响应处理类","接收_预读基本数据","case AllEnums.上线牌面Type.烟花雨:","Invoke; Singleton<WdAPI>.I.O8qIzajjvj; string.Format","plugin-source/v10-source-restoration/接收数据响应处理类.cs","864"
"plugin-core","接收数据响应处理类","接收_预读基本数据","case AllEnums.上线牌面Type.流动广播:","Invoke; Singleton<WdAPI>.I.PWRouuXjmn; string.Format","plugin-source/v10-source-restoration/接收数据响应处理类.cs","867"
"plugin-core","接收数据响应处理类","接收_预读基本数据","case AllEnums.上线牌面Type.横幅:","Invoke; Singleton<WdAPI>.I.o5iowqAXwm; string.Format","plugin-source/v10-source-restoration/接收数据响应处理类.cs","870"
"plugin-core","接收数据响应处理类","接收_预读基本数据","case AllEnums.上线牌面Type.烟花雨_流动广播:","Invoke; Singleton<WdAPI>.I.O8qIzajjvj(string.Empty).Concat(Singleton<WdAPI>.I.PWRouuXjmn(string.Format(Singleton<全局变量类>.I.config.上线牌面内容, CS_0024_003C_003E8__locals67.HJVyFR6pbr.user.存档数据.昵称))).ToArray; Singleton<WdAPI>.I.O8qIzajjvj(string.Empty).Concat; Singleton<WdAPI>.I.O8qIzajjvj; Singleton<WdAPI>.I.PWRouuXjmn; string.Format","plugin-source/v10-source-restoration/接收数据响应处理类.cs","873"
"plugin-core","接收数据响应处理类","接收_预读基本数据","case AllEnums.上线牌面Type.系统频道:","Invoke; Singleton<WdAPI>.I.组包聊天信息; string.Format","plugin-source/v10-source-restoration/接收数据响应处理类.cs","876"
"plugin-core","接收数据响应处理类","EKl2R6vWRl","case 1:","封包_写2.写字节型; 封包_读2.读字节型","plugin-source/v10-source-restoration/接收数据响应处理类.cs","930"
"plugin-core","接收数据响应处理类","EKl2R6vWRl","case 2:","封包_写2.写短整数型; 封包_读2.读短整数型","plugin-source/v10-source-restoration/接收数据响应处理类.cs","933"
"plugin-core","接收数据响应处理类","EKl2R6vWRl","case 3:","封包_写2.写整数型; 封包_读2.读整数型","plugin-source/v10-source-restoration/接收数据响应处理类.cs","936"
"plugin-core","接收数据响应处理类","EKl2R6vWRl","case 4:","封包_写2.写文本型; 封包_读2.读文本型","plugin-source/v10-source-restoration/接收数据响应处理类.cs","939"
"plugin-core","接收数据响应处理类","bnI2UiRg6u","case 1:","封包_写2.写字节型; 封包_读2.读字节型","plugin-source/v10-source-restoration/接收数据响应处理类.cs","1179"
"plugin-core","接收数据响应处理类","bnI2UiRg6u","case 2:","封包_写2.写短整数型; 封包_读2.读短整数型","plugin-source/v10-source-restoration/接收数据响应处理类.cs","1182"
"plugin-core","接收数据响应处理类","bnI2UiRg6u","case 3:","封包_写2.写整数型; 封包_读2.读整数型","plugin-source/v10-source-restoration/接收数据响应处理类.cs","1185"
"plugin-core","接收数据响应处理类","bnI2UiRg6u","case 4:","封包_读2.读文本型; Enumerable.SequenceEqual; (""、"" + Singleton<全局变量类>.I.属性洗炼配置.时装配置.装备名字 + ""、"").IndexOf; (""、"" + Singleton<全局变量类>.I.属性洗炼配置.仙器配置.装备名字 + ""、"").IndexOf; empty.Replace; 封包_写2.写文本型","plugin-source/v10-source-restoration/接收数据响应处理类.cs","1188"
"plugin-core","接收数据响应处理类","bnI2UiRg6u","case 6:","封包_写2.写字节型; 封包_读2.读字节型","plugin-source/v10-source-restoration/接收数据响应处理类.cs","1196"
"plugin-core","接收数据响应处理类","bnI2UiRg6u","case 7:","封包_写2.写短整数型; 封包_读2.读短整数型","plugin-source/v10-source-restoration/接收数据响应处理类.cs","1199"
"plugin-core","浮生录功能","IPCUV1PLI0","case AllEnums.属性Type.金相性:","","plugin-source/v10-source-restoration/浮生录功能.cs","706"
"plugin-core","浮生录功能","IPCUV1PLI0","case AllEnums.属性Type.木相性:","","plugin-source/v10-source-restoration/浮生录功能.cs","709"
"plugin-core","浮生录功能","IPCUV1PLI0","case AllEnums.属性Type.水相性:","","plugin-source/v10-source-restoration/浮生录功能.cs","712"
"plugin-core","浮生录功能","IPCUV1PLI0","case AllEnums.属性Type.火相性:","","plugin-source/v10-source-restoration/浮生录功能.cs","715"
"plugin-core","浮生录功能","IPCUV1PLI0","case AllEnums.属性Type.土相性:","","plugin-source/v10-source-restoration/浮生录功能.cs","718"
"plugin-core","浮生录功能","IPCUV1PLI0","case AllEnums.属性Type.所有相性:","","plugin-source/v10-source-restoration/浮生录功能.cs","721"
"plugin-core","浮生录功能","IPCUV1PLI0","case AllEnums.属性Type.金相性:","","plugin-source/v10-source-restoration/浮生录功能.cs","735"
"plugin-core","浮生录功能","IPCUV1PLI0","case AllEnums.属性Type.木相性:","","plugin-source/v10-source-restoration/浮生录功能.cs","738"
"plugin-core","浮生录功能","IPCUV1PLI0","case AllEnums.属性Type.水相性:","","plugin-source/v10-source-restoration/浮生录功能.cs","741"
"plugin-core","浮生录功能","IPCUV1PLI0","case AllEnums.属性Type.火相性:","","plugin-source/v10-source-restoration/浮生录功能.cs","744"
"plugin-core","浮生录功能","IPCUV1PLI0","case AllEnums.属性Type.土相性:","","plugin-source/v10-source-restoration/浮生录功能.cs","747"
"plugin-core","浮生录功能","IPCUV1PLI0","case AllEnums.属性Type.所有相性:","","plugin-source/v10-source-restoration/浮生录功能.cs","750"
"plugin-core","浮生录功能","IPCUV1PLI0","case AllEnums.属性Type.金相性:","","plugin-source/v10-source-restoration/浮生录功能.cs","764"
"plugin-core","浮生录功能","IPCUV1PLI0","case AllEnums.属性Type.木相性:","","plugin-source/v10-source-restoration/浮生录功能.cs","767"
"plugin-core","浮生录功能","IPCUV1PLI0","case AllEnums.属性Type.水相性:","","plugin-source/v10-source-restoration/浮生录功能.cs","770"
"plugin-core","浮生录功能","IPCUV1PLI0","case AllEnums.属性Type.火相性:","","plugin-source/v10-source-restoration/浮生录功能.cs","773"
"plugin-core","浮生录功能","IPCUV1PLI0","case AllEnums.属性Type.土相性:","","plugin-source/v10-source-restoration/浮生录功能.cs","776"
"plugin-core","浮生录功能","IPCUV1PLI0","case AllEnums.属性Type.所有相性:","","plugin-source/v10-source-restoration/浮生录功能.cs","779"
"plugin-core","浮生录功能","IPCUV1PLI0","case AllEnums.属性Type.金相性:","","plugin-source/v10-source-restoration/浮生录功能.cs","793"
"plugin-core","浮生录功能","IPCUV1PLI0","case AllEnums.属性Type.木相性:","","plugin-source/v10-source-restoration/浮生录功能.cs","796"
"plugin-core","浮生录功能","IPCUV1PLI0","case AllEnums.属性Type.水相性:","","plugin-source/v10-source-restoration/浮生录功能.cs","799"
"plugin-core","浮生录功能","IPCUV1PLI0","case AllEnums.属性Type.火相性:","","plugin-source/v10-source-restoration/浮生录功能.cs","802"
"plugin-core","浮生录功能","IPCUV1PLI0","case AllEnums.属性Type.土相性:","","plugin-source/v10-source-restoration/浮生录功能.cs","805"
"plugin-core","浮生录功能","IPCUV1PLI0","case AllEnums.属性Type.所有相性:","","plugin-source/v10-source-restoration/浮生录功能.cs","808"
"plugin-core","浮生录功能","IPCUV1PLI0","case AllEnums.属性Type.金相性:","","plugin-source/v10-source-restoration/浮生录功能.cs","822"
"plugin-core","浮生录功能","IPCUV1PLI0","case AllEnums.属性Type.木相性:","","plugin-source/v10-source-restoration/浮生录功能.cs","825"
"plugin-core","浮生录功能","IPCUV1PLI0","case AllEnums.属性Type.水相性:","","plugin-source/v10-source-restoration/浮生录功能.cs","828"
"plugin-core","浮生录功能","IPCUV1PLI0","case AllEnums.属性Type.火相性:","","plugin-source/v10-source-restoration/浮生录功能.cs","831"
"plugin-core","浮生录功能","IPCUV1PLI0","case AllEnums.属性Type.土相性:","","plugin-source/v10-source-restoration/浮生录功能.cs","834"
"plugin-core","浮生录功能","IPCUV1PLI0","case AllEnums.属性Type.所有相性:","","plugin-source/v10-source-restoration/浮生录功能.cs","837"
"plugin-core","浮生录功能","XheU1AsINf","case AllEnums.数值Type.金元宝:","defaultInterpolatedStringHandler.AppendLiteral; defaultInterpolatedStringHandler.AppendFormatted; P_0.C_Send; i.提示_中心提醒; defaultInterpolatedStringHandler.ToStringAndClear","plugin-source/v10-source-restoration/浮生录功能.cs","1659"
"plugin-core","浮生录功能","XheU1AsINf","case AllEnums.数值Type.银元宝:","defaultInterpolatedStringHandler.AppendLiteral; defaultInterpolatedStringHandler.AppendFormatted; P_0.C_Send; i2.提示_中心提醒; defaultInterpolatedStringHandler.ToStringAndClear","plugin-source/v10-source-restoration/浮生录功能.cs","1671"
"plugin-core","浮生录功能","XheU1AsINf","case AllEnums.数值Type.金钱:","P_0.C_Send; Singleton<WdAPI>.I.提示_中心提醒; Singleton<WdAPI>.I.问道标准数值文本","plugin-source/v10-source-restoration/浮生录功能.cs","1683"
"plugin-core","浮生录功能","rtxUxV60FX","case AllEnums.数值Type.金元宝:","defaultInterpolatedStringHandler.AppendLiteral; defaultInterpolatedStringHandler.AppendFormatted; P_0.C_Send; i5.提示_中心提醒; defaultInterpolatedStringHandler.ToStringAndClear; DB.I.cAJNoOkab6; Singleton<WdAPI>.I.提示_中心提醒; i6.提示_杂项公告","plugin-source/v10-source-restoration/浮生录功能.cs","1750"
"plugin-core","浮生录功能","rtxUxV60FX","case AllEnums.数值Type.银元宝:","defaultInterpolatedStringHandler.AppendLiteral; defaultInterpolatedStringHandler.AppendFormatted; P_0.C_Send; i3.提示_中心提醒; defaultInterpolatedStringHandler.ToStringAndClear; DB.I.cAJNoOkab6; Singleton<WdAPI>.I.提示_中心提醒; i4.提示_杂项公告","plugin-source/v10-source-restoration/浮生录功能.cs","1776"
"plugin-core","浮生录功能","rtxUxV60FX","case AllEnums.数值Type.金钱:","P_0.C_Send; Singleton<WdAPI>.I.提示_中心提醒; Singleton<WdAPI>.I.问道标准数值文本; Singleton<WdAPI>.I.PndoGw5lW7; Singleton<WdAPI>.I.提示_杂项公告","plugin-source/v10-source-restoration/浮生录功能.cs","1802"
"plugin-core","浮生录功能","rtxUxV60FX","case AllEnums.数值Type.灵气值:","defaultInterpolatedStringHandler.AppendLiteral; defaultInterpolatedStringHandler.AppendFormatted; P_0.C_Send; i.提示_中心提醒; defaultInterpolatedStringHandler.ToStringAndClear; Singleton<WdAPI>.I.PndoGw5lW7; i2.提示_杂项公告","plugin-source/v10-source-restoration/浮生录功能.cs","1811"
"plugin-core","浮生录功能","zV7Uq7ET8C","case AllEnums.化身分类.乱世书:","defaultInterpolatedStringHandler2.AppendLiteral; defaultInterpolatedStringHandler2.AppendFormatted; myNATSocketClient7.C_Send; i7.提示_提醒和杂项公告; defaultInterpolatedStringHandler2.ToStringAndClear","plugin-source/v10-source-restoration/浮生录功能.cs","2295"
"plugin-core","浮生录功能","zV7Uq7ET8C","case AllEnums.化身分类.千钧卷:","defaultInterpolatedStringHandler2.AppendLiteral; defaultInterpolatedStringHandler2.AppendFormatted; myNATSocketClient6.C_Send; i6.提示_提醒和杂项公告; defaultInterpolatedStringHandler2.ToStringAndClear","plugin-source/v10-source-restoration/浮生录功能.cs","2310"
"plugin-core","浮生录功能","zV7Uq7ET8C","case AllEnums.化身分类.灵虚卷:","defaultInterpolatedStringHandler2.AppendLiteral; defaultInterpolatedStringHandler2.AppendFormatted; myNATSocketClient5.C_Send; i5.提示_提醒和杂项公告; defaultInterpolatedStringHandler2.ToStringAndClear","plugin-source/v10-source-restoration/浮生录功能.cs","2325"
"plugin-core","浮生录功能","zV7Uq7ET8C","case AllEnums.化身分类.御元卷:","defaultInterpolatedStringHandler2.AppendLiteral; defaultInterpolatedStringHandler2.AppendFormatted; myNATSocketClient4.C_Send; i4.提示_提醒和杂项公告; defaultInterpolatedStringHandler2.ToStringAndClear","plugin-source/v10-source-restoration/浮生录功能.cs","2340"
"plugin-core","浮生录功能","zV7Uq7ET8C","case AllEnums.化身分类.乘风卷:","defaultInterpolatedStringHandler2.AppendLiteral; defaultInterpolatedStringHandler2.AppendFormatted; myNATSocketClient3.C_Send; i3.提示_提醒和杂项公告; defaultInterpolatedStringHandler2.ToStringAndClear","plugin-source/v10-source-restoration/浮生录功能.cs","2355"
"plugin-core","浮生录功能","中州_统一化身提交处理","case AllEnums.化身分类.乱世书:","CS_0024_003C_003E8__locals45.eu2nmrPAhD.hBonikvueB.user.存档数据.中州论道存档.jxpIgn1imh; defaultInterpolatedStringHandler2.AppendLiteral; defaultInterpolatedStringHandler2.AppendFormatted; defaultInterpolatedStringHandler2.ToStringAndClear; list.Add; myNATSocketClient7.C_Send; i7.提示_提醒和杂项公告","plugin-source/v10-source-restoration/浮生录功能.cs","2454"
"plugin-core","浮生录功能","中州_统一化身提交处理","case AllEnums.化身分类.千钧卷:","CS_0024_003C_003E8__locals45.eu2nmrPAhD.hBonikvueB.user.存档数据.中州论道存档.jxpIgn1imh; defaultInterpolatedStringHandler2.AppendLiteral; defaultInterpolatedStringHandler2.AppendFormatted; defaultInterpolatedStringHandler2.ToStringAndClear; list.Add; myNATSocketClient6.C_Send; i6.提示_提醒和杂项公告","plugin-source/v10-source-restoration/浮生录功能.cs","2477"
"plugin-core","浮生录功能","中州_统一化身提交处理","case AllEnums.化身分类.灵虚卷:","CS_0024_003C_003E8__locals45.eu2nmrPAhD.hBonikvueB.user.存档数据.中州论道存档.jxpIgn1imh; defaultInterpolatedStringHandler2.AppendLiteral; defaultInterpolatedStringHandler2.AppendFormatted; defaultInterpolatedStringHandler2.ToStringAndClear; list.Add; myNATSocketClient5.C_Send; i5.提示_提醒和杂项公告","plugin-source/v10-source-restoration/浮生录功能.cs","2500"
"plugin-core","浮生录功能","中州_统一化身提交处理","case AllEnums.化身分类.御元卷:","CS_0024_003C_003E8__locals45.eu2nmrPAhD.hBonikvueB.user.存档数据.中州论道存档.jxpIgn1imh; defaultInterpolatedStringHandler2.AppendLiteral; defaultInterpolatedStringHandler2.AppendFormatted; defaultInterpolatedStringHandler2.ToStringAndClear; list.Add; myNATSocketClient4.C_Send; i4.提示_提醒和杂项公告","plugin-source/v10-source-restoration/浮生录功能.cs","2523"
"plugin-core","浮生录功能","中州_统一化身提交处理","case AllEnums.化身分类.乘风卷:","CS_0024_003C_003E8__locals45.eu2nmrPAhD.hBonikvueB.user.存档数据.中州论道存档.jxpIgn1imh; defaultInterpolatedStringHandler2.AppendLiteral; defaultInterpolatedStringHandler2.AppendFormatted; defaultInterpolatedStringHandler2.ToStringAndClear; list.Add; myNATSocketClient3.C_Send; i3.提示_提醒和杂项公告","plugin-source/v10-source-restoration/浮生录功能.cs","2546"
"plugin-core","浮生录功能._003C_003Ec__DisplayClass27_1","WLxnD5XNM9","case AllEnums.化身分类.乱世书:","defaultInterpolatedStringHandler.AppendLiteral; defaultInterpolatedStringHandler.AppendFormatted; myNATSocketClient5.C_Send; i5.提示_提醒和杂项公告; defaultInterpolatedStringHandler.ToStringAndClear","plugin-source/v10-source-restoration/浮生录功能.cs","325"
"plugin-core","浮生录功能._003C_003Ec__DisplayClass27_1","WLxnD5XNM9","case AllEnums.化身分类.千钧卷:","defaultInterpolatedStringHandler.AppendLiteral; defaultInterpolatedStringHandler.AppendFormatted; myNATSocketClient4.C_Send; i4.提示_提醒和杂项公告; defaultInterpolatedStringHandler.ToStringAndClear","plugin-source/v10-source-restoration/浮生录功能.cs","340"
"plugin-core","浮生录功能._003C_003Ec__DisplayClass27_1","WLxnD5XNM9","case AllEnums.化身分类.灵虚卷:","defaultInterpolatedStringHandler.AppendLiteral; defaultInterpolatedStringHandler.AppendFormatted; myNATSocketClient3.C_Send; i3.提示_提醒和杂项公告; defaultInterpolatedStringHandler.ToStringAndClear","plugin-source/v10-source-restoration/浮生录功能.cs","355"
"plugin-core","浮生录功能._003C_003Ec__DisplayClass27_1","WLxnD5XNM9","case AllEnums.化身分类.御元卷:","defaultInterpolatedStringHandler.AppendLiteral; defaultInterpolatedStringHandler.AppendFormatted; myNATSocketClient2.C_Send; i2.提示_提醒和杂项公告; defaultInterpolatedStringHandler.ToStringAndClear","plugin-source/v10-source-restoration/浮生录功能.cs","370"
"plugin-core","浮生录功能._003C_003Ec__DisplayClass27_1","WLxnD5XNM9","case AllEnums.化身分类.乘风卷:","defaultInterpolatedStringHandler.AppendLiteral; defaultInterpolatedStringHandler.AppendFormatted; myNATSocketClient.C_Send; i.提示_提醒和杂项公告; defaultInterpolatedStringHandler.ToStringAndClear","plugin-source/v10-source-restoration/浮生录功能.cs","385"
"plugin-core","浮生录功能._003C_003Ec__DisplayClass28_1","n1cnfRmI74","case AllEnums.化身分类.乱世书:","eu2nmrPAhD.hBonikvueB.user.存档数据.中州论道存档.jxpIgn1imh; defaultInterpolatedStringHandler.AppendLiteral; defaultInterpolatedStringHandler.AppendFormatted; defaultInterpolatedStringHandler.ToStringAndClear; list.Add; myNATSocketClient5.C_Send; i5.提示_提醒和杂项公告","plugin-source/v10-source-restoration/浮生录功能.cs","492"
"plugin-core","浮生录功能._003C_003Ec__DisplayClass28_1","n1cnfRmI74","case AllEnums.化身分类.千钧卷:","eu2nmrPAhD.hBonikvueB.user.存档数据.中州论道存档.jxpIgn1imh; defaultInterpolatedStringHandler.AppendLiteral; defaultInterpolatedStringHandler.AppendFormatted; defaultInterpolatedStringHandler.ToStringAndClear; list.Add; myNATSocketClient4.C_Send; i4.提示_提醒和杂项公告","plugin-source/v10-source-restoration/浮生录功能.cs","515"
"plugin-core","浮生录功能._003C_003Ec__DisplayClass28_1","n1cnfRmI74","case AllEnums.化身分类.灵虚卷:","eu2nmrPAhD.hBonikvueB.user.存档数据.中州论道存档.jxpIgn1imh; defaultInterpolatedStringHandler.AppendLiteral; defaultInterpolatedStringHandler.AppendFormatted; defaultInterpolatedStringHandler.ToStringAndClear; list.Add; myNATSocketClient3.C_Send; i3.提示_提醒和杂项公告","plugin-source/v10-source-restoration/浮生录功能.cs","538"
"plugin-core","浮生录功能._003C_003Ec__DisplayClass28_1","n1cnfRmI74","case AllEnums.化身分类.御元卷:","eu2nmrPAhD.hBonikvueB.user.存档数据.中州论道存档.jxpIgn1imh; defaultInterpolatedStringHandler.AppendLiteral; defaultInterpolatedStringHandler.AppendFormatted; defaultInterpolatedStringHandler.ToStringAndClear; list.Add; myNATSocketClient2.C_Send; i2.提示_提醒和杂项公告","plugin-source/v10-source-restoration/浮生录功能.cs","561"
"plugin-core","浮生录功能._003C_003Ec__DisplayClass28_1","n1cnfRmI74","case AllEnums.化身分类.乘风卷:","eu2nmrPAhD.hBonikvueB.user.存档数据.中州论道存档.jxpIgn1imh; defaultInterpolatedStringHandler.AppendLiteral; defaultInterpolatedStringHandler.AppendFormatted; defaultInterpolatedStringHandler.ToStringAndClear; list.Add; myNATSocketClient.C_Send; i.提示_提醒和杂项公告","plugin-source/v10-source-restoration/浮生录功能.cs","584"
"plugin-core","请求数据响应处理类","请求处理中心","case AllEnums.请求包头枚举.请求_修改雪花ID:","","plugin-source/v10-source-restoration/请求数据响应处理类.cs","234"
"plugin-core","请求数据响应处理类","请求处理中心","case AllEnums.请求包头枚举.请求_绑定操作:","Singleton<COyX27f6L3uCF3F6Kp5>.I.Qjxfao1jQp","plugin-source/v10-source-restoration/请求数据响应处理类.cs","236"
"plugin-core","请求数据响应处理类","请求处理中心","case AllEnums.请求包头枚举.请求_娃娃技能勾选:","Singleton<mQEQjEBxYW4SsAecBHJ>.I.P0GGK9s4W0","plugin-source/v10-source-restoration/请求数据响应处理类.cs","239"
"plugin-core","请求数据响应处理类","请求处理中心","case AllEnums.请求包头枚举.请求_GM操作:","Singleton<WdAPI>.I.rGlotFRFOy","plugin-source/v10-source-restoration/请求数据响应处理类.cs","242"
"plugin-core","请求数据响应处理类","请求处理中心","case AllEnums.请求包头枚举.请求_小助手图标:","xH3TPsiexTnpJAMMnJm.clyBlug2Xa; Singleton<Xh4EKmRML8L7x53wDHM>.I.小助手_呼叫","plugin-source/v10-source-restoration/请求数据响应处理类.cs","245"
"plugin-core","请求数据响应处理类","请求处理中心","case AllEnums.请求包头枚举.请求_引灵幡恢复耐久:","Singleton<WdAPI>.I.bJboBw7BEu; Ab7Ypu2aCcHMcLPG8Um.o5DmWnO5ND; Singleton<Ab7Ypu2aCcHMcLPG8Um>.I.QKImKoWgLf","plugin-source/v10-source-restoration/请求数据响应处理类.cs","252"
"plugin-core","请求数据响应处理类","请求处理中心","case AllEnums.请求包头枚举.请求_经验锁定:","Singleton<WdAPI>.I.bJboBw7BEu; Ab7Ypu2aCcHMcLPG8Um.o5DmWnO5ND; Singleton<Ab7Ypu2aCcHMcLPG8Um>.I.jRJ2remBsP","plugin-source/v10-source-restoration/请求数据响应处理类.cs","267"
"plugin-core","请求数据响应处理类","请求处理中心","case AllEnums.请求包头枚举.请求_整理背包:","string.IsNullOrWhiteSpace; CS_0024_003C_003E8__locals239.bhPynindCs.C_Send; Singleton<WdAPI>.I.提示_中心提醒","plugin-source/v10-source-restoration/请求数据响应处理类.cs","281"
"plugin-core","请求数据响应处理类","请求处理中心","case AllEnums.请求包头枚举.请求_观看隐藏:","Singleton<ByteAPI>.I.到整数; Singleton<ByteAPI>.I.取字节集右边","plugin-source/v10-source-restoration/请求数据响应处理类.cs","291"
"plugin-core","请求数据响应处理类","请求处理中心","case AllEnums.请求包头枚举.请求_五行竞猜:","","plugin-source/v10-source-restoration/请求数据响应处理类.cs","294"
"plugin-core","请求数据响应处理类","请求处理中心","case AllEnums.请求包头枚举.请求_娃娃喂养:","Singleton<mQEQjEBxYW4SsAecBHJ>.I.TkXBtCEc5i","plugin-source/v10-source-restoration/请求数据响应处理类.cs","300"
"plugin-core","请求数据响应处理类","请求处理中心","case AllEnums.请求包头枚举.请求_取出摆摊账户现金:","Singleton<WdAPI>.I.bJboBw7BEu; Singleton<YHfw7nGpg7WfdCBKDH4>.I.UNPfbU5Z1y","plugin-source/v10-source-restoration/请求数据响应处理类.cs","307"
"plugin-core","请求数据响应处理类","请求处理中心","case AllEnums.请求包头枚举.请求_确定购买摆摊:","Singleton<WdAPI>.I.bJboBw7BEu; Singleton<YHfw7nGpg7WfdCBKDH4>.I.QJSfwnhYfW","plugin-source/v10-source-restoration/请求数据响应处理类.cs","318"
"plugin-core","请求数据响应处理类","请求处理中心","case AllEnums.请求包头枚举.请求_输入摆摊物品价格:","Singleton<WdAPI>.I.bJboBw7BEu; Singleton<YHfw7nGpg7WfdCBKDH4>.I.J7ffua6YYd","plugin-source/v10-source-restoration/请求数据响应处理类.cs","329"
"plugin-core","请求数据响应处理类","请求处理中心","case AllEnums.请求包头枚举.请求_仓库存物品:","Singleton<COyX27f6L3uCF3F6Kp5>.I.ED4fcWuaoc","plugin-source/v10-source-restoration/请求数据响应处理类.cs","340"
"plugin-core","请求数据响应处理类","请求处理中心","case AllEnums.请求包头枚举.请求_仓库取物品:","Singleton<COyX27f6L3uCF3F6Kp5>.I.NGtfnF0R5b","plugin-source/v10-source-restoration/请求数据响应处理类.cs","343"
"plugin-core","请求数据响应处理类","请求处理中心","case AllEnums.请求包头枚举.请求_地府商城购买询问:","Singleton<mDs6hiBvFvG3CRi3MZk>.I.Nc8B0RfNPE","plugin-source/v10-source-restoration/请求数据响应处理类.cs","346"
"plugin-core","请求数据响应处理类","请求处理中心","case AllEnums.请求包头枚举.请求_地府图标点击:","Singleton<WdAPI>.I.bJboBw7BEu; CS_0024_003C_003E8__locals239.bhPynindCs.C_Send; Singleton<mDs6hiBvFvG3CRi3MZk>.I.ouWBk4AhMx","plugin-source/v10-source-restoration/请求数据响应处理类.cs","353"
"plugin-core","请求数据响应处理类","请求处理中心","case AllEnums.请求包头枚举.请求_频道物品查看:","Singleton<hQdJQufqsH3l9bnUemG>.I.hac6uc0JTy","plugin-source/v10-source-restoration/请求数据响应处理类.cs","372"
"plugin-core","请求数据响应处理类","请求处理中心","case AllEnums.请求包头枚举.请求_奇宝交易明细:","Singleton<svsUCqKdlsQkBBIo3St>.I.JigK8AQ6lE","plugin-source/v10-source-restoration/请求数据响应处理类.cs","375"
"plugin-core","请求数据响应处理类","请求处理中心","case AllEnums.请求包头枚举.请求_单次悟道:","sUhuV4s664O5VhBMqaF.wo7snB1Lah","plugin-source/v10-source-restoration/请求数据响应处理类.cs","382"
"plugin-core","请求数据响应处理类","请求处理中心","case AllEnums.请求包头枚举.请求_悟道修为购买:","sUhuV4s664O5VhBMqaF.wo7snB1Lah","plugin-source/v10-source-restoration/请求数据响应处理类.cs","388"
"plugin-core","请求数据响应处理类","请求处理中心","case AllEnums.请求包头枚举.请求_悟道周卡购买:","sUhuV4s664O5VhBMqaF.wo7snB1Lah","plugin-source/v10-source-restoration/请求数据响应处理类.cs","394"
"plugin-core","请求数据响应处理类","请求处理中心","case AllEnums.请求包头枚举.请求_悟道展开事件:","sUhuV4s664O5VhBMqaF.wo7snB1Lah","plugin-source/v10-source-restoration/请求数据响应处理类.cs","400"
"plugin-core","请求数据响应处理类","请求处理中心","case AllEnums.请求包头枚举.请求_一键悟道:","sUhuV4s664O5VhBMqaF.wo7snB1Lah","plugin-source/v10-source-restoration/请求数据响应处理类.cs","406"
"plugin-core","请求数据响应处理类","请求处理中心","case AllEnums.请求包头枚举.请求_悟道转换属性:","sUhuV4s664O5VhBMqaF.wo7snB1Lah","plugin-source/v10-source-restoration/请求数据响应处理类.cs","412"
"plugin-core","请求数据响应处理类","请求处理中心","case AllEnums.请求包头枚举.请求_宠物改名事件:","Singleton<请求数据响应处理类>.I.C8L2c2YcIC","plugin-source/v10-source-restoration/请求数据响应处理类.cs","418"
"plugin-core","请求数据响应处理类","请求处理中心","case AllEnums.请求包头枚举.请求_守护改名事件:","Singleton<请求数据响应处理类>.I.MMK2nmH3WI","plugin-source/v10-source-restoration/请求数据响应处理类.cs","421"
"plugin-core","请求数据响应处理类","请求处理中心","case AllEnums.请求包头枚举.请求_娃娃改名事件:","Singleton<请求数据响应处理类>.I.PIt257Wdmg","plugin-source/v10-source-restoration/请求数据响应处理类.cs","424"
"plugin-core","请求数据响应处理类","请求处理中心","case AllEnums.请求包头枚举.请求_居所打坐事件:","","plugin-source/v10-source-restoration/请求数据响应处理类.cs","427"
"plugin-core","请求数据响应处理类","请求处理中心","case AllEnums.请求包头枚举.请求_按钮点击事件:","cQB2Sq3aZ1","plugin-source/v10-source-restoration/请求数据响应处理类.cs","433"
"plugin-core","请求数据响应处理类","请求处理中心","case AllEnums.请求包头枚举.请求_对宠物使用道具:","YNs2LktTKf","plugin-source/v10-source-restoration/请求数据响应处理类.cs","440"
"plugin-core","请求数据响应处理类","请求处理中心","case AllEnums.请求包头枚举.请求_使用技能:","Enumerable.SequenceEqual; Singleton<ByteAPI>.I.取字节集右边","plugin-source/v10-source-restoration/请求数据响应处理类.cs","447"
"plugin-core","请求数据响应处理类","请求处理中心","case AllEnums.请求包头枚举.请求_首次选择线路:","string.IsNullOrWhiteSpace; Nqi2PRktEt; CS_0024_003C_003E8__locals239.bhPynindCs.C_Send; Singleton<WdAPI>.I.提示_中心提醒","plugin-source/v10-source-restoration/请求数据响应处理类.cs","457"
"plugin-core","请求数据响应处理类","请求处理中心","case AllEnums.请求包头枚举.请求_注册角色:","CS_0024_003C_003E8__locals239.bhPynindCs.C_Send; Singleton<WdAPI>.I.提示_中心提醒","plugin-source/v10-source-restoration/请求数据响应处理类.cs","464"
"plugin-core","请求数据响应处理类","请求处理中心","case AllEnums.请求包头枚举.请求_加仙魔点:","","plugin-source/v10-source-restoration/请求数据响应处理类.cs","467"
"plugin-core","请求数据响应处理类","请求处理中心","case AllEnums.请求包头枚举.请求_穿戴装备:","Singleton<COyX27f6L3uCF3F6Kp5>.I.basf7jeST3","plugin-source/v10-source-restoration/请求数据响应处理类.cs","473"
"plugin-core","请求数据响应处理类","请求处理中心","case AllEnums.请求包头枚举.请求_FD64:","fdk2vID3DK","plugin-source/v10-source-restoration/请求数据响应处理类.cs","476"
"plugin-core","请求数据响应处理类","请求处理中心","case AllEnums.请求包头枚举.请求_换线:","Singleton<WdAPI>.I.bJboBw7BEu; string.IsNullOrWhiteSpace; CS_0024_003C_003E8__locals239.bhPynindCs.C_Send; Singleton<WdAPI>.I.换线_中心提醒; EnL2XAk7s0","plugin-source/v10-source-restoration/请求数据响应处理类.cs","479"
"plugin-core","请求数据响应处理类","请求处理中心","case AllEnums.请求包头枚举.请求_切换装备:","CS_0024_003C_003E8__locals239.bhPynindCs.C_Send; Singleton<WdAPI>.I.提示_中心提醒","plugin-source/v10-source-restoration/请求数据响应处理类.cs","495"
"plugin-core","请求数据响应处理类","请求处理中心","case AllEnums.请求包头枚举.请求_取消对话:","Singleton<请求数据响应处理类>.I.vXN2mciFrh","plugin-source/v10-source-restoration/请求数据响应处理类.cs","503"
"plugin-core","请求数据响应处理类","请求处理中心","case AllEnums.请求包头枚举.请求_异兽录:","iRGieud4qtscW6ESmxk.wGmslE7YU3; Singleton<iRGieud4qtscW6ESmxk>.I.x1vswD7Ba4; Singleton<ByteAPI>.I.取字节集中间","plugin-source/v10-source-restoration/请求数据响应处理类.cs","506"
"plugin-core","请求数据响应处理类","请求处理中心","case AllEnums.请求包头枚举.请求_无双争夺战:","Singleton<BpcEfFbiGBBV3s2B0ai>.I.V4cbXi2m8r; Singleton<ByteAPI>.I.取字节集右边","plugin-source/v10-source-restoration/请求数据响应处理类.cs","513"
"plugin-core","请求数据响应处理类","请求处理中心","case AllEnums.请求包头枚举.请求_各种状态设置:","Singleton<请求数据响应处理类>.I.uFs2MnTaqN","plugin-source/v10-source-restoration/请求数据响应处理类.cs","520"
"plugin-core","请求数据响应处理类","请求处理中心","case AllEnums.请求包头枚举.请求_宠物抗性加点:","Singleton<请求数据响应处理类>.I.adK2h5hw3V","plugin-source/v10-source-restoration/请求数据响应处理类.cs","523"
"plugin-core","请求数据响应处理类","请求处理中心","case AllEnums.请求包头枚举.请求_玩家切磋:","Singleton<BpcEfFbiGBBV3s2B0ai>.I.uowbcISuTj; Singleton<ByteAPI>.I.反转_整数; Singleton<ByteAPI>.I.取字节集中间","plugin-source/v10-source-restoration/请求数据响应处理类.cs","526"
"plugin-core","请求数据响应处理类","请求处理中心","case AllEnums.请求包头枚举.请求_逃跑操作:","CS_0024_003C_003E8__locals239.bhPynindCs.S_Send; Singleton<ByteAPI>.I.AddByte; Singleton<ByteAPI>.I.到字节集反转; CS_0024_003C_003E8__locals239.bhPynindCs.C_Send; Singleton<WdAPI>.I.提示_中心提醒; Singleton<WdAPI>.I.组包指令取消框; Singleton<WdAPI>.I.组包确定框","plugin-source/v10-source-restoration/请求数据响应处理类.cs","532"
"plugin-core","请求数据响应处理类","请求处理中心","case AllEnums.请求包头枚举.请求_查无双排行榜:","Singleton<ByteAPI>.I.寻找字节集; Singleton<BpcEfFbiGBBV3s2B0ai>.I.Yq5bn4pHcy","plugin-source/v10-source-restoration/请求数据响应处理类.cs","561"
"plugin-core","请求数据响应处理类","请求处理中心","case AllEnums.请求包头枚举.请求_组队操作:","n1b2BjvyDn","plugin-source/v10-source-restoration/请求数据响应处理类.cs","568"
"plugin-core","请求数据响应处理类","请求处理中心","case AllEnums.请求包头枚举.请求_同意入队操作:","Usr2GsNlbJ","plugin-source/v10-source-restoration/请求数据响应处理类.cs","571"
"plugin-core","请求数据响应处理类","请求处理中心","case AllEnums.请求包头枚举.请求_首次登录:","Singleton<ByteAPI>.I.反转_整数","plugin-source/v10-source-restoration/请求数据响应处理类.cs","574"
"plugin-core","请求数据响应处理类","请求处理中心","case AllEnums.请求包头枚举.请求_道具丢弃:","Singleton<请求数据响应处理类>.I.O6E2FnybWx","plugin-source/v10-source-restoration/请求数据响应处理类.cs","577"
"plugin-core","请求数据响应处理类","请求处理中心","case AllEnums.请求包头枚举.请求_宠物丢弃:","","plugin-source/v10-source-restoration/请求数据响应处理类.cs","584"
"plugin-core","请求数据响应处理类","请求处理中心","case AllEnums.请求包头枚举.请求_重置异兽录操作:","","plugin-source/v10-source-restoration/请求数据响应处理类.cs","590"
"plugin-core","请求数据响应处理类","请求处理中心","case AllEnums.请求包头枚举.请求_商城购买:","Singleton<FusVSwwzpuFHNrjHS7T>.I.yHNbsmUYJd","plugin-source/v10-source-restoration/请求数据响应处理类.cs","593"
"plugin-core","请求数据响应处理类","请求处理中心","case AllEnums.请求包头枚举.请求_角色喊话:","Singleton<hQdJQufqsH3l9bnUemG>.I.sTWfzj4nZy","plugin-source/v10-source-restoration/请求数据响应处理类.cs","603"
"plugin-core","请求数据响应处理类","请求处理中心","case AllEnums.请求包头枚举.请求_私聊处理:","Singleton<hQdJQufqsH3l9bnUemG>.I.GJ9fAVJb8P","plugin-source/v10-source-restoration/请求数据响应处理类.cs","606"
"plugin-core","请求数据响应处理类","请求处理中心","case AllEnums.请求包头枚举.请求_输入框提交:","Singleton<EMBQv9FAOd3LKHwy7T>.I.y0ZSs00Eg","plugin-source/v10-source-restoration/请求数据响应处理类.cs","609"
"plugin-core","请求数据响应处理类","请求处理中心","case AllEnums.请求包头枚举.请求_富豪榜:","Enumerable.SequenceEqual; Singleton<ByteAPI>.I.取字节集右边; Singleton<ByteAPI>.I.HtoC; CS_0024_003C_003E8__locals239.bhPynindCs.C_Send","plugin-source/v10-source-restoration/请求数据响应处理类.cs","616"
"plugin-core","请求数据响应处理类","请求处理中心","case AllEnums.请求包头枚举.请求_登录游戏:","Singleton<全局变量类>.I.角色存档表.Values.ToList().Find; Singleton<全局变量类>.I.角色存档表.Values.ToList; CS_0024_003C_003E8__locals239.bhPynindCs.C_Send; Singleton<WdAPI>.I.提示_中心提醒","plugin-source/v10-source-restoration/请求数据响应处理类.cs","623"
"plugin-core","请求数据响应处理类","请求处理中心","case AllEnums.请求包头枚举.请求_坐骑心法防御:","LlW2245di0","plugin-source/v10-source-restoration/请求数据响应处理类.cs","638"
"plugin-core","请求数据响应处理类","请求处理中心","case AllEnums.请求包头枚举.请求_鬼斧神工:","Singleton<V5YtDM6KCytDucgVcpG>.I.vFd6dErhDH","plugin-source/v10-source-restoration/请求数据响应处理类.cs","641"
"plugin-core","请求数据响应处理类","请求处理中心","case AllEnums.请求包头枚举.请求_Pack登陆:","Singleton<请求数据响应处理类>.I.Oje2fb3qO6","plugin-source/v10-source-restoration/请求数据响应处理类.cs","644"
"plugin-core","请求数据响应处理类","请求处理中心","case AllEnums.请求包头枚举.请求_鬼才试炼:","","plugin-source/v10-source-restoration/请求数据响应处理类.cs","647"
"plugin-core","请求数据响应处理类","请求处理中心","case AllEnums.请求包头枚举.请求_NPC点击1:","Singleton<z4BxVniyeUkxpq0lEyg>.I.YUAiYp4QDE","plugin-source/v10-source-restoration/请求数据响应处理类.cs","650"
"plugin-core","请求数据响应处理类","请求处理中心","case AllEnums.请求包头枚举.请求_NPC点击2:","Singleton<z4BxVniyeUkxpq0lEyg>.I.YUAiYp4QDE","plugin-source/v10-source-restoration/请求数据响应处理类.cs","653"
"plugin-core","请求数据响应处理类","请求处理中心","case AllEnums.请求包头枚举.请求_NPC点击3:","Singleton<z4BxVniyeUkxpq0lEyg>.I.YUAiYp4QDE","plugin-source/v10-source-restoration/请求数据响应处理类.cs","656"
"plugin-core","请求数据响应处理类","请求处理中心","case AllEnums.请求包头枚举.请求_漂流瓶点击:","xH3TPsiexTnpJAMMnJm.clyBlug2Xa; Singleton<xH3TPsiexTnpJAMMnJm>.I.akMBgtZ7xZ","plugin-source/v10-source-restoration/请求数据响应处理类.cs","659"
"plugin-core","请求数据响应处理类","请求处理中心","case AllEnums.请求包头枚举.请求_五周年提交:","xH3TPsiexTnpJAMMnJm.clyBlug2Xa; defaultInterpolatedStringHandler.AppendLiteral; defaultInterpolatedStringHandler.AppendFormatted; myNATSocketClient.C_Send; i.组包输入数字框; defaultInterpolatedStringHandler.ToStringAndClear","plugin-source/v10-source-restoration/请求数据响应处理类.cs","666"
"plugin-core","请求数据响应处理类","请求处理中心","case AllEnums.请求包头枚举.请求_南极五周年:","Singleton<ByteAPI>.I.取字节集右边; Singleton<WdAPI>.I.取背包剩余空格数; CS_0024_003C_003E8__locals239.bhPynindCs.C_Send; Singleton<WdAPI>.I.提示_中心提醒; Singleton<ByteAPI>.I.HtoC; Singleton<OxtnHXwv6N41rhEtfdc>.I.KWVwC5uwbQ; xH3TPsiexTnpJAMMnJm.clyBlug2Xa; Singleton<xH3TPsiexTnpJAMMnJm>.I.INXBDkjQvh","plugin-source/v10-source-restoration/请求数据响应处理类.cs","681"
"plugin-core","请求数据响应处理类","请求处理中心","case AllEnums.请求包头枚举.请求_累充面板:","CS_0024_003C_003E8__locals239.bhPynindCs.C_Send; Singleton<VlLcswg81JdPCi5w8lm>.I.zl7gfNTsJC","plugin-source/v10-source-restoration/请求数据响应处理类.cs","715"
"plugin-core","请求数据响应处理类","请求处理中心","case AllEnums.请求包头枚举.请求_商店购买:","kAv27W86j6","plugin-source/v10-source-restoration/请求数据响应处理类.cs","721"
"plugin-core","请求数据响应处理类","请求处理中心","case AllEnums.请求包头枚举.请求_物品使用:","Singleton<COyX27f6L3uCF3F6Kp5>.I.mb2fmTGBvK","plugin-source/v10-source-restoration/请求数据响应处理类.cs","728"
"plugin-core","请求数据响应处理类","请求处理中心","case AllEnums.请求包头枚举.请求_打开领双:","uh2edhfVGtogUy49Lpv.pdEfxlnyv1; Singleton<uh2edhfVGtogUy49Lpv>.I.YQCf3wWxLI; Array.Empty<byte>; CS_0024_003C_003E8__locals239.bhPynindCs.C_Send","plugin-source/v10-source-restoration/请求数据响应处理类.cs","730"
"plugin-core","请求数据响应处理类","请求处理中心","case AllEnums.请求包头枚举.请求_假人点击1:","Singleton<z4BxVniyeUkxpq0lEyg>.I.Vh8iEHMoNM","plugin-source/v10-source-restoration/请求数据响应处理类.cs","746"
"plugin-core","请求数据响应处理类","请求处理中心","case AllEnums.请求包头枚举.请求_假人点击2:","Singleton<z4BxVniyeUkxpq0lEyg>.I.Vh8iEHMoNM","plugin-source/v10-source-restoration/请求数据响应处理类.cs","752"
"plugin-core","请求数据响应处理类","请求处理中心","case AllEnums.请求包头枚举.请求_假人点击3:","Singleton<z4BxVniyeUkxpq0lEyg>.I.Vh8iEHMoNM","plugin-source/v10-source-restoration/请求数据响应处理类.cs","758"
"plugin-core","请求数据响应处理类","请求处理中心","case AllEnums.请求包头枚举.请求_心跳包:","Singleton<ByteAPI>.I.反转_整数; Singleton<ByteAPI>.I.取字节集中间","plugin-source/v10-source-restoration/请求数据响应处理类.cs","764"
"plugin-core","请求数据响应处理类","请求处理中心","case AllEnums.请求包头枚举.请求_崩服包1:","CS_0024_003C_003E8__locals239.bhPynindCs.C_Send; Singleton<WdAPI>.I.提示_中心提醒; DB.I.锁定账号操作; Log.Error; Singleton<WdAPI>.I.WT9IHmFS6c","plugin-source/v10-source-restoration/请求数据响应处理类.cs","767"
"plugin-core","请求数据响应处理类","请求处理中心","case AllEnums.请求包头枚举.请求_崩服包2:","CS_0024_003C_003E8__locals239.bhPynindCs.C_Send; Singleton<WdAPI>.I.提示_中心提醒; DB.I.锁定账号操作; Log.Error; Singleton<WdAPI>.I.WT9IHmFS6c","plugin-source/v10-source-restoration/请求数据响应处理类.cs","776"
"plugin-core","请求数据响应处理类","请求处理中心","case AllEnums.请求包头枚举.请求_乾坤袋:","Singleton<HCrxJFnoveWsmxYAyd>.I.ow5MV1MwL","plugin-source/v10-source-restoration/请求数据响应处理类.cs","785"
"plugin-core","请求数据响应处理类","请求处理中心","case AllEnums.请求包头枚举.请求_属性洗炼:","pN4kvFDKqDQRQBnO8BW.XynDBwYvGf; Singleton<pN4kvFDKqDQRQBnO8BW>.I.eC4DNMRbED","plugin-source/v10-source-restoration/请求数据响应处理类.cs","796"
"plugin-core","请求数据响应处理类","请求处理中心","case AllEnums.请求包头枚举.请求_格子交换:","Singleton<COyX27f6L3uCF3F6Kp5>.I.zrBfPuUeNu","plugin-source/v10-source-restoration/请求数据响应处理类.cs","807"
"plugin-core","请求数据响应处理类","请求处理中心","case AllEnums.请求包头枚举.请求_奇宝斋打开:","CS_0024_003C_003E8__locals239.bhPynindCs.C_Send; Singleton<WdAPI>.I.提示_中心提醒","plugin-source/v10-source-restoration/请求数据响应处理类.cs","810"
"plugin-core","请求数据响应处理类","请求处理中心","case AllEnums.请求包头枚举.请求_奇宝斋列表:","svsUCqKdlsQkBBIo3St.I5CKPFClWO; Singleton<ByteAPI>.I.寻找字节集; Singleton<svsUCqKdlsQkBBIo3St>.I.D6mKl3PdeA; Singleton<svsUCqKdlsQkBBIo3St>.I.JigK8AQ6lE","plugin-source/v10-source-restoration/请求数据响应处理类.cs","824"
"plugin-core","请求数据响应处理类","请求处理中心","case AllEnums.请求包头枚举.请求_奇宝斋我的货架:","CS_0024_003C_003E8__locals239.bhPynindCs.C_Send","plugin-source/v10-source-restoration/请求数据响应处理类.cs","846"
"plugin-core","请求数据响应处理类","请求处理中心","case AllEnums.请求包头枚举.请求_奇宝斋我的货架2:","CS_0024_003C_003E8__locals239.bhPynindCs.C_Send","plugin-source/v10-source-restoration/请求数据响应处理类.cs","860"
"plugin-core","请求数据响应处理类","请求处理中心","case AllEnums.请求包头枚举.请求_奇宝斋玩家上架:","Singleton<WdAPI>.I.bJboBw7BEu; svsUCqKdlsQkBBIo3St.I5CKPFClWO; Singleton<ByteAPI>.I.寻找字节集; Singleton<svsUCqKdlsQkBBIo3St>.I.luaKInnxZX","plugin-source/v10-source-restoration/请求数据响应处理类.cs","874"
"plugin-core","请求数据响应处理类","请求处理中心","case AllEnums.请求包头枚举.请求_奇宝斋物品展示:","Singleton<WdAPI>.I.bJboBw7BEu; svsUCqKdlsQkBBIo3St.I5CKPFClWO; Singleton<svsUCqKdlsQkBBIo3St>.I.UFFKo9bN60","plugin-source/v10-source-restoration/请求数据响应处理类.cs","892"
"plugin-core","请求数据响应处理类","请求处理中心","case AllEnums.请求包头枚举.请求_奇宝斋下单:","Singleton<WdAPI>.I.bJboBw7BEu; svsUCqKdlsQkBBIo3St.I5CKPFClWO; Singleton<svsUCqKdlsQkBBIo3St>.I.JWCKNnYWQj","plugin-source/v10-source-restoration/请求数据响应处理类.cs","907"
"plugin-core","请求数据响应处理类","请求处理中心","case AllEnums.请求包头枚举.请求_交易放入:","Singleton<ByteAPI>.I.取字节集数据; Singleton<WdAPI>.I.QSgoJ8DvVe; string.IsNullOrWhiteSpace; (""|"" + Singleton<全局变量类>.I.超级道具配置.禁止交易道具 + ""|"").Contains; CS_0024_003C_003E8__locals239.bhPynindCs.C_Send; Singleton<WdAPI>.I.提示_中心提醒","plugin-source/v10-source-restoration/请求数据响应处理类.cs","922"
"plugin-core","请求数据响应处理类","请求处理中心","case AllEnums.请求包头枚举.请求_商会存放:","Singleton<COyX27f6L3uCF3F6Kp5>.I.jEffhTTGGK","plugin-source/v10-source-restoration/请求数据响应处理类.cs","940"
"plugin-model","ByteAPI","取字节集数据","case 1:","","plugin-source/v10-source-restoration-lk/ByteAPI.cs","92"
"plugin-model","ByteAPI","取字节集数据","case 2:","BitConverter.ToInt16","plugin-source/v10-source-restoration-lk/ByteAPI.cs","94"
"plugin-model","ByteAPI","取字节集数据","default:","BitConverter.ToInt32","plugin-source/v10-source-restoration-lk/ByteAPI.cs","96"
"plugin-model","ByteAPI","到字节集反转","case 4:","AddByte","plugin-source/v10-source-restoration-lk/ByteAPI.cs","478"
"plugin-model","ByteAPI","到字节集反转","case 2:","","plugin-source/v10-source-restoration-lk/ByteAPI.cs","488"
"plugin-model","封包_写","写字节集","case 0:","WriteByte","plugin-source/v10-source-restoration-lk/封包_写.cs","66"
"plugin-model","封包_写","写字节集","case 1:","写短整数型","plugin-source/v10-source-restoration-lk/封包_写.cs","69"
"plugin-model","封包_写","写字节集","case 2:","写整数型","plugin-source/v10-source-restoration-lk/封包_写.cs","72"
"plugin-model","封包_写","写入数据","case 0:","WriteByte","plugin-source/v10-source-restoration-lk/封包_写.cs","88"
"plugin-model","封包_写","写入数据","case 1:","写短整数型","plugin-source/v10-source-restoration-lk/封包_写.cs","91"
"plugin-model","封包_写","写入数据","case 2:","写整数型","plugin-source/v10-source-restoration-lk/封包_写.cs","94"
"plugin-model","封包_读","读文本型","case 0:","ReadByte","plugin-source/v10-source-restoration-lk/封包_读.cs","35"
"plugin-model","封包_读","读文本型","case 1:","读短整数型","plugin-source/v10-source-restoration-lk/封包_读.cs","38"
"plugin-model","封包_读","读文本型","case 2:","读整数型","plugin-source/v10-source-restoration-lk/封包_读.cs","41"
"plugin-model","封包_读","读文本型","default:","","plugin-source/v10-source-restoration-lk/封包_读.cs","44"
"plugin-model","封包_读","读文本型","case 0:","ReadByte","plugin-source/v10-source-restoration-lk/封包_读.cs","62"
"plugin-model","封包_读","读文本型","case 1:","读短整数型","plugin-source/v10-source-restoration-lk/封包_读.cs","65"
"plugin-model","封包_读","读文本型","case 2:","读整数型","plugin-source/v10-source-restoration-lk/封包_读.cs","68"
"plugin-model","封包_读","读文本型","default:","","plugin-source/v10-source-restoration-lk/封包_读.cs","71"
"plugin-model","封包_读","读文本型","case 0:","ReadByte","plugin-source/v10-source-restoration-lk/封包_读.cs","90"
"plugin-model","封包_读","读文本型","case 1:","读短整数型","plugin-source/v10-source-restoration-lk/封包_读.cs","93"
"plugin-model","封包_读","读文本型","case 2:","读整数型","plugin-source/v10-source-restoration-lk/封包_读.cs","96"
"plugin-model","封包_读","读文本型","default:","","plugin-source/v10-source-restoration-lk/封包_读.cs","99"
"plugin-model","精炼属性数值类","Is符合条件","case AllEnums.精炼属性Type.无:","","plugin-source/v10-source-restoration-lk/精炼属性数值类.cs","81"
"plugin-model","精炼属性数值类","Is符合条件","case AllEnums.精炼属性Type.蓝属性:","","plugin-source/v10-source-restoration-lk/精炼属性数值类.cs","83"
"plugin-model","超级进化列表类","Is可进化","case 89:","","plugin-source/v10-source-restoration-lk/超级进化列表类.cs","57"
"plugin-model","超级进化列表类","Is可进化","case 90:","","plugin-source/v10-source-restoration-lk/超级进化列表类.cs","63"
"plugin-model","超级进化列表类","Is可进化","case 99:","","plugin-source/v10-source-restoration-lk/超级进化列表类.cs","69"
"plugin-model","超级进化列表类","Is可进化","case 100:","","plugin-source/v10-source-restoration-lk/超级进化列表类.cs","75"
"plugin-model","超级进化列表类","Is可进化","case 109:","","plugin-source/v10-source-restoration-lk/超级进化列表类.cs","81"
"plugin-model","超级进化列表类","Is可进化","case 110:","","plugin-source/v10-source-restoration-lk/超级进化列表类.cs","87"
"plugin-model","超级进化列表类","Is可进化","case 119:","","plugin-source/v10-source-restoration-lk/超级进化列表类.cs","93"
"plugin-model","超级进化列表类","Is可进化","case 120:","","plugin-source/v10-source-restoration-lk/超级进化列表类.cs","99"
"plugin-model","超级进化列表类","Is可进化","case 129:","","plugin-source/v10-source-restoration-lk/超级进化列表类.cs","105"
"plugin-model","超级进化列表类","Is可进化","case 130:","","plugin-source/v10-source-restoration-lk/超级进化列表类.cs","111"
"plugin-model","超级进化列表类","Is可进化","case 139:","","plugin-source/v10-source-restoration-lk/超级进化列表类.cs","117"
"plugin-model","超级进化列表类","Is可进化","case 140:","","plugin-source/v10-source-restoration-lk/超级进化列表类.cs","123"
"plugin-model","超级进化列表类","Is可进化","case 149:","","plugin-source/v10-source-restoration-lk/超级进化列表类.cs","129"
"plugin-model","超级进化列表类","Is可进化","case 150:","","plugin-source/v10-source-restoration-lk/超级进化列表类.cs","135"
"plugin-model","超级进化列表类","Is可进化","case 159:","","plugin-source/v10-source-restoration-lk/超级进化列表类.cs","141"
"plugin-model","超级进化列表类","Is可进化","case 160:","","plugin-source/v10-source-restoration-lk/超级进化列表类.cs","147"
"plugin-model","超级进化列表类","Is可进化","case 169:","","plugin-source/v10-source-restoration-lk/超级进化列表类.cs","153"
"plugin-model","超级进化列表类","Is可进化","case 170:","","plugin-source/v10-source-restoration-lk/超级进化列表类.cs","159"
"plugin-model","超级进化列表类","Is可进化","case 179:","","plugin-source/v10-source-restoration-lk/超级进化列表类.cs","165"
"plugin-model","超级进化列表类","Is可进化","case 180:","","plugin-source/v10-source-restoration-lk/超级进化列表类.cs","171"
"plugin-model","超级进化列表类","Is可进化","case 189:","","plugin-source/v10-source-restoration-lk/超级进化列表类.cs","177"
"plugin-model","超级进化列表类","Is可进化","case 190:","","plugin-source/v10-source-restoration-lk/超级进化列表类.cs","183"
"plugin-model","超级进化列表类","Is可进化","case 199:","","plugin-source/v10-source-restoration-lk/超级进化列表类.cs","189"
"plugin-model","超级进化列表类","Is可进化","default:","","plugin-source/v10-source-restoration-lk/超级进化列表类.cs","195"
"admin","NetClientFrom.后台主页界面","boxDragDrop","case ""charge_item.list"":","list.ToStrings","admin-source/current/NetClientFrom/后台主页界面.cs","4890"
"admin","NetClientFrom.后台主页界面","boxDragDrop","case ""special_item.list"":","list.ToStrings","admin-source/current/NetClientFrom/后台主页界面.cs","4893"
"admin","NetClientFrom.后台主页界面","boxDragDrop","case ""medicine.list"":","list.ToStrings","admin-source/current/NetClientFrom/后台主页界面.cs","4896"
"admin","NetClientFrom.后台主页界面","boxDragDrop","case ""task_item.list"":","list.ToStrings","admin-source/current/NetClientFrom/后台主页界面.cs","4899"
"admin","NetClientFrom.后台主页界面","cdk兑换_生成类型_SelectedIndexChanged","case ""道具"":","","admin-source/current/NetClientFrom/后台主页界面.cs","5874"
"admin","NetClientFrom.后台主页界面","cdk兑换_生成类型_SelectedIndexChanged","case ""点卡"":","","admin-source/current/NetClientFrom/后台主页界面.cs","5877"
"admin","NetClientFrom.后台主页界面","cdk兑换_生成类型_SelectedIndexChanged","case ""奇宝点"":","","admin-source/current/NetClientFrom/后台主页界面.cs","5880"
"admin","NetClientFrom.后台主页界面","cdk兑换_生成类型_SelectedIndexChanged","case ""注册码"":","","admin-source/current/NetClientFrom/后台主页界面.cs","5883"
"admin","NetClientFrom.后台主页界面","返回启动网关","case 0:","","admin-source/current/NetClientFrom/后台主页界面.cs","6060"
"admin","NetClientFrom.后台主页界面","返回启动网关","case 1:","","admin-source/current/NetClientFrom/后台主页界面.cs","6063"
"admin","NetClientFrom.后台主页界面","返回启动网关","case 2:","","admin-source/current/NetClientFrom/后台主页界面.cs","6066"
"admin","NetClientFrom.后台主页界面","返回启动网关","case 0:","","admin-source/current/NetClientFrom/后台主页界面.cs","6075"
"admin","NetClientFrom.后台主页界面","返回启动网关","case 1:","","admin-source/current/NetClientFrom/后台主页界面.cs","6078"
"admin","NetClientFrom.后台主页界面","返回启动网关","case 2:","","admin-source/current/NetClientFrom/后台主页界面.cs","6081"
"admin","NetClientFrom.后台主页界面","个人发送事件处理","case AllEnums.菜单操作类型.个人_信息查询:","MessageBox.Show","admin-source/current/NetClientFrom/后台主页界面.cs","6116"
"admin","NetClientFrom.后台主页界面","个人发送事件处理","case AllEnums.菜单操作类型.个人_强制下线:","MessageBox.Show; Singleton<全局变量类>.I.验证client.SendRT; 角色监控_角色列表.Rows.RemoveAt","admin-source/current/NetClientFrom/后台主页界面.cs","6119"
"admin","NetClientFrom.后台主页界面","个人发送事件处理","case AllEnums.菜单操作类型.个人_拉黑IP:","Singleton<全局变量类>.I.验证client.SendRT; 角色监控_角色列表.Rows.RemoveAt","admin-source/current/NetClientFrom/后台主页界面.cs","6128"
"admin","NetClientFrom.后台主页界面","个人发送事件处理","case AllEnums.菜单操作类型.个人_拉黑Mac:","Singleton<全局变量类>.I.验证client.SendRT; 角色监控_角色列表.Rows.RemoveAt","admin-source/current/NetClientFrom/后台主页界面.cs","6132"
"admin","NetClientFrom.后台主页界面","个人发送事件处理","case AllEnums.菜单操作类型.个人_拉黑QQ:","Singleton<全局变量类>.I.验证client.SendRT; 角色监控_角色列表.Rows.RemoveAt","admin-source/current/NetClientFrom/后台主页界面.cs","6136"
"admin","NetClientFrom.后台主页界面","个人发送事件处理","case AllEnums.菜单操作类型.个人_清空存档:","Singleton<全局变量类>.I.验证client.SendRT; Singleton<全局变量类>.I.角色列表.Remove","admin-source/current/NetClientFrom/后台主页界面.cs","6140"
"admin","NetClientFrom.后台主页界面","个人发送事件处理","case AllEnums.菜单操作类型.个人_清空南极点:","Singleton<全局变量类>.I.验证client.SendRT","admin-source/current/NetClientFrom/后台主页界面.cs","6144"
"admin","NetClientFrom.后台主页界面","个人发送事件处理","case AllEnums.菜单操作类型.个人_清空累充点:","Singleton<全局变量类>.I.验证client.SendRT","admin-source/current/NetClientFrom/后台主页界面.cs","6147"
"admin","NetClientFrom.后台主页界面","个人发送事件处理","case AllEnums.菜单操作类型.个人_清空奇宝点:","Singleton<全局变量类>.I.验证client.SendRT","admin-source/current/NetClientFrom/后台主页界面.cs","6150"
"admin","NetClientFrom.后台主页界面","个人发送事件处理","case AllEnums.菜单操作类型.个人_清空金元宝:","Singleton<全局变量类>.I.验证client.SendRT","admin-source/current/NetClientFrom/后台主页界面.cs","6153"
"admin","NetClientFrom.后台主页界面","个人发送事件处理","case AllEnums.菜单操作类型.个人_清空银元宝:","Singleton<全局变量类>.I.验证client.SendRT","admin-source/current/NetClientFrom/后台主页界面.cs","6156"
"admin","NetClientFrom.后台主页界面","个人发送事件处理","case AllEnums.菜单操作类型.个人_清空定制异兽录:","MessageBox.Show; Singleton<全局变量类>.I.验证client.SendRT","admin-source/current/NetClientFrom/后台主页界面.cs","6159"
"admin","NetClientFrom.后台主页界面","个人发送事件处理","case AllEnums.菜单操作类型.个人_清空定制浮生录:","MessageBox.Show; Singleton<全局变量类>.I.验证client.SendRT","admin-source/current/NetClientFrom/后台主页界面.cs","6167"
"admin","NetClientFrom.后台主页界面","个人发送事件处理","case AllEnums.菜单操作类型.个人_清空定制六道轮回:","MessageBox.Show; Singleton<全局变量类>.I.验证client.SendRT","admin-source/current/NetClientFrom/后台主页界面.cs","6175"
"admin","NetClientFrom.后台主页界面","个人发送事件处理","case AllEnums.菜单操作类型.个人_清空定制超级道具:","MessageBox.Show; Singleton<全局变量类>.I.验证client.SendRT","admin-source/current/NetClientFrom/后台主页界面.cs","6183"
"admin","NetClientFrom.后台主页界面","个人发送事件处理","case AllEnums.菜单操作类型.个人_清空注册表数据:","Singleton<全局变量类>.I.验证client.SendRT","admin-source/current/NetClientFrom/后台主页界面.cs","6191"
"admin","NetClientFrom.后台主页界面","个人发送事件处理","case AllEnums.菜单操作类型.全区_清空全区存档:","Singleton<全局变量类>.I.验证client.SendRT","admin-source/current/NetClientFrom/后台主页界面.cs","6194"
"admin","NetClientFrom.后台主页界面","个人发送事件处理","case AllEnums.菜单操作类型.全区_清空全区南极点:","Singleton<全局变量类>.I.验证client.SendRT","admin-source/current/NetClientFrom/后台主页界面.cs","6197"
"admin","NetClientFrom.后台主页界面","个人发送事件处理","case AllEnums.菜单操作类型.全区_清空全区累充点:","Singleton<全局变量类>.I.验证client.SendRT","admin-source/current/NetClientFrom/后台主页界面.cs","6200"
"admin","NetClientFrom.后台主页界面","个人发送事件处理","case AllEnums.菜单操作类型.全区_清空全区奇宝点:","Singleton<全局变量类>.I.验证client.SendRT","admin-source/current/NetClientFrom/后台主页界面.cs","6203"
"admin","NetClientFrom.后台主页界面","个人发送事件处理","case AllEnums.菜单操作类型.全区_清空全区金元宝:","Singleton<全局变量类>.I.验证client.SendRT","admin-source/current/NetClientFrom/后台主页界面.cs","6206"
"admin","NetClientFrom.后台主页界面","个人发送事件处理","case AllEnums.菜单操作类型.全区_清空全区银元宝:","Singleton<全局变量类>.I.验证client.SendRT","admin-source/current/NetClientFrom/后台主页界面.cs","6209"
"admin","NetClientFrom.后台主页界面","GM_注册按钮_Click","case ""旧金"":","","admin-source/current/NetClientFrom/后台主页界面.cs","6302"
"admin","NetClientFrom.后台主页界面","GM_注册按钮_Click","case ""旧木"":","","admin-source/current/NetClientFrom/后台主页界面.cs","6306"
"admin","NetClientFrom.后台主页界面","GM_注册按钮_Click","case ""旧水"":","","admin-source/current/NetClientFrom/后台主页界面.cs","6310"
"admin","NetClientFrom.后台主页界面","GM_注册按钮_Click","case ""旧火"":","","admin-source/current/NetClientFrom/后台主页界面.cs","6314"
"admin","NetClientFrom.后台主页界面","GM_注册按钮_Click","case ""旧土"":","","admin-source/current/NetClientFrom/后台主页界面.cs","6318"
"admin","NetClientFrom.后台主页界面","GM_注册按钮_Click","case ""新金"":","","admin-source/current/NetClientFrom/后台主页界面.cs","6322"
"admin","NetClientFrom.后台主页界面","GM_注册按钮_Click","case ""新木"":","","admin-source/current/NetClientFrom/后台主页界面.cs","6326"
"admin","NetClientFrom.后台主页界面","GM_注册按钮_Click","case ""新水"":","","admin-source/current/NetClientFrom/后台主页界面.cs","6330"
"admin","NetClientFrom.后台主页界面","GM_注册按钮_Click","case ""新火"":","","admin-source/current/NetClientFrom/后台主页界面.cs","6334"
"admin","NetClientFrom.后台主页界面","GM_注册按钮_Click","case ""新土"":","","admin-source/current/NetClientFrom/后台主页界面.cs","6338"
"admin","NetClientFrom.后台主页界面","返回获取配置","case AllEnums.后台通信类型.后台首页配置:","JsonConvert.DeserializeObject<MainConfig>","admin-source/current/NetClientFrom/后台主页界面.cs","6766"
"admin","NetClientFrom.后台主页界面","返回获取配置","case AllEnums.后台通信类型.南极抽奖配置:","JsonConvert.DeserializeObject<南极配置类>","admin-source/current/NetClientFrom/后台主页界面.cs","6769"
"admin","NetClientFrom.后台主页界面","返回获取配置","case AllEnums.后台通信类型.累充奖励配置:","JsonConvert.DeserializeObject<累充配置类>","admin-source/current/NetClientFrom/后台主页界面.cs","6772"
"admin","NetClientFrom.后台主页界面","返回获取配置","case AllEnums.后台通信类型.全服泡点配置:","JsonConvert.DeserializeObject<在线泡点配置类>","admin-source/current/NetClientFrom/后台主页界面.cs","6775"
"admin","NetClientFrom.后台主页界面","返回获取配置","case AllEnums.后台通信类型.道宠回收配置:","JsonConvert.DeserializeObject<道具宠物回收配置类>","admin-source/current/NetClientFrom/后台主页界面.cs","6778"
"admin","NetClientFrom.后台主页界面","返回获取配置","case AllEnums.后台通信类型.喊话限制配置:","JsonConvert.DeserializeObject<喊话限制配置类>","admin-source/current/NetClientFrom/后台主页界面.cs","6781"
"admin","NetClientFrom.后台主页界面","返回获取配置","case AllEnums.后台通信类型.专属会员配置:","JsonConvert.DeserializeObject<指定会员配置类>","admin-source/current/NetClientFrom/后台主页界面.cs","6784"
"admin","NetClientFrom.后台主页界面","返回获取配置","case AllEnums.后台通信类型.六道轮回配置:","JsonConvert.DeserializeObject<六道轮回配置类>","admin-source/current/NetClientFrom/后台主页界面.cs","6787"
"admin","NetClientFrom.后台主页界面","返回获取配置","case AllEnums.后台通信类型.异兽图鉴配置:","JsonConvert.DeserializeObject<异兽录配置类>","admin-source/current/NetClientFrom/后台主页界面.cs","6790"
"admin","NetClientFrom.后台主页界面","返回获取配置","case AllEnums.后台通信类型.无双战场配置:","JsonConvert.DeserializeObject<圣无双配置类>","admin-source/current/NetClientFrom/后台主页界面.cs","6793"
"admin","NetClientFrom.后台主页界面","返回获取配置","case AllEnums.后台通信类型.推荐拉人配置:","JsonConvert.DeserializeObject<推荐拉人配置类>","admin-source/current/NetClientFrom/后台主页界面.cs","6796"
"admin","NetClientFrom.后台主页界面","返回获取配置","case AllEnums.后台通信类型.浮生化身配置:","JsonConvert.DeserializeObject<浮生录配置类>","admin-source/current/NetClientFrom/后台主页界面.cs","6799"
"admin","NetClientFrom.后台主页界面","返回获取配置","case AllEnums.后台通信类型.超级道具配置:","JsonConvert.DeserializeObject<超级道具配置类>","admin-source/current/NetClientFrom/后台主页界面.cs","6802"
"admin","NetClientFrom.后台主页界面","返回获取配置","case AllEnums.后台通信类型.燃眉之急配置:","JsonConvert.DeserializeObject<燃眉配置类>","admin-source/current/NetClientFrom/后台主页界面.cs","6805"
"admin","NetClientFrom.后台主页界面","返回获取配置","case AllEnums.后台通信类型.宠物同源配置:","JsonConvert.DeserializeObject<宠物同源配置类>","admin-source/current/NetClientFrom/后台主页界面.cs","6808"
"admin","NetClientFrom.后台主页界面","返回获取配置","case AllEnums.后台通信类型.门派转换配置:","JsonConvert.DeserializeObject<门派转换配置类>","admin-source/current/NetClientFrom/后台主页界面.cs","6811"
"admin","NetClientFrom.后台主页界面","返回获取配置","case AllEnums.后台通信类型.属性洗炼配置:","JsonConvert.DeserializeObject<属性洗炼配置类>","admin-source/current/NetClientFrom/后台主页界面.cs","6814"
"admin","NetClientFrom.后台主页界面","返回获取配置","case AllEnums.后台通信类型.时装染色配置:","JsonConvert.DeserializeObject<时装坐姿染色配置类>","admin-source/current/NetClientFrom/后台主页界面.cs","6817"
"admin","NetClientFrom.后台主页界面","返回获取配置","case AllEnums.后台通信类型.检测限制配置:","JsonConvert.DeserializeObject<等级道行检测类>","admin-source/current/NetClientFrom/后台主页界面.cs","6820"
"admin","NetClientFrom.后台主页界面","返回获取配置","case AllEnums.后台通信类型.宠物召唤配置:","JsonConvert.DeserializeObject<宠物召唤配置类>","admin-source/current/NetClientFrom/后台主页界面.cs","6823"
"admin","NetClientFrom.后台主页界面","返回获取配置","case AllEnums.后台通信类型.天塔突破配置:","JsonConvert.DeserializeObject<通天塔突破配置类>","admin-source/current/NetClientFrom/后台主页界面.cs","6826"
"admin","NetClientFrom.后台主页界面","返回获取配置","case AllEnums.后台通信类型.自选礼包配置:","JsonConvert.DeserializeObject<自选道具配置类>","admin-source/current/NetClientFrom/后台主页界面.cs","6829"
"admin","NetClientFrom.后台主页界面","返回获取配置","case AllEnums.后台通信类型.宠物绑定配置:","JsonConvert.DeserializeObject<宠物绑定配置类>","admin-source/current/NetClientFrom/后台主页界面.cs","6832"
"admin","NetClientFrom.后台主页界面","返回获取配置","case AllEnums.后台通信类型.超级地图配置:","JsonConvert.DeserializeObject<超级地图配置类>","admin-source/current/NetClientFrom/后台主页界面.cs","6835"
"admin","NetClientFrom.后台主页界面","返回获取配置","case AllEnums.后台通信类型.一键飞升配置:","JsonConvert.DeserializeObject<一键大飞配置类>","admin-source/current/NetClientFrom/后台主页界面.cs","6838"
"admin","NetClientFrom.后台主页界面","返回获取配置","case AllEnums.后台通信类型.法宝共生配置:","JsonConvert.DeserializeObject<法宝共生配置类>","admin-source/current/NetClientFrom/后台主页界面.cs","6841"
"admin","NetClientFrom.后台主页界面","返回获取配置","case AllEnums.后台通信类型.商城限购配置:","JsonConvert.DeserializeObject<商城限购配置类>","admin-source/current/NetClientFrom/后台主页界面.cs","6844"
"admin","NetClientFrom.后台主页界面","返回获取配置","case AllEnums.后台通信类型.元宝礼包配置:","JsonConvert.DeserializeObject<礼包开元宝配置类>","admin-source/current/NetClientFrom/后台主页界面.cs","6847"
"admin","NetClientFrom.后台主页界面","返回获取配置","case AllEnums.后台通信类型.超级BOSS配置:","JsonConvert.DeserializeObject<挑战BOSS配置类>","admin-source/current/NetClientFrom/后台主页界面.cs","6850"
"admin","NetClientFrom.后台主页界面","返回获取配置","case AllEnums.后台通信类型.超级坐骑配置:","JsonConvert.DeserializeObject<超级坐骑配置类>","admin-source/current/NetClientFrom/后台主页界面.cs","6853"
"admin","NetClientFrom.后台主页界面","返回获取配置","case AllEnums.后台通信类型.定义邮箱配置:","JsonConvert.DeserializeObject<邮箱配置类>","admin-source/current/NetClientFrom/后台主页界面.cs","6856"
"admin","NetClientFrom.后台主页界面","返回获取配置","case AllEnums.后台通信类型.百炼合成配置:","JsonConvert.DeserializeObject<百炼功能配置类>","admin-source/current/NetClientFrom/后台主页界面.cs","6859"
"admin","NetClientFrom.后台主页界面","返回获取配置","case AllEnums.后台通信类型.网关配置:","JsonConvert.DeserializeObject<网关配置>","admin-source/current/NetClientFrom/后台主页界面.cs","6862"
"admin","NetClientFrom.后台主页界面","返回获取配置","case AllEnums.后台通信类型.超级NPC配置:","JsonConvert.DeserializeObject<超级NPC配置类>","admin-source/current/NetClientFrom/后台主页界面.cs","6865"
"admin","NetClientFrom.后台主页界面","返回获取配置","case AllEnums.后台通信类型.共享存档配置:","JsonConvert.DeserializeObject<全服共享存档数据类>","admin-source/current/NetClientFrom/后台主页界面.cs","6868"
"admin","NetClientFrom.后台主页界面","返回获取配置","case AllEnums.后台通信类型.道行达标配置:","JsonConvert.DeserializeObject<道行达标配置类>","admin-source/current/NetClientFrom/后台主页界面.cs","6871"
"admin","NetClientFrom.后台主页界面","返回获取配置","case AllEnums.后台通信类型.活跃奖励配置:","JsonConvert.DeserializeObject<活跃度配置类>","admin-source/current/NetClientFrom/后台主页界面.cs","6874"
"admin","NetClientFrom.后台主页界面","返回获取配置","case AllEnums.后台通信类型.黑名单记录:","JsonConvert.DeserializeObject<黑名单记录类>","admin-source/current/NetClientFrom/后台主页界面.cs","6877"
"admin","NetClientFrom.后台主页界面","返回获取配置","case AllEnums.后台通信类型.签到配置:","JsonConvert.DeserializeObject<签到配置类>","admin-source/current/NetClientFrom/后台主页界面.cs","6880"
"admin","NetClientFrom.后台主页界面","返回获取配置","case AllEnums.后台通信类型.盲盒配置:","JsonConvert.DeserializeObject<盲盒配置类>","admin-source/current/NetClientFrom/后台主页界面.cs","6883"
"admin","NetClientFrom.后台主页界面","返回获取配置","case AllEnums.后台通信类型.在线抽奖配置:","JsonConvert.DeserializeObject<在线抽奖配置类>","admin-source/current/NetClientFrom/后台主页界面.cs","6886"
"admin","NetClientFrom.后台主页界面","返回获取配置","case AllEnums.后台通信类型.召唤精怪配置:","JsonConvert.DeserializeObject<召唤精怪配置类>","admin-source/current/NetClientFrom/后台主页界面.cs","6889"
"admin","NetClientFrom.后台主页界面","返回获取配置","case AllEnums.后台通信类型.试道大会配置:","JsonConvert.DeserializeObject<试道大会配置类>","admin-source/current/NetClientFrom/后台主页界面.cs","6892"
"admin","NetClientFrom.后台主页界面","返回获取配置","case AllEnums.后台通信类型.宠物转生配置:","JsonConvert.DeserializeObject<宠物转生配置类>","admin-source/current/NetClientFrom/后台主页界面.cs","6895"
"admin","NetClientFrom.后台主页界面","返回获取配置","case AllEnums.后台通信类型.奇宝斋配置:","JsonConvert.DeserializeObject<奇宝斋配置类>","admin-source/current/NetClientFrom/后台主页界面.cs","6898"
"admin","NetClientFrom.后台主页界面","返回获取配置","case AllEnums.后台通信类型.妖族化形配置:","JsonConvert.DeserializeObject<妖族化形配置类>","admin-source/current/NetClientFrom/后台主页界面.cs","6901"
"admin","NetClientFrom.后台主页界面","返回获取配置","case AllEnums.后台通信类型.怀旧专区配置:","JsonConvert.DeserializeObject<怀旧专区配置类>","admin-source/current/NetClientFrom/后台主页界面.cs","6904"
"admin","NetClientFrom.后台主页界面","返回获取配置","case AllEnums.后台通信类型.首饰系统配置:","JsonConvert.DeserializeObject<首饰系统配置类>","admin-source/current/NetClientFrom/后台主页界面.cs","6907"
"admin","NetClientFrom.后台主页界面","返回获取配置","case AllEnums.后台通信类型.融丹配置:","JsonConvert.DeserializeObject<融丹配置类>","admin-source/current/NetClientFrom/后台主页界面.cs","6910"
"admin","NetClientFrom.后台主页界面","返回获取配置","case AllEnums.后台通信类型.守护配置:","JsonConvert.DeserializeObject<守护配置类>","admin-source/current/NetClientFrom/后台主页界面.cs","6913"
"admin","NetClientFrom.后台主页界面","返回获取配置","case AllEnums.后台通信类型.宠物突破配置:","JsonConvert.DeserializeObject<宠物突破配置类>","admin-source/current/NetClientFrom/后台主页界面.cs","6916"
"admin","NetClientFrom.后台主页界面","返回获取配置","case AllEnums.后台通信类型.自定义宠物:","JsonConvert.DeserializeObject<自定义宠物类>","admin-source/current/NetClientFrom/后台主页界面.cs","6919"
"admin","NetClientFrom.后台主页界面","返回获取配置","case AllEnums.后台通信类型.装备系统配置:","JsonConvert.DeserializeObject<装备系统配置类>","admin-source/current/NetClientFrom/后台主页界面.cs","6922"
"admin","NetClientFrom.后台主页界面","返回获取配置","case AllEnums.后台通信类型.地府商城配置:","JsonConvert.DeserializeObject<地府商城配置类>","admin-source/current/NetClientFrom/后台主页界面.cs","6925"
"admin","NetClientFrom.后台主页界面","返回获取配置","case AllEnums.后台通信类型.装备分解配置:","JsonConvert.DeserializeObject<装备分解配置类>","admin-source/current/NetClientFrom/后台主页界面.cs","6928"
"admin","NetClientFrom.后台主页界面","返回获取配置","case AllEnums.后台通信类型.龙血BOSS配置:","JsonConvert.DeserializeObject<龙血BOSS配置类>","admin-source/current/NetClientFrom/后台主页界面.cs","6931"
"admin","NetClientFrom.后台主页界面","返回获取配置","case AllEnums.后台通信类型.装备强化配置:","JsonConvert.DeserializeObject<装备强化配置类>","admin-source/current/NetClientFrom/后台主页界面.cs","6934"
"admin","NetClientFrom.后台主页界面","返回获取配置","case AllEnums.后台通信类型.礼包飘屏配置:","JsonConvert.DeserializeObject<礼包飘屏配置类>","admin-source/current/NetClientFrom/后台主页界面.cs","6937"
"admin","NetClientFrom.后台主页界面","返回获取配置","case AllEnums.后台通信类型.超级进化配置:","JsonConvert.DeserializeObject<超级进化配置类>","admin-source/current/NetClientFrom/后台主页界面.cs","6940"
"admin","NetClientFrom.后台主页界面","返回获取配置","case AllEnums.后台通信类型.鸿运当头配置:","JsonConvert.DeserializeObject<鸿运当头配置类>","admin-source/current/NetClientFrom/后台主页界面.cs","6943"
"admin","NetClientFrom.后台主页界面","返回获取配置","case AllEnums.后台通信类型.特效配置:","JsonConvert.DeserializeObject<特效配置类>","admin-source/current/NetClientFrom/后台主页界面.cs","6946"
"admin","NetClientFrom.后台主页界面","返回获取配置","case AllEnums.后台通信类型.摆摊配置:","JsonConvert.DeserializeObject<摆摊配置类>","admin-source/current/NetClientFrom/后台主页界面.cs","6949"
"admin","NetClientFrom.后台主页界面","返回获取配置","case AllEnums.后台通信类型.智能怪物配置:","JsonConvert.DeserializeObject<智能怪物配置类>","admin-source/current/NetClientFrom/后台主页界面.cs","6952"
"admin","NetClientFrom.后台主页界面","返回获取配置","case AllEnums.后台通信类型.天机神算配置:","JsonConvert.DeserializeObject<天机神算配置类>","admin-source/current/NetClientFrom/后台主页界面.cs","6955"
"admin","NetClientFrom.后台主页界面","返回获取配置","case AllEnums.后台通信类型.娃娃配置:","JsonConvert.DeserializeObject<娃娃配置类>","admin-source/current/NetClientFrom/后台主页界面.cs","6958"
"admin","NetClientFrom.后台主页界面","返回获取配置","case AllEnums.后台通信类型.日常配置:","JsonConvert.DeserializeObject<日常配置类>","admin-source/current/NetClientFrom/后台主页界面.cs","6961"
"admin","NetClientFrom.后台主页界面","返回获取配置","case AllEnums.后台通信类型.元神系统配置:","JsonConvert.DeserializeObject<元神系统配置类>","admin-source/current/NetClientFrom/后台主页界面.cs","6964"
"admin","NetClientFrom.后台主页界面","返回获取配置","case AllEnums.后台通信类型.狐狸和狗配置:","JsonConvert.DeserializeObject<狐狸和狗配置类>","admin-source/current/NetClientFrom/后台主页界面.cs","6967"
"admin","NetClientFrom.后台主页界面","返回获取配置","case AllEnums.后台通信类型.内充支付配置:","JsonConvert.DeserializeObject<内充支付配置类>","admin-source/current/NetClientFrom/后台主页界面.cs","6970"
"admin","NetClientFrom.后台主页界面","返回获取配置","case AllEnums.后台通信类型.道具数据配置:","JsonConvert.DeserializeObject<道具数据配置类>","admin-source/current/NetClientFrom/后台主页界面.cs","6973"
"admin","NetClientFrom.后台主页界面","返回获取配置","case AllEnums.后台通信类型.自助商店配置:","JsonConvert.DeserializeObject<自助商店配置类>","admin-source/current/NetClientFrom/后台主页界面.cs","6976"
"admin","NetClientFrom.后台主页界面","合区返回数据","case 1:","MessageBox.Show","admin-source/current/NetClientFrom/后台主页界面.cs","8774"
"admin","NetClientFrom.后台主页界面","合区返回数据","case 2:","MessageBox.Show","admin-source/current/NetClientFrom/后台主页界面.cs","8778"
"admin","NetClientFrom.后台主页界面","合区返回数据","case 3:","","admin-source/current/NetClientFrom/后台主页界面.cs","8781"
"admin","NetClientFrom.后台主页界面","请求适配操作","case ""lib_gs32.pak\\gs\\daemons\\actions\\double_magic_hit.o"":; case ""lib_gs32.pak\\gs\\daemons\\actions\\magic_double_hit.o"":; case ""lib_gs32.pak\\gs\\daemons\\actions\\multi_physical_attack.o"":","","admin-source/current/NetClientFrom/后台主页界面.cs","9556"
"admin","NetClientFrom.后台主页界面","请求适配操作","default:","","admin-source/current/NetClientFrom/后台主页界面.cs","9561"
"admin","NetClientFrom.后台主页界面","日常配置组件赋值","case AllEnums.日常类型Type.助人为乐:","助人为乐_奖励列表.Rows.Clear; 助人为乐_奖励列表.Rows.Add; 日常奖励类11.任务星级.ToString; 日常奖励类11.奖励类型.ToString","admin-source/current/NetClientFrom/后台主页界面.cs","10057"
"admin","NetClientFrom.后台主页界面","日常配置组件赋值","case AllEnums.日常类型Type.师门任务:","师门_奖励列表.Rows.Clear; 师门_奖励列表.Rows.Add; 日常奖励类3.任务星级.ToString; 日常奖励类3.奖励类型.ToString","admin-source/current/NetClientFrom/后台主页界面.cs","10072"
"admin","NetClientFrom.后台主页界面","日常配置组件赋值","case AllEnums.日常类型Type.刷道任务:","刷道_奖励列表.Rows.Clear; 刷道_奖励列表.Rows.Add; 日常奖励类7.任务星级.ToString; 日常奖励类7.奖励类型.ToString","admin-source/current/NetClientFrom/后台主页界面.cs","10087"
"admin","NetClientFrom.后台主页界面","日常配置组件赋值","case AllEnums.日常类型Type.八仙梦境:","八仙_奖励列表.Rows.Clear; 八仙_奖励列表.Rows.Add; 日常奖励类13.任务星级.ToString; 日常奖励类13.奖励类型.ToString","admin-source/current/NetClientFrom/后台主页界面.cs","10102"
"admin","NetClientFrom.后台主页界面","日常配置组件赋值","case AllEnums.日常类型Type.悬赏令:","仙界_奖励列表.Rows.Clear; 仙界_奖励列表.Rows.Add; 日常奖励类9.任务星级.ToString; 日常奖励类9.奖励类型.ToString","admin-source/current/NetClientFrom/后台主页界面.cs","10117"
"admin","NetClientFrom.后台主页界面","日常配置组件赋值","case AllEnums.日常类型Type.十绝阵:","十绝_奖励列表.Rows.Clear; 十绝_奖励列表.Rows.Add; 日常奖励类5.任务星级.ToString; 日常奖励类5.奖励类型.ToString","admin-source/current/NetClientFrom/后台主页界面.cs","10132"
"admin","NetClientFrom.后台主页界面","日常配置组件赋值","case AllEnums.日常类型Type.修行任务:","修行_奖励列表.Rows.Clear; 修行_奖励列表.Rows.Add; 日常奖励类14.任务星级.ToString; 日常奖励类14.奖励类型.ToString","admin-source/current/NetClientFrom/后台主页界面.cs","10147"
"admin","NetClientFrom.后台主页界面","日常配置组件赋值","case AllEnums.日常类型Type.仙人指路:","仙人_奖励列表.Rows.Clear; 仙人_奖励列表.Rows.Add; 日常奖励类12.任务星级.ToString; 日常奖励类12.奖励类型.ToString","admin-source/current/NetClientFrom/后台主页界面.cs","10162"
"admin","NetClientFrom.后台主页界面","日常配置组件赋值","case AllEnums.日常类型Type.寻仙任务:","寻仙_奖励列表.Rows.Clear; 寻仙_奖励列表.Rows.Add; 日常奖励类10.任务星级.ToString; 日常奖励类10.奖励类型.ToString","admin-source/current/NetClientFrom/后台主页界面.cs","10177"
"admin","NetClientFrom.后台主页界面","日常配置组件赋值","case AllEnums.日常类型Type.八阵图:","八阵_奖励列表.Rows.Clear; 八阵_奖励列表.Rows.Add; 日常奖励类8.任务星级.ToString; 日常奖励类8.奖励类型.ToString","admin-source/current/NetClientFrom/后台主页界面.cs","10192"
"admin","NetClientFrom.后台主页界面","日常配置组件赋值","case AllEnums.日常类型Type.跑环任务:","跑环_奖励列表.Rows.Clear; 跑环_奖励列表.Rows.Add; 日常奖励类6.任务星级.ToString; 日常奖励类6.奖励类型.ToString","admin-source/current/NetClientFrom/后台主页界面.cs","10207"
"admin","NetClientFrom.后台主页界面","日常配置组件赋值","case AllEnums.日常类型Type.副本挑战:","副本_奖励列表.Rows.Clear; 副本_奖励列表.Rows.Add; 日常奖励类4.任务星级.ToString; 日常奖励类4.奖励类型.ToString","admin-source/current/NetClientFrom/后台主页界面.cs","10222"
"admin","NetClientFrom.后台主页界面","日常配置组件赋值","case AllEnums.日常类型Type.昆仑神镜:","昆仑_奖励列表.Rows.Clear; 昆仑_奖励列表.Rows.Add; 日常奖励类2.任务星级.ToString; 日常奖励类2.奖励类型.ToString","admin-source/current/NetClientFrom/后台主页界面.cs","10237"
"admin","NetClientFrom.无双争夺战配置窗口","界面组件赋值","case 37:","朝向.ToString","admin-source/current/NetClientFrom/无双争夺战配置窗口.cs","315"
"admin","NetClientFrom.无双争夺战配置窗口","界面组件赋值","case 10:","Invoke; Singleton<全局变量类>.I.圣无双配置.参拜消耗类型.ToString; Singleton<全局变量类>.I.圣无双配置.门票类型.ToString; Singleton<全局变量类>.I.圣无双配置.兑换类型.ToString; Singleton<全局变量类>.I.圣无双配置.累胜奖励列表.ContainsKey; Singleton<全局变量类>.I.圣无双配置.连胜奖励列表.ContainsKey","admin-source/current/NetClientFrom/无双争夺战配置窗口.cs","327"
"admin","NetClientFrom.燃煤同源转门派窗口","界面组件赋值","case 16:","燃眉_界面组件赋值","admin-source/current/NetClientFrom/燃煤同源转门派窗口.cs","339"
"admin","NetClientFrom.燃煤同源转门派窗口","界面组件赋值","case 18:","转门派_界面组件赋值","admin-source/current/NetClientFrom/燃煤同源转门派窗口.cs","342"
"admin","NetClientFrom.燃煤同源转门派窗口","界面组件赋值","case 17:","同源_界面组件赋值","admin-source/current/NetClientFrom/燃煤同源转门派窗口.cs","345"
"admin","NetClientFrom.调试数据窗口","数据调试_类型_SelectedIndexChanged","case '基':","JsonConvert.DeserializeObject<角色数据类>; JsonConvert.SerializeObject","admin-source/current/NetClientFrom/调试数据窗口.cs","93"
"admin","NetClientFrom.调试数据窗口","数据调试_类型_SelectedIndexChanged","case '属':","JsonConvert.DeserializeObject<角色数据类>; JsonConvert.SerializeObject","admin-source/current/NetClientFrom/调试数据窗口.cs","105"
"admin","NetClientFrom.调试数据窗口","数据调试_类型_SelectedIndexChanged","case '背':","JsonConvert.DeserializeObject<角色数据类>; JsonConvert.SerializeObject","admin-source/current/NetClientFrom/调试数据窗口.cs","117"
"admin","NetClientFrom.调试数据窗口","数据调试_类型_SelectedIndexChanged","case '缓':","JsonConvert.DeserializeObject<角色数据类>; JsonConvert.SerializeObject","admin-source/current/NetClientFrom/调试数据窗口.cs","129"
"admin","NetClientFrom.调试数据窗口","数据调试_类型_SelectedIndexChanged","case '队':","JsonConvert.DeserializeObject<角色数据类>; JsonConvert.SerializeObject","admin-source/current/NetClientFrom/调试数据窗口.cs","153"
"admin","NetClientFrom.调试数据窗口","数据调试_类型_SelectedIndexChanged","case '存':","JsonConvert.DeserializeObject<角色数据类>; JsonConvert.SerializeObject","admin-source/current/NetClientFrom/调试数据窗口.cs","165"
"admin","NetClientFrom.超级地图配置窗口","超级地图_消耗类型_SelectedIndexChanged","case AllEnums.数值Type.无:","","admin-source/current/NetClientFrom/超级地图配置窗口.cs","409"
"admin","NetClientFrom.超级地图配置窗口","超级地图_消耗类型_SelectedIndexChanged","case AllEnums.数值Type.道具:","","admin-source/current/NetClientFrom/超级地图配置窗口.cs","412"
"admin","NetClientFrom.超级地图配置窗口","超级地图_消耗类型_SelectedIndexChanged","default:","","admin-source/current/NetClientFrom/超级地图配置窗口.cs","415"
"admin","NetClientFrom.超级地图配置窗口","修改_消耗类型_SelectedIndexChanged","case AllEnums.数值Type.无:","","admin-source/current/NetClientFrom/超级地图配置窗口.cs","428"
"admin","NetClientFrom.超级地图配置窗口","修改_消耗类型_SelectedIndexChanged","case AllEnums.数值Type.道具:","","admin-source/current/NetClientFrom/超级地图配置窗口.cs","431"
"admin","NetClientFrom.超级地图配置窗口","修改_消耗类型_SelectedIndexChanged","default:","","admin-source/current/NetClientFrom/超级地图配置窗口.cs","434"
