"Project","Kind","Type","Namespace","Modifiers","BaseTypes","File","Line"
"plugin-core","ClassDeclaration","AjM3S5iHgLtKng5UpEe.sGGAjyixPch0Uk158L6","AjM3S5iHgLtKng5UpEe","internal","Singleton<sGGAjyixPch0Uk158L6>","plugin-source/v10-source-restoration/AjM3S5iHgLtKng5UpEe/sGGAjyixPch0Uk158L6.cs","11"
"plugin-core","ClassDeclaration","AM5rMIgHdrOR1f8tXCQ.rZ9xAdgxKYQQZPeE8Rm","AM5rMIgHdrOR1f8tXCQ","internal","Singleton<rZ9xAdgxKYQQZPeE8Rm>","plugin-source/v10-source-restoration/AM5rMIgHdrOR1f8tXCQ/rZ9xAdgxKYQQZPeE8Rm.cs","14"
"plugin-core","ClassDeclaration","AM5rMIgHdrOR1f8tXCQ.rZ9xAdgxKYQQZPeE8Rm._003C_003Ec__DisplayClass11_0","AM5rMIgHdrOR1f8tXCQ","private sealed","","plugin-source/v10-source-restoration/AM5rMIgHdrOR1f8tXCQ/rZ9xAdgxKYQQZPeE8Rm.cs","16"
"plugin-core","ClassDeclaration","AM5rMIgHdrOR1f8tXCQ.rZ9xAdgxKYQQZPeE8Rm._003C_003Ec__DisplayClass11_1","AM5rMIgHdrOR1f8tXCQ","private sealed","","plugin-source/v10-source-restoration/AM5rMIgHdrOR1f8tXCQ/rZ9xAdgxKYQQZPeE8Rm.cs","215"
"plugin-core","ClassDeclaration","AM5rMIgHdrOR1f8tXCQ.rZ9xAdgxKYQQZPeE8Rm._003C_003Ec__DisplayClass9_0","AM5rMIgHdrOR1f8tXCQ","private sealed","","plugin-source/v10-source-restoration/AM5rMIgHdrOR1f8tXCQ/rZ9xAdgxKYQQZPeE8Rm.cs","242"
"plugin-core","ClassDeclaration","aqNktcWvi5bXttp7syQ.FoINHjWh9BHxZ3BiiA5","aqNktcWvi5bXttp7syQ","internal","Singleton<FoINHjWh9BHxZ3BiiA5>","plugin-source/v10-source-restoration/aqNktcWvi5bXttp7syQ/FoINHjWh9BHxZ3BiiA5.cs","14"
"plugin-core","ClassDeclaration","aqNktcWvi5bXttp7syQ.FoINHjWh9BHxZ3BiiA5._003C_003Ec__DisplayClass11_0","aqNktcWvi5bXttp7syQ","private sealed","","plugin-source/v10-source-restoration/aqNktcWvi5bXttp7syQ/FoINHjWh9BHxZ3BiiA5.cs","16"
"plugin-core","ClassDeclaration","aqNktcWvi5bXttp7syQ.FoINHjWh9BHxZ3BiiA5._003C_003Ec__DisplayClass11_1","aqNktcWvi5bXttp7syQ","private sealed","","plugin-source/v10-source-restoration/aqNktcWvi5bXttp7syQ/FoINHjWh9BHxZ3BiiA5.cs","92"
"plugin-core","ClassDeclaration","aqNktcWvi5bXttp7syQ.FoINHjWh9BHxZ3BiiA5._003C_003Ec__DisplayClass11_2","aqNktcWvi5bXttp7syQ","private sealed","","plugin-source/v10-source-restoration/aqNktcWvi5bXttp7syQ/FoINHjWh9BHxZ3BiiA5.cs","119"
"plugin-core","EnumDeclaration","ArchiveSaveResult","","internal","","plugin-source/v10-source-restoration/ArchiveSaveGate.cs","3"
"plugin-core","ClassDeclaration","ArchiveSaveGate","","internal sealed","","plugin-source/v10-source-restoration/ArchiveSaveGate.cs","10"
"plugin-core","ClassDeclaration","ArchiveSaveSchedulingSelfTest","","internal static","","plugin-source/v10-source-restoration/ArchiveSaveSchedulingSelfTest.cs","3"
"plugin-core","ClassDeclaration","aSItGBlifY3VT2BvkBH.cCs7kYlNIp7pmjCmEml","aSItGBlifY3VT2BvkBH","internal","Singleton<cCs7kYlNIp7pmjCmEml>","plugin-source/v10-source-restoration/aSItGBlifY3VT2BvkBH/cCs7kYlNIp7pmjCmEml.cs","14"
"plugin-core","ClassDeclaration","aSItGBlifY3VT2BvkBH.cCs7kYlNIp7pmjCmEml._003C_003Ec__DisplayClass10_0","aSItGBlifY3VT2BvkBH","private sealed","","plugin-source/v10-source-restoration/aSItGBlifY3VT2BvkBH/cCs7kYlNIp7pmjCmEml.cs","16"
"plugin-core","ClassDeclaration","aSItGBlifY3VT2BvkBH.cCs7kYlNIp7pmjCmEml._003C_003Ec__DisplayClass10_1","aSItGBlifY3VT2BvkBH","private sealed","","plugin-source/v10-source-restoration/aSItGBlifY3VT2BvkBH/cCs7kYlNIp7pmjCmEml.cs","105"
"plugin-core","ClassDeclaration","aSItGBlifY3VT2BvkBH.cCs7kYlNIp7pmjCmEml._003C_003Ec__DisplayClass11_0","aSItGBlifY3VT2BvkBH","private sealed","","plugin-source/v10-source-restoration/aSItGBlifY3VT2BvkBH/cCs7kYlNIp7pmjCmEml.cs","131"
"plugin-core","ClassDeclaration","aSItGBlifY3VT2BvkBH.cCs7kYlNIp7pmjCmEml._003C_003Ec__DisplayClass9_0","aSItGBlifY3VT2BvkBH","private sealed","","plugin-source/v10-source-restoration/aSItGBlifY3VT2BvkBH/cCs7kYlNIp7pmjCmEml.cs","175"
"plugin-core","ClassDeclaration","AsyncFileWriter","","public","IDisposable","plugin-source/v10-source-restoration/AsyncFileWriter.cs","8"
"plugin-core","ClassDeclaration","B2uVXfUco7vjsxVN2Bc.yuKf6DUSQGygKeLSQdj","B2uVXfUco7vjsxVN2Bc","internal","Singleton<yuKf6DUSQGygKeLSQdj>","plugin-source/v10-source-restoration/B2uVXfUco7vjsxVN2Bc/yuKf6DUSQGygKeLSQdj.cs","11"
"plugin-core","ClassDeclaration","B6XRmUwQK7iatdTWLwc.FcVoHRwOVsflDmDUQOP","B6XRmUwQK7iatdTWLwc","internal","Singleton<FcVoHRwOVsflDmDUQOP>","plugin-source/v10-source-restoration/B6XRmUwQK7iatdTWLwc/FcVoHRwOVsflDmDUQOP.cs","14"
"plugin-core","ClassDeclaration","B6XRmUwQK7iatdTWLwc.FcVoHRwOVsflDmDUQOP._003C_003Ec__DisplayClass12_0","B6XRmUwQK7iatdTWLwc","private sealed","","plugin-source/v10-source-restoration/B6XRmUwQK7iatdTWLwc/FcVoHRwOVsflDmDUQOP.cs","16"
"plugin-core","ClassDeclaration","B6XRmUwQK7iatdTWLwc.FcVoHRwOVsflDmDUQOP._003C_003Ec__DisplayClass7_0","B6XRmUwQK7iatdTWLwc","private sealed","","plugin-source/v10-source-restoration/B6XRmUwQK7iatdTWLwc/FcVoHRwOVsflDmDUQOP.cs","55"
"plugin-core","ClassDeclaration","B6XRmUwQK7iatdTWLwc.FcVoHRwOVsflDmDUQOP._003C_003Ec__DisplayClass8_0","B6XRmUwQK7iatdTWLwc","private sealed","","plugin-source/v10-source-restoration/B6XRmUwQK7iatdTWLwc/FcVoHRwOVsflDmDUQOP.cs","78"
"plugin-core","ClassDeclaration","bDlweAW3n8LaSgX06LQ.xKp3aGWENEfI6KIHVKi","bDlweAW3n8LaSgX06LQ","internal","Singleton<xKp3aGWENEfI6KIHVKi>","plugin-source/v10-source-restoration/bDlweAW3n8LaSgX06LQ/xKp3aGWENEfI6KIHVKi.cs","13"
"plugin-core","ClassDeclaration","BGhBD0gD74LP7ipJlHq.fVqwXQggUYVTT0a25N9","BGhBD0gD74LP7ipJlHq","internal","Singleton<fVqwXQggUYVTT0a25N9>","plugin-source/v10-source-restoration/BGhBD0gD74LP7ipJlHq/fVqwXQggUYVTT0a25N9.cs","5"
"plugin-core","ClassDeclaration","BuildIdentity","","internal static","","plugin-source/v10-source-restoration/BuildIdentity.cs","9"
"plugin-core","ClassDeclaration","CKS3DKsTBrUPphoeWmS.L4IbybsayJA7RG5d8t7","CKS3DKsTBrUPphoeWmS","internal","Singleton<L4IbybsayJA7RG5d8t7>","plugin-source/v10-source-restoration/CKS3DKsTBrUPphoeWmS/L4IbybsayJA7RG5d8t7.cs","13"
"plugin-core","ClassDeclaration","CKS3DKsTBrUPphoeWmS.L4IbybsayJA7RG5d8t7._003C_003Ec__DisplayClass17_0","CKS3DKsTBrUPphoeWmS","private sealed","","plugin-source/v10-source-restoration/CKS3DKsTBrUPphoeWmS/L4IbybsayJA7RG5d8t7.cs","15"
"plugin-core","ClassDeclaration","CKS3DKsTBrUPphoeWmS.L4IbybsayJA7RG5d8t7._003C_003Ec__DisplayClass18_0","CKS3DKsTBrUPphoeWmS","private sealed","","plugin-source/v10-source-restoration/CKS3DKsTBrUPphoeWmS/L4IbybsayJA7RG5d8t7.cs","36"
"plugin-core","ClassDeclaration","CrwA1FwcYB2ZUOWYe7I.VYkVdJwSrcOTHUW8BPK","CrwA1FwcYB2ZUOWYe7I","internal","Singleton<VYkVdJwSrcOTHUW8BPK>","plugin-source/v10-source-restoration/CrwA1FwcYB2ZUOWYe7I/VYkVdJwSrcOTHUW8BPK.cs","10"
"plugin-core","ClassDeclaration","cVS5v9gmXX8TceaB2WW.GyJyg8g24jqCD31mjD6","cVS5v9gmXX8TceaB2WW","internal","Singleton<GyJyg8g24jqCD31mjD6>","plugin-source/v10-source-restoration/cVS5v9gmXX8TceaB2WW/GyJyg8g24jqCD31mjD6.cs","10"
"plugin-core","ClassDeclaration","cwZ0hNl9X9ytQCThyJG.xloVkMlT29HN5P5svHC","cwZ0hNl9X9ytQCThyJG","internal","Singleton<xloVkMlT29HN5P5svHC>","plugin-source/v10-source-restoration/cwZ0hNl9X9ytQCThyJG/xloVkMlT29HN5P5svHC.cs","13"
"plugin-core","ClassDeclaration","cwZ0hNl9X9ytQCThyJG.xloVkMlT29HN5P5svHC._003C_003Ec__DisplayClass4_0","cwZ0hNl9X9ytQCThyJG","private sealed","","plugin-source/v10-source-restoration/cwZ0hNl9X9ytQCThyJG/xloVkMlT29HN5P5svHC.cs","15"
"plugin-core","ClassDeclaration","DB","","public","","plugin-source/v10-source-restoration/DB.cs","20"
"plugin-core","ClassDeclaration","DB._003C_003Ec__DisplayClass67_0","","private sealed","","plugin-source/v10-source-restoration/DB.cs","22"
"plugin-core","ClassDeclaration","DB._003C_003Ec__DisplayClass91_0","","private sealed","","plugin-source/v10-source-restoration/DB.cs","43"
"plugin-core","ClassDeclaration","dgvsPcDEiqYFlrnMMor.VuI4pmDQ6nQtpDAauah","dgvsPcDEiqYFlrnMMor","internal","Singleton<VuI4pmDQ6nQtpDAauah>","plugin-source/v10-source-restoration/dgvsPcDEiqYFlrnMMor/VuI4pmDQ6nQtpDAauah.cs","11"
"plugin-core","ClassDeclaration","dgvsPcDEiqYFlrnMMor.VuI4pmDQ6nQtpDAauah._003C_003Ec__DisplayClass7_0","dgvsPcDEiqYFlrnMMor","private sealed","","plugin-source/v10-source-restoration/dgvsPcDEiqYFlrnMMor/VuI4pmDQ6nQtpDAauah.cs","13"
"plugin-core","ClassDeclaration","DictionaryExtensions","","public static","","plugin-source/v10-source-restoration/DictionaryExtensions.cs","4"
"plugin-core","ClassDeclaration","DJSDSfPXqEeWUbk7E3C.K4HiDVPP9tJuZMVurTv","DJSDSfPXqEeWUbk7E3C","internal","NBtXhDPs9hjxGFBpBEV","plugin-source/v10-source-restoration/DJSDSfPXqEeWUbk7E3C/K4HiDVPP9tJuZMVurTv.cs","7"
"plugin-core","ClassDeclaration","DRafti6FMxQYhxQAQHW.KmvE5t6XclSPSYZqqE9","DRafti6FMxQYhxQAQHW","internal","Singleton<KmvE5t6XclSPSYZqqE9>","plugin-source/v10-source-restoration/DRafti6FMxQYhxQAQHW/KmvE5t6XclSPSYZqqE9.cs","12"
"plugin-core","ClassDeclaration","e0doDBPcMgtpMeHSpJ9.c7Xa6tPSivhVGSOjZvI","e0doDBPcMgtpMeHSpJ9","internal","Attribute","plugin-source/v10-source-restoration/e0doDBPcMgtpMeHSpJ9/c7Xa6tPSivhVGSOjZvI.cs","6"
"plugin-core","ClassDeclaration","EffectIdentificationProbability","","internal static","","plugin-source/v10-source-restoration/EffectIdentificationProbability.cs","3"
"plugin-core","ClassDeclaration","EKROCVD7DRi8Cx5mpUu.Rfq62uDvr7Ur9Lpyctd","EKROCVD7DRi8Cx5mpUu","internal","Singleton<Rfq62uDvr7Ur9Lpyctd>","plugin-source/v10-source-restoration/EKROCVD7DRi8Cx5mpUu/Rfq62uDvr7Ur9Lpyctd.cs","13"
"plugin-core","ClassDeclaration","EKROCVD7DRi8Cx5mpUu.Rfq62uDvr7Ur9Lpyctd._003C_003Ec__DisplayClass5_0","EKROCVD7DRi8Cx5mpUu","private sealed","","plugin-source/v10-source-restoration/EKROCVD7DRi8Cx5mpUu/Rfq62uDvr7Ur9Lpyctd.cs","15"
"plugin-core","ClassDeclaration","EKROCVD7DRi8Cx5mpUu.Rfq62uDvr7Ur9Lpyctd._003C_003Ec__DisplayClass6_0","EKROCVD7DRi8Cx5mpUu","private sealed","","plugin-source/v10-source-restoration/EKROCVD7DRi8Cx5mpUu/Rfq62uDvr7Ur9Lpyctd.cs","36"
"plugin-core","ClassDeclaration","EoNAUnGWS8H1K1ckt64.i3kWo8GUakCSddRpyDe","EoNAUnGWS8H1K1ckt64","internal","Singleton<i3kWo8GUakCSddRpyDe>","plugin-source/v10-source-restoration/EoNAUnGWS8H1K1ckt64/i3kWo8GUakCSddRpyDe.cs","9"
"plugin-core","ClassDeclaration","EoNAUnGWS8H1K1ckt64.i3kWo8GUakCSddRpyDe._003C_003Ec__DisplayClass0_0","EoNAUnGWS8H1K1ckt64","private sealed","","plugin-source/v10-source-restoration/EoNAUnGWS8H1K1ckt64/i3kWo8GUakCSddRpyDe.cs","11"
"plugin-core","ClassDeclaration","EoNAUnGWS8H1K1ckt64.i3kWo8GUakCSddRpyDe._003C_003Ec__DisplayClass1_0","EoNAUnGWS8H1K1ckt64","private sealed","","plugin-source/v10-source-restoration/EoNAUnGWS8H1K1ckt64/i3kWo8GUakCSddRpyDe.cs","32"
"plugin-core","ClassDeclaration","EoNAUnGWS8H1K1ckt64.i3kWo8GUakCSddRpyDe._003C_003Ec__DisplayClass2_0","EoNAUnGWS8H1K1ckt64","private sealed","","plugin-source/v10-source-restoration/EoNAUnGWS8H1K1ckt64/i3kWo8GUakCSddRpyDe.cs","59"
"plugin-core","ClassDeclaration","EquipmentRealmAndBackgroundSelfTest","","internal static","","plugin-source/v10-source-restoration/EquipmentRealmAndBackgroundSelfTest.cs","5"
"plugin-core","ClassDeclaration","eYLrotRIovAGM9lAtVf.AZI1HsR8MjRfegmETY5","eYLrotRIovAGM9lAtVf","internal","Singleton<AZI1HsR8MjRfegmETY5>","plugin-source/v10-source-restoration/eYLrotRIovAGM9lAtVf/AZI1HsR8MjRfegmETY5.cs","14"
"plugin-core","ClassDeclaration","eYLrotRIovAGM9lAtVf.AZI1HsR8MjRfegmETY5._003C_003Ec__DisplayClass10_0","eYLrotRIovAGM9lAtVf","private sealed","","plugin-source/v10-source-restoration/eYLrotRIovAGM9lAtVf/AZI1HsR8MjRfegmETY5.cs","16"
"plugin-core","ClassDeclaration","eYLrotRIovAGM9lAtVf.AZI1HsR8MjRfegmETY5._003C_003Ec__DisplayClass12_0","eYLrotRIovAGM9lAtVf","private sealed","","plugin-source/v10-source-restoration/eYLrotRIovAGM9lAtVf/AZI1HsR8MjRfegmETY5.cs","37"
"plugin-core","ClassDeclaration","eYLrotRIovAGM9lAtVf.AZI1HsR8MjRfegmETY5._003C_003Ec__DisplayClass13_0","eYLrotRIovAGM9lAtVf","private sealed","","plugin-source/v10-source-restoration/eYLrotRIovAGM9lAtVf/AZI1HsR8MjRfegmETY5.cs","62"
"plugin-core","ClassDeclaration","eYLrotRIovAGM9lAtVf.AZI1HsR8MjRfegmETY5._003C_003Ec__DisplayClass13_1","eYLrotRIovAGM9lAtVf","private sealed","","plugin-source/v10-source-restoration/eYLrotRIovAGM9lAtVf/AZI1HsR8MjRfegmETY5.cs","93"
"plugin-core","ClassDeclaration","eYLrotRIovAGM9lAtVf.AZI1HsR8MjRfegmETY5._003C_003Ec__DisplayClass14_0","eYLrotRIovAGM9lAtVf","private sealed","","plugin-source/v10-source-restoration/eYLrotRIovAGM9lAtVf/AZI1HsR8MjRfegmETY5.cs","160"
"plugin-core","ClassDeclaration","F2RFuVfrhBPBhCG1Yrv.hQdJQufqsH3l9bnUemG","F2RFuVfrhBPBhCG1Yrv","internal","Singleton<hQdJQufqsH3l9bnUemG>","plugin-source/v10-source-restoration/F2RFuVfrhBPBhCG1Yrv/hQdJQufqsH3l9bnUemG.cs","31"
"plugin-core","ClassDeclaration","F2RFuVfrhBPBhCG1Yrv.hQdJQufqsH3l9bnUemG._003C_003Ec__DisplayClass2_0","F2RFuVfrhBPBhCG1Yrv","private sealed","","plugin-source/v10-source-restoration/F2RFuVfrhBPBhCG1Yrv/hQdJQufqsH3l9bnUemG.cs","33"
"plugin-core","ClassDeclaration","F2RFuVfrhBPBhCG1Yrv.hQdJQufqsH3l9bnUemG._003C_003Ec__DisplayClass7_0","F2RFuVfrhBPBhCG1Yrv","private sealed","","plugin-source/v10-source-restoration/F2RFuVfrhBPBhCG1Yrv/hQdJQufqsH3l9bnUemG.cs","54"
"plugin-core","ClassDeclaration","fko2rGl5XRonNTCL8b0.S0U8ESlnAtMSWsCIoNo","fko2rGl5XRonNTCL8b0","internal","Singleton<S0U8ESlnAtMSWsCIoNo>","plugin-source/v10-source-restoration/fko2rGl5XRonNTCL8b0/S0U8ESlnAtMSWsCIoNo.cs","10"
"plugin-core","ClassDeclaration","gEdioZfkTLM2TXU6jgd.uh2edhfVGtogUy49Lpv","gEdioZfkTLM2TXU6jgd","internal","Singleton<uh2edhfVGtogUy49Lpv>","plugin-source/v10-source-restoration/gEdioZfkTLM2TXU6jgd/uh2edhfVGtogUy49Lpv.cs","11"
"plugin-core","ClassDeclaration","GJSyJYUDOfxE331QwT1.EfHAVFUgqrnaj1QwnLW","GJSyJYUDOfxE331QwT1","internal","Singleton<EfHAVFUgqrnaj1QwnLW>","plugin-source/v10-source-restoration/GJSyJYUDOfxE331QwT1/EfHAVFUgqrnaj1QwnLW.cs","12"
"plugin-core","ClassDeclaration","GJSyJYUDOfxE331QwT1.EfHAVFUgqrnaj1QwnLW._003C_003Ec__DisplayClass8_0","GJSyJYUDOfxE331QwT1","private sealed","","plugin-source/v10-source-restoration/GJSyJYUDOfxE331QwT1/EfHAVFUgqrnaj1QwnLW.cs","14"
"plugin-core","ClassDeclaration","H0Y8GEJQx5wfb6t3alR.MtacAPJOeul0knZiQar","H0Y8GEJQx5wfb6t3alR","internal","Singleton<MtacAPJOeul0knZiQar>","plugin-source/v10-source-restoration/H0Y8GEJQx5wfb6t3alR/MtacAPJOeul0knZiQar.cs","14"
"plugin-core","ClassDeclaration","HFspcYP6a7eV02Bqki9.R9JahsPfG8fOpxcFGEq","HFspcYP6a7eV02Bqki9","internal","NBtXhDPs9hjxGFBpBEV","plugin-source/v10-source-restoration/HFspcYP6a7eV02Bqki9/R9JahsPfG8fOpxcFGEq.cs","7"
"plugin-core","ClassDeclaration","HS2GfXB7hJCX6tDXuc0.mDs6hiBvFvG3CRi3MZk","HS2GfXB7hJCX6tDXuc0","internal","Singleton<mDs6hiBvFvG3CRi3MZk>","plugin-source/v10-source-restoration/HS2GfXB7hJCX6tDXuc0/mDs6hiBvFvG3CRi3MZk.cs","13"
"plugin-core","ClassDeclaration","HS2GfXB7hJCX6tDXuc0.mDs6hiBvFvG3CRi3MZk._003C_003Ec__DisplayClass14_0","HS2GfXB7hJCX6tDXuc0","private sealed","","plugin-source/v10-source-restoration/HS2GfXB7hJCX6tDXuc0/mDs6hiBvFvG3CRi3MZk.cs","15"
"plugin-core","ClassDeclaration","HS2GfXB7hJCX6tDXuc0.mDs6hiBvFvG3CRi3MZk._003C_003Ec__DisplayClass14_1","HS2GfXB7hJCX6tDXuc0","private sealed","","plugin-source/v10-source-restoration/HS2GfXB7hJCX6tDXuc0/mDs6hiBvFvG3CRi3MZk.cs","48"
"plugin-core","ClassDeclaration","HS2GfXB7hJCX6tDXuc0.mDs6hiBvFvG3CRi3MZk._003C_003Ec__DisplayClass14_2","HS2GfXB7hJCX6tDXuc0","private sealed","","plugin-source/v10-source-restoration/HS2GfXB7hJCX6tDXuc0/mDs6hiBvFvG3CRi3MZk.cs","141"
"plugin-core","ClassDeclaration","htk7ADBGgMdoyiK2inI.wki1dRBBTGa2CXII175","htk7ADBGgMdoyiK2inI","internal","Singleton<wki1dRBBTGa2CXII175>","plugin-source/v10-source-restoration/htk7ADBGgMdoyiK2inI/wki1dRBBTGa2CXII175.cs","16"
"plugin-core","ClassDeclaration","htk7ADBGgMdoyiK2inI.wki1dRBBTGa2CXII175._003C_003Ec__DisplayClass4_0","htk7ADBGgMdoyiK2inI","private sealed","","plugin-source/v10-source-restoration/htk7ADBGgMdoyiK2inI/wki1dRBBTGa2CXII175.cs","18"
"plugin-core","ClassDeclaration","htk7ADBGgMdoyiK2inI.wki1dRBBTGa2CXII175._003C_003Ec__DisplayClass5_0","htk7ADBGgMdoyiK2inI","private sealed","","plugin-source/v10-source-restoration/htk7ADBGgMdoyiK2inI/wki1dRBBTGa2CXII175.cs","39"
"plugin-core","ClassDeclaration","htk7ADBGgMdoyiK2inI.wki1dRBBTGa2CXII175._003C_003Ec__DisplayClass7_0","htk7ADBGgMdoyiK2inI","private sealed","","plugin-source/v10-source-restoration/htk7ADBGgMdoyiK2inI/wki1dRBBTGa2CXII175.cs","64"
"plugin-core","ClassDeclaration","hUWm54DrC1dskj6PIsS.QxBx5YDqZUOBMg9A6NN","hUWm54DrC1dskj6PIsS","internal","Singleton<QxBx5YDqZUOBMg9A6NN>","plugin-source/v10-source-restoration/hUWm54DrC1dskj6PIsS/QxBx5YDqZUOBMg9A6NN.cs","12"
"plugin-core","ClassDeclaration","hUWm54DrC1dskj6PIsS.QxBx5YDqZUOBMg9A6NN._003C_003Ec__DisplayClass7_0","hUWm54DrC1dskj6PIsS","private sealed","","plugin-source/v10-source-restoration/hUWm54DrC1dskj6PIsS/QxBx5YDqZUOBMg9A6NN.cs","14"
"plugin-core","ClassDeclaration","hUWm54DrC1dskj6PIsS.QxBx5YDqZUOBMg9A6NN._003C_003Ec__DisplayClass8_0","hUWm54DrC1dskj6PIsS","private sealed","","plugin-source/v10-source-restoration/hUWm54DrC1dskj6PIsS/QxBx5YDqZUOBMg9A6NN.cs","35"
"plugin-core","ClassDeclaration","hUWm54DrC1dskj6PIsS.QxBx5YDqZUOBMg9A6NN._003C_003Ec__DisplayClass8_1","hUWm54DrC1dskj6PIsS","private sealed","","plugin-source/v10-source-restoration/hUWm54DrC1dskj6PIsS/QxBx5YDqZUOBMg9A6NN.cs","142"
"plugin-core","ClassDeclaration","IntegrityGuard","","internal static","","plugin-source/v10-source-restoration/IntegrityGuard.cs","11"
"plugin-core","ClassDeclaration","irBd2ubEj0IMVbGRstp.cGiRplbQfaJV9guWDIS","irBd2ubEj0IMVbGRstp","internal","Singleton<cGiRplbQfaJV9guWDIS>","plugin-source/v10-source-restoration/irBd2ubEj0IMVbGRstp/cGiRplbQfaJV9guWDIS.cs","14"
"plugin-core","ClassDeclaration","ixYEhcwWIdwrtDxOO94.MbtVicwUkp5LuxTooFW","ixYEhcwWIdwrtDxOO94","internal","Singleton<MbtVicwUkp5LuxTooFW>","plugin-source/v10-source-restoration/ixYEhcwWIdwrtDxOO94/MbtVicwUkp5LuxTooFW.cs","17"
"plugin-core","ClassDeclaration","ixYEhcwWIdwrtDxOO94.MbtVicwUkp5LuxTooFW._003C_003Ec__DisplayClass12_0","ixYEhcwWIdwrtDxOO94","private sealed","","plugin-source/v10-source-restoration/ixYEhcwWIdwrtDxOO94/MbtVicwUkp5LuxTooFW.cs","19"
"plugin-core","ClassDeclaration","jVVIM9j1PL0VAliGELE.fK6mLrjpv26MU2YIIF9","jVVIM9j1PL0VAliGELE","internal","Singleton<fK6mLrjpv26MU2YIIF9>","plugin-source/v10-source-restoration/jVVIM9j1PL0VAliGELE/fK6mLrjpv26MU2YIIF9.cs","12"
"plugin-core","ClassDeclaration","k5T7tDPmANgP0PhF5lA.ohC2PMP2AMYhRx0nf3H","k5T7tDPmANgP0PhF5lA","internal","NBtXhDPs9hjxGFBpBEV","plugin-source/v10-source-restoration/k5T7tDPmANgP0PhF5lA/ohC2PMP2AMYhRx0nf3H.cs","7"
"plugin-core","ClassDeclaration","KEvDjBdeoLOoBKWXFAH.iRGieud4qtscW6ESmxk","KEvDjBdeoLOoBKWXFAH","internal","Singleton<iRGieud4qtscW6ESmxk>","plugin-source/v10-source-restoration/KEvDjBdeoLOoBKWXFAH/iRGieud4qtscW6ESmxk.cs","15"
"plugin-core","ClassDeclaration","KEvDjBdeoLOoBKWXFAH.iRGieud4qtscW6ESmxk._003C_003Ec__DisplayClass20_0","KEvDjBdeoLOoBKWXFAH","private sealed","","plugin-source/v10-source-restoration/KEvDjBdeoLOoBKWXFAH/iRGieud4qtscW6ESmxk.cs","17"
"plugin-core","ClassDeclaration","KEvDjBdeoLOoBKWXFAH.iRGieud4qtscW6ESmxk._003C_003Ec__DisplayClass21_0","KEvDjBdeoLOoBKWXFAH","private sealed","","plugin-source/v10-source-restoration/KEvDjBdeoLOoBKWXFAH/iRGieud4qtscW6ESmxk.cs","38"
"plugin-core","ClassDeclaration","KEvDjBdeoLOoBKWXFAH.iRGieud4qtscW6ESmxk._003C_003Ec__DisplayClass22_0","KEvDjBdeoLOoBKWXFAH","private sealed","","plugin-source/v10-source-restoration/KEvDjBdeoLOoBKWXFAH/iRGieud4qtscW6ESmxk.cs","67"
"plugin-core","ClassDeclaration","KEvDjBdeoLOoBKWXFAH.iRGieud4qtscW6ESmxk._003C_003Ec__DisplayClass26_0","KEvDjBdeoLOoBKWXFAH","private sealed","","plugin-source/v10-source-restoration/KEvDjBdeoLOoBKWXFAH/iRGieud4qtscW6ESmxk.cs","100"
"plugin-core","ClassDeclaration","KEvDjBdeoLOoBKWXFAH.iRGieud4qtscW6ESmxk._003C_003Ec__DisplayClass26_1","KEvDjBdeoLOoBKWXFAH","private sealed","","plugin-source/v10-source-restoration/KEvDjBdeoLOoBKWXFAH/iRGieud4qtscW6ESmxk.cs","121"
"plugin-core","ClassDeclaration","KEvDjBdeoLOoBKWXFAH.iRGieud4qtscW6ESmxk._003C_003Ec__DisplayClass27_0","KEvDjBdeoLOoBKWXFAH","private sealed","","plugin-source/v10-source-restoration/KEvDjBdeoLOoBKWXFAH/iRGieud4qtscW6ESmxk.cs","142"
"plugin-core","ClassDeclaration","kNOi3Vbgo4LTDja4YFk.KU0aMobWe16QEEmpLCj","kNOi3Vbgo4LTDja4YFk","internal","Singleton<KU0aMobWe16QEEmpLCj>","plugin-source/v10-source-restoration/kNOi3Vbgo4LTDja4YFk/KU0aMobWe16QEEmpLCj.cs","14"
"plugin-core","ClassDeclaration","kNOi3Vbgo4LTDja4YFk.KU0aMobWe16QEEmpLCj._003C_003Ec__DisplayClass4_0","kNOi3Vbgo4LTDja4YFk","private sealed","","plugin-source/v10-source-restoration/kNOi3Vbgo4LTDja4YFk/KU0aMobWe16QEEmpLCj.cs","16"
"plugin-core","ClassDeclaration","Ldau4kRn6nFHhj6A594.S09daDRcFbnf5np5xrV","Ldau4kRn6nFHhj6A594","internal","Singleton<S09daDRcFbnf5np5xrV>","plugin-source/v10-source-restoration/Ldau4kRn6nFHhj6A594/S09daDRcFbnf5np5xrV.cs","9"
"plugin-core","ClassDeclaration","LicenseBypassSelfTest","","internal static","","plugin-source/v10-source-restoration/LicenseBypassSelfTest.cs","3"
"plugin-core","RecordDeclaration","LicenseValidationResult","","public sealed","","plugin-source/v10-source-restoration/LicenseClient.cs","15"
"plugin-core","ClassDeclaration","LicenseClient","","public static","","plugin-source/v10-source-restoration/LicenseClient.cs","34"
"plugin-core","ClassDeclaration","LicenseClient.LicenseCache","","private sealed","","plugin-source/v10-source-restoration/LicenseClient.cs","495"
"plugin-core","ClassDeclaration","LpZ3AarVOTSw8FiAAE.WI2SZ8qRj7MBmbqI09","LpZ3AarVOTSw8FiAAE","internal","Singleton<WI2SZ8qRj7MBmbqI09>","plugin-source/v10-source-restoration/LpZ3AarVOTSw8FiAAE/WI2SZ8qRj7MBmbqI09.cs","10"
"plugin-core","ClassDeclaration","MainService","","public","Singleton<MainService>","plugin-source/v10-source-restoration/MainService.cs","13"
"plugin-core","ClassDeclaration","MAZG7tsAp4qxkk1uF8R.FBGRmlstyRWQdqi0pHa","MAZG7tsAp4qxkk1uF8R","internal","Singleton<FBGRmlstyRWQdqi0pHa>","plugin-source/v10-source-restoration/MAZG7tsAp4qxkk1uF8R/FBGRmlstyRWQdqi0pHa.cs","17"
"plugin-core","ClassDeclaration","MAZG7tsAp4qxkk1uF8R.FBGRmlstyRWQdqi0pHa._003C_003Ec__DisplayClass9_0","MAZG7tsAp4qxkk1uF8R","private sealed","","plugin-source/v10-source-restoration/MAZG7tsAp4qxkk1uF8R/FBGRmlstyRWQdqi0pHa.cs","19"
"plugin-core","ClassDeclaration","MGlqQ3brPEBI9uuUVKc.APqDp4bq1ecVdMifnI1","MGlqQ3brPEBI9uuUVKc","internal","Singleton<APqDp4bq1ecVdMifnI1>","plugin-source/v10-source-restoration/MGlqQ3brPEBI9uuUVKc/APqDp4bq1ecVdMifnI1.cs","15"
"plugin-core","ClassDeclaration","MGlqQ3brPEBI9uuUVKc.APqDp4bq1ecVdMifnI1._003C_003Ec__DisplayClass23_0","MGlqQ3brPEBI9uuUVKc","private sealed","","plugin-source/v10-source-restoration/MGlqQ3brPEBI9uuUVKc/APqDp4bq1ecVdMifnI1.cs","17"
"plugin-core","ClassDeclaration","MOuTmqw7qFKlAkRNasG.OxtnHXwv6N41rhEtfdc","MOuTmqw7qFKlAkRNasG","internal","Singleton<OxtnHXwv6N41rhEtfdc>","plugin-source/v10-source-restoration/MOuTmqw7qFKlAkRNasG/OxtnHXwv6N41rhEtfdc.cs","12"
"plugin-core","ClassDeclaration","MOuTmqw7qFKlAkRNasG.OxtnHXwv6N41rhEtfdc._003C_003Ec__DisplayClass4_0","MOuTmqw7qFKlAkRNasG","private sealed","","plugin-source/v10-source-restoration/MOuTmqw7qFKlAkRNasG/OxtnHXwv6N41rhEtfdc.cs","14"
"plugin-core","ClassDeclaration","MOuTmqw7qFKlAkRNasG.OxtnHXwv6N41rhEtfdc._003C_003Ec__DisplayClass4_1","MOuTmqw7qFKlAkRNasG","private sealed","","plugin-source/v10-source-restoration/MOuTmqw7qFKlAkRNasG/OxtnHXwv6N41rhEtfdc.cs","39"
"plugin-core","ClassDeclaration","MVQJIyPdgrEJCZw0jdL.daXcYXPRNb5pcIIom7Y","MVQJIyPdgrEJCZw0jdL","internal","Attribute","plugin-source/v10-source-restoration/MVQJIyPdgrEJCZw0jdL/daXcYXPRNb5pcIIom7Y.cs","6"
"plugin-core","ClassDeclaration","mxyyZlfUTTOCu8Y4ZsN.XhaJ3cfswGhhnmIequv","mxyyZlfUTTOCu8Y4ZsN","internal","Singleton<XhaJ3cfswGhhnmIequv>","plugin-source/v10-source-restoration/mxyyZlfUTTOCu8Y4ZsN/XhaJ3cfswGhhnmIequv.cs","12"
"plugin-core","ClassDeclaration","mxyyZlfUTTOCu8Y4ZsN.XhaJ3cfswGhhnmIequv._003C_003Ec__DisplayClass7_0","mxyyZlfUTTOCu8Y4ZsN","private sealed","","plugin-source/v10-source-restoration/mxyyZlfUTTOCu8Y4ZsN/XhaJ3cfswGhhnmIequv.cs","14"
"plugin-core","ClassDeclaration","MyFccClient","","public","SocketClient","plugin-source/v10-source-restoration/MyFccClient.cs","6"
"plugin-core","ClassDeclaration","MyFccServer","","public","TcpService<MyFccClient>","plugin-source/v10-source-restoration/MyFccServer.cs","7"
"plugin-core","ClassDeclaration","MyFixedHeaderCustomDataHandlingAdapter","","public","CustomFixedHeaderDataHandlingAdapter<MyFixedHeaderRequestInfo>","plugin-source/v10-source-restoration/MyFixedHeaderCustomDataHandlingAdapter.cs","4"
"plugin-core","ClassDeclaration","MyFixedHeaderRequestInfo","","public","IFixedHeaderRequestInfo; IRequestInfo","plugin-source/v10-source-restoration/MyFixedHeaderRequestInfo.cs","6"
"plugin-core","ClassDeclaration","MyGdTcpClient","","public","TcpClient","plugin-source/v10-source-restoration/MyGdTcpClient.cs","14"
"plugin-core","ClassDeclaration","MyHPServer","","public","","plugin-source/v10-source-restoration/MyHPServer.cs","10"
"plugin-core","ClassDeclaration","MyNATService","","public","NATService","plugin-source/v10-source-restoration/MyNATService.cs","10"
"plugin-core","ClassDeclaration","MyNATService._003C_003Ec__DisplayClass3_0","","private sealed","","plugin-source/v10-source-restoration/MyNATService.cs","12"
"plugin-core","ClassDeclaration","MyNATSocketClient","","public","","plugin-source/v10-source-restoration/MyNATSocketClient.cs","18"
"plugin-core","ClassDeclaration","MyNATSocketClient._003C_003Ec__DisplayClass58_0","","private sealed","","plugin-source/v10-source-restoration/MyNATSocketClient.cs","20"
"plugin-core","ClassDeclaration","MyWdClient","","public","SocketClient","plugin-source/v10-source-restoration/MyWdClient.cs","9"
"plugin-core","ClassDeclaration","MyWdClient._003C_003Ec__DisplayClass6_0","","private sealed","","plugin-source/v10-source-restoration/MyWdClient.cs","11"
"plugin-core","ClassDeclaration","MyWdClient._003C_003Ec__DisplayClass7_0","","private sealed","","plugin-source/v10-source-restoration/MyWdClient.cs","34"
"plugin-core","ClassDeclaration","MyWdClient._003C_003Ec__DisplayClass9_0","","private sealed","","plugin-source/v10-source-restoration/MyWdClient.cs","57"
"plugin-core","ClassDeclaration","MyWdClient._003C_003Ec__DisplayClass9_1","","private sealed","","plugin-source/v10-source-restoration/MyWdClient.cs","88"
"plugin-core","ClassDeclaration","MyWdServer","","public","TcpService<MyWdClient>","plugin-source/v10-source-restoration/MyWdServer.cs","5"
"plugin-core","ClassDeclaration","na6bKIshZPRKsEOcVLd.pHYsMfsMDubZLMGsWi3","na6bKIshZPRKsEOcVLd","internal","Singleton<pHYsMfsMDubZLMGsWi3>","plugin-source/v10-source-restoration/na6bKIshZPRKsEOcVLd/pHYsMfsMDubZLMGsWi3.cs","10"
"plugin-core","ClassDeclaration","Ncq4nMwbH5sPfLR2xwf.BsbfIlwwf1YnPvbq8GT","Ncq4nMwbH5sPfLR2xwf","internal","Singleton<BsbfIlwwf1YnPvbq8GT>","plugin-source/v10-source-restoration/Ncq4nMwbH5sPfLR2xwf/BsbfIlwwf1YnPvbq8GT.cs","11"
"plugin-core","ClassDeclaration","o6qwVWbu5whwUP31LfM.FusVSwwzpuFHNrjHS7T","o6qwVWbu5whwUP31LfM","internal","Singleton<FusVSwwzpuFHNrjHS7T>","plugin-source/v10-source-restoration/o6qwVWbu5whwUP31LfM/FusVSwwzpuFHNrjHS7T.cs","12"
"plugin-core","ClassDeclaration","o6qwVWbu5whwUP31LfM.FusVSwwzpuFHNrjHS7T._003C_003Ec__DisplayClass5_0","o6qwVWbu5whwUP31LfM","private sealed","","plugin-source/v10-source-restoration/o6qwVWbu5whwUP31LfM/FusVSwwzpuFHNrjHS7T.cs","14"
"plugin-core","ClassDeclaration","o6qwVWbu5whwUP31LfM.FusVSwwzpuFHNrjHS7T._003C_003Ec__DisplayClass6_0","o6qwVWbu5whwUP31LfM","private sealed","","plugin-source/v10-source-restoration/o6qwVWbu5whwUP31LfM/FusVSwwzpuFHNrjHS7T.cs","39"
"plugin-core","ClassDeclaration","o6qwVWbu5whwUP31LfM.FusVSwwzpuFHNrjHS7T._003C_003Ec__DisplayClass7_0","o6qwVWbu5whwUP31LfM","private sealed","","plugin-source/v10-source-restoration/o6qwVWbu5whwUP31LfM/FusVSwwzpuFHNrjHS7T.cs","64"
"plugin-core","ClassDeclaration","oD4clDRTQefJRr5ZWcn.kiRLsVRav2fdZtuUaY9","oD4clDRTQefJRr5ZWcn","internal","Singleton<kiRLsVRav2fdZtuUaY9>","plugin-source/v10-source-restoration/oD4clDRTQefJRr5ZWcn/kiRLsVRav2fdZtuUaY9.cs","6"
"plugin-core","ClassDeclaration","OnlyTotenData","","public","","plugin-source/v10-source-restoration/OnlyTotenData.cs","4"
"plugin-core","ClassDeclaration","OwjyAmRhZ9nO8Ec0bP9.Xh4EKmRML8L7x53wDHM","OwjyAmRhZ9nO8Ec0bP9","internal","Singleton<Xh4EKmRML8L7x53wDHM>","plugin-source/v10-source-restoration/OwjyAmRhZ9nO8Ec0bP9/Xh4EKmRML8L7x53wDHM.cs","13"
"plugin-core","ClassDeclaration","P80h4IDRZbpvERvsoap.pN4kvFDKqDQRQBnO8BW","P80h4IDRZbpvERvsoap","internal","Singleton<pN4kvFDKqDQRQBnO8BW>","plugin-source/v10-source-restoration/P80h4IDRZbpvERvsoap/pN4kvFDKqDQRQBnO8BW.cs","12"
"plugin-core","ClassDeclaration","P80h4IDRZbpvERvsoap.pN4kvFDKqDQRQBnO8BW._003C_003Ec__DisplayClass14_0","P80h4IDRZbpvERvsoap","private sealed","","plugin-source/v10-source-restoration/P80h4IDRZbpvERvsoap/pN4kvFDKqDQRQBnO8BW.cs","14"
"plugin-core","ClassDeclaration","P80h4IDRZbpvERvsoap.pN4kvFDKqDQRQBnO8BW._003C_003Ec__DisplayClass15_0","P80h4IDRZbpvERvsoap","private sealed","","plugin-source/v10-source-restoration/P80h4IDRZbpvERvsoap/pN4kvFDKqDQRQBnO8BW.cs","91"
"plugin-core","ClassDeclaration","P80h4IDRZbpvERvsoap.pN4kvFDKqDQRQBnO8BW._003C_003Ec__DisplayClass16_0","P80h4IDRZbpvERvsoap","private sealed","","plugin-source/v10-source-restoration/P80h4IDRZbpvERvsoap/pN4kvFDKqDQRQBnO8BW.cs","116"
"plugin-core","ClassDeclaration","P80h4IDRZbpvERvsoap.pN4kvFDKqDQRQBnO8BW._003C_003Ec__DisplayClass16_1","P80h4IDRZbpvERvsoap","private sealed","","plugin-source/v10-source-restoration/P80h4IDRZbpvERvsoap/pN4kvFDKqDQRQBnO8BW.cs","197"
"plugin-core","ClassDeclaration","PaySDK","","public","","plugin-source/v10-source-restoration/PaySDK.cs","11"
"plugin-core","ClassDeclaration","PB0xx2KvGeQt7ty6y1C.FoohJvKhxbMTfceeiIF","PB0xx2KvGeQt7ty6y1C","internal","Singleton<FoohJvKhxbMTfceeiIF>","plugin-source/v10-source-restoration/PB0xx2KvGeQt7ty6y1C/FoohJvKhxbMTfceeiIF.cs","16"
"plugin-core","ClassDeclaration","PB0xx2KvGeQt7ty6y1C.FoohJvKhxbMTfceeiIF._003C_003Ec__DisplayClass18_0","PB0xx2KvGeQt7ty6y1C","private sealed","","plugin-source/v10-source-restoration/PB0xx2KvGeQt7ty6y1C/FoohJvKhxbMTfceeiIF.cs","18"
"plugin-core","ClassDeclaration","PB0xx2KvGeQt7ty6y1C.FoohJvKhxbMTfceeiIF._003C_003Ec__DisplayClass19_0","PB0xx2KvGeQt7ty6y1C","private sealed","","plugin-source/v10-source-restoration/PB0xx2KvGeQt7ty6y1C/FoohJvKhxbMTfceeiIF.cs","90"
"plugin-core","ClassDeclaration","PB0xx2KvGeQt7ty6y1C.FoohJvKhxbMTfceeiIF._003C_003Ec__DisplayClass20_0","PB0xx2KvGeQt7ty6y1C","private sealed","","plugin-source/v10-source-restoration/PB0xx2KvGeQt7ty6y1C/FoohJvKhxbMTfceeiIF.cs","162"
"plugin-core","ClassDeclaration","PB0xx2KvGeQt7ty6y1C.FoohJvKhxbMTfceeiIF._003C_003Ec__DisplayClass21_0","PB0xx2KvGeQt7ty6y1C","private sealed","","plugin-source/v10-source-restoration/PB0xx2KvGeQt7ty6y1C/FoohJvKhxbMTfceeiIF.cs","234"
"plugin-core","ClassDeclaration","PB0xx2KvGeQt7ty6y1C.FoohJvKhxbMTfceeiIF._003C_003Ec__DisplayClass22_0","PB0xx2KvGeQt7ty6y1C","private sealed","","plugin-source/v10-source-restoration/PB0xx2KvGeQt7ty6y1C/FoohJvKhxbMTfceeiIF.cs","306"
"plugin-core","ClassDeclaration","PB0xx2KvGeQt7ty6y1C.FoohJvKhxbMTfceeiIF._003C_003Ec__DisplayClass23_0","PB0xx2KvGeQt7ty6y1C","private sealed","","plugin-source/v10-source-restoration/PB0xx2KvGeQt7ty6y1C/FoohJvKhxbMTfceeiIF.cs","378"
"plugin-core","ClassDeclaration","PB0xx2KvGeQt7ty6y1C.FoohJvKhxbMTfceeiIF._003C_003Ec__DisplayClass23_1","PB0xx2KvGeQt7ty6y1C","private sealed","","plugin-source/v10-source-restoration/PB0xx2KvGeQt7ty6y1C/FoohJvKhxbMTfceeiIF.cs","403"
"plugin-core","ClassDeclaration","PB0xx2KvGeQt7ty6y1C.FoohJvKhxbMTfceeiIF._003C_003Ec__DisplayClass24_0","PB0xx2KvGeQt7ty6y1C","private sealed","","plugin-source/v10-source-restoration/PB0xx2KvGeQt7ty6y1C/FoohJvKhxbMTfceeiIF.cs","428"
"plugin-core","ClassDeclaration","PB0xx2KvGeQt7ty6y1C.FoohJvKhxbMTfceeiIF._003C_003Ec__DisplayClass25_0","PB0xx2KvGeQt7ty6y1C","private sealed","","plugin-source/v10-source-restoration/PB0xx2KvGeQt7ty6y1C/FoohJvKhxbMTfceeiIF.cs","453"
"plugin-core","ClassDeclaration","PB0xx2KvGeQt7ty6y1C.FoohJvKhxbMTfceeiIF._003C_003Ec__DisplayClass29_0","PB0xx2KvGeQt7ty6y1C","private sealed","","plugin-source/v10-source-restoration/PB0xx2KvGeQt7ty6y1C/FoohJvKhxbMTfceeiIF.cs","478"
"plugin-core","ClassDeclaration","PJ8VymWjWDfaUUlTW62.lrYK0bWD4sTSDkaJic1","PJ8VymWjWDfaUUlTW62","internal","Singleton<lrYK0bWD4sTSDkaJic1>","plugin-source/v10-source-restoration/PJ8VymWjWDfaUUlTW62/lrYK0bWD4sTSDkaJic1.cs","16"
"plugin-core","ClassDeclaration","Player","","public","NetPlayer","plugin-source/v10-source-restoration/Player.cs","5"
"plugin-core","ClassDeclaration","Program","","internal static","","plugin-source/v10-source-restoration/Program.cs","3"
"plugin-core","ClassDeclaration","q52xqsRVVwmOLlpWkb3.t3Hr1lRCL4Z1QF9uWXP","q52xqsRVVwmOLlpWkb3","internal","Singleton<t3Hr1lRCL4Z1QF9uWXP>","plugin-source/v10-source-restoration/q52xqsRVVwmOLlpWkb3/t3Hr1lRCL4Z1QF9uWXP.cs","16"
"plugin-core","ClassDeclaration","q52xqsRVVwmOLlpWkb3.t3Hr1lRCL4Z1QF9uWXP._003C_003Ec__DisplayClass14_0","q52xqsRVVwmOLlpWkb3","private sealed","","plugin-source/v10-source-restoration/q52xqsRVVwmOLlpWkb3/t3Hr1lRCL4Z1QF9uWXP.cs","18"
"plugin-core","ClassDeclaration","q52xqsRVVwmOLlpWkb3.t3Hr1lRCL4Z1QF9uWXP._003C_003Ec__DisplayClass14_1","q52xqsRVVwmOLlpWkb3","private sealed","","plugin-source/v10-source-restoration/q52xqsRVVwmOLlpWkb3/t3Hr1lRCL4Z1QF9uWXP.cs","33"
"plugin-core","ClassDeclaration","q52xqsRVVwmOLlpWkb3.t3Hr1lRCL4Z1QF9uWXP._003C_003Ec__DisplayClass14_2","q52xqsRVVwmOLlpWkb3","private sealed","","plugin-source/v10-source-restoration/q52xqsRVVwmOLlpWkb3/t3Hr1lRCL4Z1QF9uWXP.cs","56"
"plugin-core","ClassDeclaration","q52xqsRVVwmOLlpWkb3.t3Hr1lRCL4Z1QF9uWXP._003C_003Ec__DisplayClass15_0","q52xqsRVVwmOLlpWkb3","private sealed","","plugin-source/v10-source-restoration/q52xqsRVVwmOLlpWkb3/t3Hr1lRCL4Z1QF9uWXP.cs","79"
"plugin-core","ClassDeclaration","q52xqsRVVwmOLlpWkb3.t3Hr1lRCL4Z1QF9uWXP._003C_003Ec__DisplayClass15_1","q52xqsRVVwmOLlpWkb3","private sealed","","plugin-source/v10-source-restoration/q52xqsRVVwmOLlpWkb3/t3Hr1lRCL4Z1QF9uWXP.cs","94"
"plugin-core","ClassDeclaration","q52xqsRVVwmOLlpWkb3.t3Hr1lRCL4Z1QF9uWXP._003C_003Ec__DisplayClass15_2","q52xqsRVVwmOLlpWkb3","private sealed","","plugin-source/v10-source-restoration/q52xqsRVVwmOLlpWkb3/t3Hr1lRCL4Z1QF9uWXP.cs","117"
"plugin-core","ClassDeclaration","q52xqsRVVwmOLlpWkb3.t3Hr1lRCL4Z1QF9uWXP._003C_003Ec__DisplayClass16_0","q52xqsRVVwmOLlpWkb3","private sealed","","plugin-source/v10-source-restoration/q52xqsRVVwmOLlpWkb3/t3Hr1lRCL4Z1QF9uWXP.cs","140"
"plugin-core","ClassDeclaration","q52xqsRVVwmOLlpWkb3.t3Hr1lRCL4Z1QF9uWXP._003C_003Ec__DisplayClass19_0","q52xqsRVVwmOLlpWkb3","private sealed","","plugin-source/v10-source-restoration/q52xqsRVVwmOLlpWkb3/t3Hr1lRCL4Z1QF9uWXP.cs","165"
"plugin-core","ClassDeclaration","q52xqsRVVwmOLlpWkb3.t3Hr1lRCL4Z1QF9uWXP._003C_003Ec__DisplayClass28_0","q52xqsRVVwmOLlpWkb3","private sealed","","plugin-source/v10-source-restoration/q52xqsRVVwmOLlpWkb3/t3Hr1lRCL4Z1QF9uWXP.cs","190"
"plugin-core","ClassDeclaration","q52xqsRVVwmOLlpWkb3.t3Hr1lRCL4Z1QF9uWXP._003C_003Ec__DisplayClass37_0","q52xqsRVVwmOLlpWkb3","private sealed","","plugin-source/v10-source-restoration/q52xqsRVVwmOLlpWkb3/t3Hr1lRCL4Z1QF9uWXP.cs","215"
"plugin-core","ClassDeclaration","q52xqsRVVwmOLlpWkb3.t3Hr1lRCL4Z1QF9uWXP._003C_003Ec__DisplayClass46_0","q52xqsRVVwmOLlpWkb3","private sealed","","plugin-source/v10-source-restoration/q52xqsRVVwmOLlpWkb3/t3Hr1lRCL4Z1QF9uWXP.cs","240"
"plugin-core","ClassDeclaration","q52xqsRVVwmOLlpWkb3.t3Hr1lRCL4Z1QF9uWXP._003C_003Ec__DisplayClass55_0","q52xqsRVVwmOLlpWkb3","private sealed","","plugin-source/v10-source-restoration/q52xqsRVVwmOLlpWkb3/t3Hr1lRCL4Z1QF9uWXP.cs","265"
"plugin-core","ClassDeclaration","q52xqsRVVwmOLlpWkb3.t3Hr1lRCL4Z1QF9uWXP._003C_003Ec__DisplayClass64_0","q52xqsRVVwmOLlpWkb3","private sealed","","plugin-source/v10-source-restoration/q52xqsRVVwmOLlpWkb3/t3Hr1lRCL4Z1QF9uWXP.cs","290"
"plugin-core","ClassDeclaration","q52xqsRVVwmOLlpWkb3.t3Hr1lRCL4Z1QF9uWXP._003C_003Ec__DisplayClass71_0","q52xqsRVVwmOLlpWkb3","private sealed","","plugin-source/v10-source-restoration/q52xqsRVVwmOLlpWkb3/t3Hr1lRCL4Z1QF9uWXP.cs","315"
"plugin-core","ClassDeclaration","q52xqsRVVwmOLlpWkb3.t3Hr1lRCL4Z1QF9uWXP._003C_003Ec__DisplayClass72_0","q52xqsRVVwmOLlpWkb3","private sealed","","plugin-source/v10-source-restoration/q52xqsRVVwmOLlpWkb3/t3Hr1lRCL4Z1QF9uWXP.cs","342"
"plugin-core","ClassDeclaration","q52xqsRVVwmOLlpWkb3.t3Hr1lRCL4Z1QF9uWXP._003C_003Ec__DisplayClass72_1","q52xqsRVVwmOLlpWkb3","private sealed","","plugin-source/v10-source-restoration/q52xqsRVVwmOLlpWkb3/t3Hr1lRCL4Z1QF9uWXP.cs","357"
"plugin-core","ClassDeclaration","qP09WjBc7nUNQOcDDy3.L1ya6XBSPGoekkP8WeX","qP09WjBc7nUNQOcDDy3","internal","Singleton<L1ya6XBSPGoekkP8WeX>","plugin-source/v10-source-restoration/qP09WjBc7nUNQOcDDy3/L1ya6XBSPGoekkP8WeX.cs","13"
"plugin-core","ClassDeclaration","qP09WjBc7nUNQOcDDy3.L1ya6XBSPGoekkP8WeX._003C_003Ec__DisplayClass2_0","qP09WjBc7nUNQOcDDy3","private sealed","","plugin-source/v10-source-restoration/qP09WjBc7nUNQOcDDy3/L1ya6XBSPGoekkP8WeX.cs","15"
"plugin-core","ClassDeclaration","Qr1S1xP513XPErv6EOq.qEV9ruPnCKv2MmVmelU","Qr1S1xP513XPErv6EOq","internal","Attribute","plugin-source/v10-source-restoration/Qr1S1xP513XPErv6EOq/qEV9ruPnCKv2MmVmelU.cs","6"
"plugin-core","ClassDeclaration","QsZODwJPWinsfjttlCn.OKaMOvJmaKgK6WqoSYv","QsZODwJPWinsfjttlCn","internal","Singleton<OKaMOvJmaKgK6WqoSYv>","plugin-source/v10-source-restoration/QsZODwJPWinsfjttlCn/OKaMOvJmaKgK6WqoSYv.cs","20"
"plugin-core","ClassDeclaration","QuSFUe6R0602j4mCi3W.V5YtDM6KCytDucgVcpG","QuSFUe6R0602j4mCi3W","internal","Singleton<V5YtDM6KCytDucgVcpG>","plugin-source/v10-source-restoration/QuSFUe6R0602j4mCi3W/V5YtDM6KCytDucgVcpG.cs","11"
"plugin-core","ClassDeclaration","QuSFUe6R0602j4mCi3W.V5YtDM6KCytDucgVcpG._003C_003Ec__DisplayClass1_0","QuSFUe6R0602j4mCi3W","private sealed","","plugin-source/v10-source-restoration/QuSFUe6R0602j4mCi3W/V5YtDM6KCytDucgVcpG.cs","13"
"plugin-core","ClassDeclaration","R0F7EJKsPwFRj7h6amU.svsUCqKdlsQkBBIo3St","R0F7EJKsPwFRj7h6amU","internal","Singleton<svsUCqKdlsQkBBIo3St>","plugin-source/v10-source-restoration/R0F7EJKsPwFRj7h6amU/svsUCqKdlsQkBBIo3St.cs","17"
"plugin-core","ClassDeclaration","R0F7EJKsPwFRj7h6amU.svsUCqKdlsQkBBIo3St._003C_003Ec__DisplayClass12_0","R0F7EJKsPwFRj7h6amU","private sealed","","plugin-source/v10-source-restoration/R0F7EJKsPwFRj7h6amU/svsUCqKdlsQkBBIo3St.cs","19"
"plugin-core","ClassDeclaration","R0F7EJKsPwFRj7h6amU.svsUCqKdlsQkBBIo3St._003C_003Ec__DisplayClass17_0","R0F7EJKsPwFRj7h6amU","private sealed","","plugin-source/v10-source-restoration/R0F7EJKsPwFRj7h6amU/svsUCqKdlsQkBBIo3St.cs","44"
"plugin-core","ClassDeclaration","r6H7Ets2Rns31EhC17Y.sUhuV4s664O5VhBMqaF","r6H7Ets2Rns31EhC17Y","internal","Singleton<sUhuV4s664O5VhBMqaF>","plugin-source/v10-source-restoration/r6H7Ets2Rns31EhC17Y/sUhuV4s664O5VhBMqaF.cs","10"
"plugin-core","ClassDeclaration","R8lTaqgbEc6MvH2j6n0.p63Ra5gwg6vJ45gPiim","R8lTaqgbEc6MvH2j6n0","internal","Singleton<p63Ra5gwg6vJ45gPiim>","plugin-source/v10-source-restoration/R8lTaqgbEc6MvH2j6n0/p63Ra5gwg6vJ45gPiim.cs","12"
"plugin-core","ClassDeclaration","R8lTaqgbEc6MvH2j6n0.p63Ra5gwg6vJ45gPiim._003C_003Ec__DisplayClass4_0","R8lTaqgbEc6MvH2j6n0","private sealed","","plugin-source/v10-source-restoration/R8lTaqgbEc6MvH2j6n0/p63Ra5gwg6vJ45gPiim.cs","14"
"plugin-core","ClassDeclaration","rNxGErgTwcV0cyHVsjc.xxsAZpga7ronqw5ilvg","rNxGErgTwcV0cyHVsjc","internal","Singleton<xxsAZpga7ronqw5ilvg>","plugin-source/v10-source-restoration/rNxGErgTwcV0cyHVsjc/xxsAZpga7ronqw5ilvg.cs","10"
"plugin-core","ClassDeclaration","S0XwWmgI18jlYE3IPoe.VlLcswg81JdPCi5w8lm","S0XwWmgI18jlYE3IPoe","internal","Singleton<VlLcswg81JdPCi5w8lm>","plugin-source/v10-source-restoration/S0XwWmgI18jlYE3IPoe/VlLcswg81JdPCi5w8lm.cs","11"
"plugin-core","ClassDeclaration","s4E8DnU2AI3UWfigLPZ.pn8GKqU6fTj7IRdG6Bm","s4E8DnU2AI3UWfigLPZ","internal","Singleton<pn8GKqU6fTj7IRdG6Bm>","plugin-source/v10-source-restoration/s4E8DnU2AI3UWfigLPZ/pn8GKqU6fTj7IRdG6Bm.cs","10"
"plugin-core","ClassDeclaration","Scene","","public","NetScene<Player>","plugin-source/v10-source-restoration/Scene.cs","4"
"plugin-core","ClassDeclaration","sCX4wSPLmO2yCr94XA7.Vrt2KZPFEjZcXOsXJFP","sCX4wSPLmO2yCr94XA7","internal","NBtXhDPs9hjxGFBpBEV","plugin-source/v10-source-restoration/sCX4wSPLmO2yCr94XA7/Vrt2KZPFEjZcXOsXJFP.cs","7"
"plugin-core","ClassDeclaration","ServerCore.数据处理.万能类型扩展包","ServerCore.数据处理","public static","","plugin-source/v10-source-restoration/ServerCore.数据处理/万能类型扩展包.cs","5"
"plugin-core","ClassDeclaration","SGIgOgiC7KPqObpOnGQ.z4BxVniyeUkxpq0lEyg","SGIgOgiC7KPqObpOnGQ","internal","Singleton<z4BxVniyeUkxpq0lEyg>","plugin-source/v10-source-restoration/SGIgOgiC7KPqObpOnGQ/z4BxVniyeUkxpq0lEyg.cs","55"
"plugin-core","ClassDeclaration","SGIgOgiC7KPqObpOnGQ.z4BxVniyeUkxpq0lEyg._003C_003Ec__DisplayClass5_0","SGIgOgiC7KPqObpOnGQ","private sealed","","plugin-source/v10-source-restoration/SGIgOgiC7KPqObpOnGQ/z4BxVniyeUkxpq0lEyg.cs","57"
"plugin-core","ClassDeclaration","SGIgOgiC7KPqObpOnGQ.z4BxVniyeUkxpq0lEyg._003C_003Ec__DisplayClass6_0","SGIgOgiC7KPqObpOnGQ","private sealed","","plugin-source/v10-source-restoration/SGIgOgiC7KPqObpOnGQ/z4BxVniyeUkxpq0lEyg.cs","78"
"plugin-core","ClassDeclaration","SGIgOgiC7KPqObpOnGQ.z4BxVniyeUkxpq0lEyg._003C_003Ec__DisplayClass7_0","SGIgOgiC7KPqObpOnGQ","private sealed","","plugin-source/v10-source-restoration/SGIgOgiC7KPqObpOnGQ/z4BxVniyeUkxpq0lEyg.cs","111"
"plugin-core","ClassDeclaration","SGIgOgiC7KPqObpOnGQ.z4BxVniyeUkxpq0lEyg._003C_003Ec__DisplayClass7_1","SGIgOgiC7KPqObpOnGQ","private sealed","","plugin-source/v10-source-restoration/SGIgOgiC7KPqObpOnGQ/z4BxVniyeUkxpq0lEyg.cs","140"
"plugin-core","ClassDeclaration","srBApEg0K2LqE1QaSFj.RdU9KHgkxD6vGY8ZRKE","srBApEg0K2LqE1QaSFj","internal","Singleton<RdU9KHgkxD6vGY8ZRKE>","plugin-source/v10-source-restoration/srBApEg0K2LqE1QaSFj/RdU9KHgkxD6vGY8ZRKE.cs","11"
"plugin-core","ClassDeclaration","srBApEg0K2LqE1QaSFj.RdU9KHgkxD6vGY8ZRKE._003C_003Ec__DisplayClass6_0","srBApEg0K2LqE1QaSFj","private sealed","","plugin-source/v10-source-restoration/srBApEg0K2LqE1QaSFj/RdU9KHgkxD6vGY8ZRKE.cs","13"
"plugin-core","ClassDeclaration","SuTsFOBHSZNdBh5bUZB.mQEQjEBxYW4SsAecBHJ","SuTsFOBHSZNdBh5bUZB","internal","Singleton<mQEQjEBxYW4SsAecBHJ>","plugin-source/v10-source-restoration/SuTsFOBHSZNdBh5bUZB/mQEQjEBxYW4SsAecBHJ.cs","14"
"plugin-core","ClassDeclaration","SuTsFOBHSZNdBh5bUZB.mQEQjEBxYW4SsAecBHJ._003C_003Ec__DisplayClass11_0","SuTsFOBHSZNdBh5bUZB","private sealed","","plugin-source/v10-source-restoration/SuTsFOBHSZNdBh5bUZB/mQEQjEBxYW4SsAecBHJ.cs","16"
"plugin-core","ClassDeclaration","SuTsFOBHSZNdBh5bUZB.mQEQjEBxYW4SsAecBHJ._003C_003Ec__DisplayClass13_0","SuTsFOBHSZNdBh5bUZB","private sealed","","plugin-source/v10-source-restoration/SuTsFOBHSZNdBh5bUZB/mQEQjEBxYW4SsAecBHJ.cs","37"
"plugin-core","ClassDeclaration","SuTsFOBHSZNdBh5bUZB.mQEQjEBxYW4SsAecBHJ._003C_003Ec__DisplayClass14_0","SuTsFOBHSZNdBh5bUZB","private sealed","","plugin-source/v10-source-restoration/SuTsFOBHSZNdBh5bUZB/mQEQjEBxYW4SsAecBHJ.cs","58"
"plugin-core","ClassDeclaration","SuTsFOBHSZNdBh5bUZB.mQEQjEBxYW4SsAecBHJ._003C_003Ec__DisplayClass15_0","SuTsFOBHSZNdBh5bUZB","private sealed","","plugin-source/v10-source-restoration/SuTsFOBHSZNdBh5bUZB/mQEQjEBxYW4SsAecBHJ.cs","163"
"plugin-core","ClassDeclaration","SuTsFOBHSZNdBh5bUZB.mQEQjEBxYW4SsAecBHJ._003C_003Ec__DisplayClass8_0","SuTsFOBHSZNdBh5bUZB","private sealed","","plugin-source/v10-source-restoration/SuTsFOBHSZNdBh5bUZB/mQEQjEBxYW4SsAecBHJ.cs","188"
"plugin-core","ClassDeclaration","SuTsFOBHSZNdBh5bUZB.mQEQjEBxYW4SsAecBHJ._003C_003Ec__DisplayClass8_1","SuTsFOBHSZNdBh5bUZB","private sealed","","plugin-source/v10-source-restoration/SuTsFOBHSZNdBh5bUZB/mQEQjEBxYW4SsAecBHJ.cs","238"
"plugin-core","ClassDeclaration","SuTsFOBHSZNdBh5bUZB.mQEQjEBxYW4SsAecBHJ._003C_003Ec__DisplayClass8_2","SuTsFOBHSZNdBh5bUZB","private sealed","","plugin-source/v10-source-restoration/SuTsFOBHSZNdBh5bUZB/mQEQjEBxYW4SsAecBHJ.cs","255"
"plugin-core","ClassDeclaration","SuTsFOBHSZNdBh5bUZB.mQEQjEBxYW4SsAecBHJ._003C_003Ec__DisplayClass8_3","SuTsFOBHSZNdBh5bUZB","private sealed","","plugin-source/v10-source-restoration/SuTsFOBHSZNdBh5bUZB/mQEQjEBxYW4SsAecBHJ.cs","299"
"plugin-core","ClassDeclaration","sVcPYnW2a67ob5mDj4x.TOqsYfW68LIGjCtAgK8","sVcPYnW2a67ob5mDj4x","internal","Singleton<TOqsYfW68LIGjCtAgK8>","plugin-source/v10-source-restoration/sVcPYnW2a67ob5mDj4x/TOqsYfW68LIGjCtAgK8.cs","14"
"plugin-core","ClassDeclaration","sVcPYnW2a67ob5mDj4x.TOqsYfW68LIGjCtAgK8._003C_003Ec__DisplayClass9_0","sVcPYnW2a67ob5mDj4x","private sealed","","plugin-source/v10-source-restoration/sVcPYnW2a67ob5mDj4x/TOqsYfW68LIGjCtAgK8.cs","16"
"plugin-core","ClassDeclaration","sVcPYnW2a67ob5mDj4x.TOqsYfW68LIGjCtAgK8._003C_003Ec__DisplayClass9_1","sVcPYnW2a67ob5mDj4x","private sealed","","plugin-source/v10-source-restoration/sVcPYnW2a67ob5mDj4x/TOqsYfW68LIGjCtAgK8.cs","129"
"plugin-core","ClassDeclaration","swC6eeDmDlHvujbhoCw.SSW8tHD2MvRIUVygbNo","swC6eeDmDlHvujbhoCw","internal","Singleton<SSW8tHD2MvRIUVygbNo>","plugin-source/v10-source-restoration/swC6eeDmDlHvujbhoCw/SSW8tHD2MvRIUVygbNo.cs","12"
"plugin-core","ClassDeclaration","TamperGuard","","internal static","","plugin-source/v10-source-restoration/TamperGuard.cs","7"
"plugin-core","EnumDeclaration","tcyZjSPKX1FBsDmDj5G.jL06RIPJKJxExn9v2DK","tcyZjSPKX1FBsDmDj5G","internal","","plugin-source/v10-source-restoration/tcyZjSPKX1FBsDmDj5G/jL06RIPJKJxExn9v2DK.cs","3"
"plugin-core","ClassDeclaration","TimedDungeonService","","public sealed","","plugin-source/v10-source-restoration/TimedDungeonService.cs","11"
"plugin-core","ClassDeclaration","TimedDungeonConfig","","public sealed","","plugin-source/v10-source-restoration/TimedDungeonService.cs","812"
"plugin-core","ClassDeclaration","TimedDungeonRule","","public sealed","","plugin-source/v10-source-restoration/TimedDungeonService.cs","818"
"plugin-core","ClassDeclaration","TimedDungeonCharge","","public sealed","","plugin-source/v10-source-restoration/TimedDungeonService.cs","855"
"plugin-core","ClassDeclaration","TimedDungeonPendingGroup","","public sealed","","plugin-source/v10-source-restoration/TimedDungeonService.cs","867"
"plugin-core","ClassDeclaration","TimedDungeonSession","","public sealed","","plugin-source/v10-source-restoration/TimedDungeonService.cs","888"
"plugin-core","ClassDeclaration","TimedDungeonRuntimeState","","public sealed","","plugin-source/v10-source-restoration/TimedDungeonService.cs","908"
"plugin-core","ClassDeclaration","tMMEyfgcW4XCGjj522C.LaobQfgSrA1tYPe60GA","tMMEyfgcW4XCGjj522C","internal","Singleton<LaobQfgSrA1tYPe60GA>","plugin-source/v10-source-restoration/tMMEyfgcW4XCGjj522C/LaobQfgSrA1tYPe60GA.cs","11"
"plugin-core","ClassDeclaration","toQ8V2mpp5YowV9pIRs.L7bjkomYbIEtIsFWfMg","toQ8V2mpp5YowV9pIRs","internal","Attribute","plugin-source/v10-source-restoration/toQ8V2mpp5YowV9pIRs/L7bjkomYbIEtIsFWfMg.cs","6"
"plugin-core","ClassDeclaration","TrialCardAuthorizationSelfTest","","internal static","","plugin-source/v10-source-restoration/TrialCardAuthorizationSelfTest.cs","4"
"plugin-core","ClassDeclaration","UbblDNG1yFpxk6Q0ui4.YHfw7nGpg7WfdCBKDH4","UbblDNG1yFpxk6Q0ui4","internal","Singleton<YHfw7nGpg7WfdCBKDH4>","plugin-source/v10-source-restoration/UbblDNG1yFpxk6Q0ui4/YHfw7nGpg7WfdCBKDH4.cs","15"
"plugin-core","ClassDeclaration","UbblDNG1yFpxk6Q0ui4.YHfw7nGpg7WfdCBKDH4._003C_003Ec__DisplayClass14_0","UbblDNG1yFpxk6Q0ui4","private sealed","","plugin-source/v10-source-restoration/UbblDNG1yFpxk6Q0ui4/YHfw7nGpg7WfdCBKDH4.cs","17"
"plugin-core","ClassDeclaration","UbblDNG1yFpxk6Q0ui4.YHfw7nGpg7WfdCBKDH4._003C_003Ec__DisplayClass15_0","UbblDNG1yFpxk6Q0ui4","private sealed","","plugin-source/v10-source-restoration/UbblDNG1yFpxk6Q0ui4/YHfw7nGpg7WfdCBKDH4.cs","96"
"plugin-core","ClassDeclaration","UbblDNG1yFpxk6Q0ui4.YHfw7nGpg7WfdCBKDH4._003C_003Ec__DisplayClass16_0","UbblDNG1yFpxk6Q0ui4","private sealed","","plugin-source/v10-source-restoration/UbblDNG1yFpxk6Q0ui4/YHfw7nGpg7WfdCBKDH4.cs","248"
"plugin-core","ClassDeclaration","UbblDNG1yFpxk6Q0ui4.YHfw7nGpg7WfdCBKDH4._003C_003Ec__DisplayClass8_0","UbblDNG1yFpxk6Q0ui4","private sealed","","plugin-source/v10-source-restoration/UbblDNG1yFpxk6Q0ui4/YHfw7nGpg7WfdCBKDH4.cs","299"
"plugin-core","ClassDeclaration","uI75fJjR7A2e7wWdq9f.zeYnwTjKgpmAbfSQh5J","uI75fJjR7A2e7wWdq9f","internal","Singleton<zeYnwTjKgpmAbfSQh5J>","plugin-source/v10-source-restoration/uI75fJjR7A2e7wWdq9f/zeYnwTjKgpmAbfSQh5J.cs","19"
"plugin-core","ClassDeclaration","uI75fJjR7A2e7wWdq9f.zeYnwTjKgpmAbfSQh5J._003C_003Ec__DisplayClass11_0","uI75fJjR7A2e7wWdq9f","private sealed","","plugin-source/v10-source-restoration/uI75fJjR7A2e7wWdq9f/zeYnwTjKgpmAbfSQh5J.cs","21"
"plugin-core","ClassDeclaration","uI75fJjR7A2e7wWdq9f.zeYnwTjKgpmAbfSQh5J._003C_003Ec__DisplayClass15_0","uI75fJjR7A2e7wWdq9f","private sealed","","plugin-source/v10-source-restoration/uI75fJjR7A2e7wWdq9f/zeYnwTjKgpmAbfSQh5J.cs","42"
"plugin-core","ClassDeclaration","uI75fJjR7A2e7wWdq9f.zeYnwTjKgpmAbfSQh5J._003C_003Ec__DisplayClass20_0","uI75fJjR7A2e7wWdq9f","private sealed","","plugin-source/v10-source-restoration/uI75fJjR7A2e7wWdq9f/zeYnwTjKgpmAbfSQh5J.cs","103"
"plugin-core","ClassDeclaration","uI75fJjR7A2e7wWdq9f.zeYnwTjKgpmAbfSQh5J._003C_003Ec__DisplayClass21_0","uI75fJjR7A2e7wWdq9f","private sealed","","plugin-source/v10-source-restoration/uI75fJjR7A2e7wWdq9f/zeYnwTjKgpmAbfSQh5J.cs","128"
"plugin-core","ClassDeclaration","uI75fJjR7A2e7wWdq9f.zeYnwTjKgpmAbfSQh5J._003C_003Ec__DisplayClass22_0","uI75fJjR7A2e7wWdq9f","private sealed","","plugin-source/v10-source-restoration/uI75fJjR7A2e7wWdq9f/zeYnwTjKgpmAbfSQh5J.cs","163"
"plugin-core","ClassDeclaration","uI75fJjR7A2e7wWdq9f.zeYnwTjKgpmAbfSQh5J._003C_003Ec__DisplayClass23_0","uI75fJjR7A2e7wWdq9f","private sealed","","plugin-source/v10-source-restoration/uI75fJjR7A2e7wWdq9f/zeYnwTjKgpmAbfSQh5J.cs","188"
"plugin-core","ClassDeclaration","uI75fJjR7A2e7wWdq9f.zeYnwTjKgpmAbfSQh5J._003C_003Ec__DisplayClass8_0","uI75fJjR7A2e7wWdq9f","private sealed","","plugin-source/v10-source-restoration/uI75fJjR7A2e7wWdq9f/zeYnwTjKgpmAbfSQh5J.cs","223"
"plugin-core","ClassDeclaration","UQuLZEj71kRGhQn6jmQ.fFv8GpjvE2cusnNqivq","UQuLZEj71kRGhQn6jmQ","internal","Singleton<fFv8GpjvE2cusnNqivq>","plugin-source/v10-source-restoration/UQuLZEj71kRGhQn6jmQ/fFv8GpjvE2cusnNqivq.cs","12"
"plugin-core","ClassDeclaration","UQuLZEj71kRGhQn6jmQ.fFv8GpjvE2cusnNqivq._003C_003Ec__DisplayClass5_0","UQuLZEj71kRGhQn6jmQ","private sealed","","plugin-source/v10-source-restoration/UQuLZEj71kRGhQn6jmQ/fFv8GpjvE2cusnNqivq.cs","14"
"plugin-core","ClassDeclaration","URBdSsmG5TyjafiaVMN.p2me1nmB6EHn6K5BtuN","URBdSsmG5TyjafiaVMN","internal sealed","Attribute","plugin-source/v10-source-restoration/URBdSsmG5TyjafiaVMN/p2me1nmB6EHn6K5BtuN.cs","7"
"plugin-core","ClassDeclaration","vBIs2Rf2vSSk1OdhoS7.COyX27f6L3uCF3F6Kp5","vBIs2Rf2vSSk1OdhoS7","internal","Singleton<COyX27f6L3uCF3F6Kp5>","plugin-source/v10-source-restoration/vBIs2Rf2vSSk1OdhoS7/COyX27f6L3uCF3F6Kp5.cs","27"
"plugin-core","ClassDeclaration","vBIs2Rf2vSSk1OdhoS7.COyX27f6L3uCF3F6Kp5._003C_003Ec__DisplayClass10_0","vBIs2Rf2vSSk1OdhoS7","private sealed","","plugin-source/v10-source-restoration/vBIs2Rf2vSSk1OdhoS7/COyX27f6L3uCF3F6Kp5.cs","53"
"plugin-core","ClassDeclaration","vBIs2Rf2vSSk1OdhoS7.COyX27f6L3uCF3F6Kp5._003C_003Ec__DisplayClass11_0","vBIs2Rf2vSSk1OdhoS7","private sealed","","plugin-source/v10-source-restoration/vBIs2Rf2vSSk1OdhoS7/COyX27f6L3uCF3F6Kp5.cs","76"
"plugin-core","ClassDeclaration","vBIs2Rf2vSSk1OdhoS7.COyX27f6L3uCF3F6Kp5._003C_003Ec__DisplayClass13_0","vBIs2Rf2vSSk1OdhoS7","private sealed","","plugin-source/v10-source-restoration/vBIs2Rf2vSSk1OdhoS7/COyX27f6L3uCF3F6Kp5.cs","99"
"plugin-core","ClassDeclaration","vBIs2Rf2vSSk1OdhoS7.COyX27f6L3uCF3F6Kp5._003C_003Ec__DisplayClass15_0","vBIs2Rf2vSSk1OdhoS7","private sealed","","plugin-source/v10-source-restoration/vBIs2Rf2vSSk1OdhoS7/COyX27f6L3uCF3F6Kp5.cs","122"
"plugin-core","ClassDeclaration","vBIs2Rf2vSSk1OdhoS7.COyX27f6L3uCF3F6Kp5._003C_003Ec__DisplayClass16_0","vBIs2Rf2vSSk1OdhoS7","private sealed","","plugin-source/v10-source-restoration/vBIs2Rf2vSSk1OdhoS7/COyX27f6L3uCF3F6Kp5.cs","143"
"plugin-core","ClassDeclaration","vBIs2Rf2vSSk1OdhoS7.COyX27f6L3uCF3F6Kp5._003C_003Ec__DisplayClass2_0","vBIs2Rf2vSSk1OdhoS7","private sealed","","plugin-source/v10-source-restoration/vBIs2Rf2vSSk1OdhoS7/COyX27f6L3uCF3F6Kp5.cs","164"
"plugin-core","ClassDeclaration","vBIs2Rf2vSSk1OdhoS7.COyX27f6L3uCF3F6Kp5._003C_003Ec__DisplayClass4_0","vBIs2Rf2vSSk1OdhoS7","private sealed","","plugin-source/v10-source-restoration/vBIs2Rf2vSSk1OdhoS7/COyX27f6L3uCF3F6Kp5.cs","193"
"plugin-core","ClassDeclaration","vBIs2Rf2vSSk1OdhoS7.COyX27f6L3uCF3F6Kp5._003C_003Ec__DisplayClass5_0","vBIs2Rf2vSSk1OdhoS7","private sealed","","plugin-source/v10-source-restoration/vBIs2Rf2vSSk1OdhoS7/COyX27f6L3uCF3F6Kp5.cs","216"
"plugin-core","ClassDeclaration","vBIs2Rf2vSSk1OdhoS7.COyX27f6L3uCF3F6Kp5._003C_003Ec__DisplayClass6_0","vBIs2Rf2vSSk1OdhoS7","private sealed","","plugin-source/v10-source-restoration/vBIs2Rf2vSSk1OdhoS7/COyX27f6L3uCF3F6Kp5.cs","239"
"plugin-core","ClassDeclaration","VcF0pbBvJqp0x0IfwN.fuMNpgieFTYU3Wah53","VcF0pbBvJqp0x0IfwN","internal","Singleton<fuMNpgieFTYU3Wah53>","plugin-source/v10-source-restoration/VcF0pbBvJqp0x0IfwN/fuMNpgieFTYU3Wah53.cs","10"
"plugin-core","ClassDeclaration","vEAdPGPTkDFOYsbi303.mEdebOPadFyb5ykL5Wy","vEAdPGPTkDFOYsbi303","internal","","plugin-source/v10-source-restoration/vEAdPGPTkDFOYsbi303/mEdebOPadFyb5ykL5Wy.cs","19"
"plugin-core","ClassDeclaration","Vk8yS9PU6iPVKlP2T4q.NBtXhDPs9hjxGFBpBEV","Vk8yS9PU6iPVKlP2T4q","internal","Attribute","plugin-source/v10-source-restoration/Vk8yS9PU6iPVKlP2T4q/NBtXhDPs9hjxGFBpBEV.cs","6"
"plugin-core","ClassDeclaration","WbRTrCLpc2rxKDLScV.EMBQv9FAOd3LKHwy7T","WbRTrCLpc2rxKDLScV","internal","Singleton<EMBQv9FAOd3LKHwy7T>","plugin-source/v10-source-restoration/WbRTrCLpc2rxKDLScV/EMBQv9FAOd3LKHwy7T.cs","9"
"plugin-core","ClassDeclaration","wcxwepjSDDAt5sUJfS8.KB0ManjLR9N2YNMntee","wcxwepjSDDAt5sUJfS8","internal","Singleton<KB0ManjLR9N2YNMntee>","plugin-source/v10-source-restoration/wcxwepjSDDAt5sUJfS8/KB0ManjLR9N2YNMntee.cs","12"
"plugin-core","ClassDeclaration","WdAPI","","public","Singleton<WdAPI>","plugin-source/v10-source-restoration/WdAPI.cs","19"
"plugin-core","ClassDeclaration","WdAPI._003C_003Ec__DisplayClass106_0","","private sealed","","plugin-source/v10-source-restoration/WdAPI.cs","21"
"plugin-core","ClassDeclaration","WdAPI._003C_003Ec__DisplayClass126_0","","private sealed","","plugin-source/v10-source-restoration/WdAPI.cs","42"
"plugin-core","ClassDeclaration","WdAPI._003C_003Ec__DisplayClass128_0","","private sealed","","plugin-source/v10-source-restoration/WdAPI.cs","63"
"plugin-core","ClassDeclaration","WdAPI._003C_003Ec__DisplayClass141_0","","private sealed","","plugin-source/v10-source-restoration/WdAPI.cs","84"
"plugin-core","ClassDeclaration","WdAPI._003C_003Ec__DisplayClass149_0","","private sealed","","plugin-source/v10-source-restoration/WdAPI.cs","105"
"plugin-core","ClassDeclaration","WdAPI._003C_003Ec__DisplayClass41_0","","private sealed","","plugin-source/v10-source-restoration/WdAPI.cs","128"
"plugin-core","ClassDeclaration","WdMyFixedHeaderCustomDataHandlingAdapter","","public","CustomFixedHeaderDataHandlingAdapter<WdMyFixedHeaderRequestInfo>","plugin-source/v10-source-restoration/WdMyFixedHeaderCustomDataHandlingAdapter.cs","4"
"plugin-core","ClassDeclaration","WdMyFixedHeaderRequestInfo","","public","IFixedHeaderRequestInfo; IRequestInfo","plugin-source/v10-source-restoration/WdMyFixedHeaderRequestInfo.cs","6"
"plugin-core","ClassDeclaration","WdServer","","public","TcpServer<Player, Scene>","plugin-source/v10-source-restoration/WdServer.cs","77"
"plugin-core","ClassDeclaration","WdServer._003C_003Ec__DisplayClass12_0","","private sealed","","plugin-source/v10-source-restoration/WdServer.cs","80"
"plugin-core","ClassDeclaration","WdServer._003C_003Ec__DisplayClass15_0","","private sealed","","plugin-source/v10-source-restoration/WdServer.cs","111"
"plugin-core","ClassDeclaration","WdServer._003C_003Ec__DisplayClass15_1","","private sealed","","plugin-source/v10-source-restoration/WdServer.cs","162"
"plugin-core","ClassDeclaration","WdServer._003C_003Ec__DisplayClass24_0","","private sealed","","plugin-source/v10-source-restoration/WdServer.cs","194"
"plugin-core","ClassDeclaration","WdServer._003C_003Ec__DisplayClass25_0","","private sealed","","plugin-source/v10-source-restoration/WdServer.cs","217"
"plugin-core","ClassDeclaration","WdServer._003C_003Ec__DisplayClass29_0","","private sealed","","plugin-source/v10-source-restoration/WdServer.cs","240"
"plugin-core","ClassDeclaration","WdServer._003C_003Ec__DisplayClass33_0","","private sealed","","plugin-source/v10-source-restoration/WdServer.cs","307"
"plugin-core","ClassDeclaration","WdServer._003C_003Ec__DisplayClass34_0","","private sealed","","plugin-source/v10-source-restoration/WdServer.cs","332"
"plugin-core","ClassDeclaration","WdServer._003C_003Ec__DisplayClass35_0","","private sealed","","plugin-source/v10-source-restoration/WdServer.cs","385"
"plugin-core","ClassDeclaration","WdServer._003C_003Ec__DisplayClass39_0","","private sealed","","plugin-source/v10-source-restoration/WdServer.cs","410"
"plugin-core","ClassDeclaration","WdServer._003C_003Ec__DisplayClass40_0","","private sealed","","plugin-source/v10-source-restoration/WdServer.cs","431"
"plugin-core","ClassDeclaration","WdServer._003C_003Ec__DisplayClass41_0","","private sealed","","plugin-source/v10-source-restoration/WdServer.cs","452"
"plugin-core","ClassDeclaration","WdServer._003C_003Ec__DisplayClass52_0","","private sealed","","plugin-source/v10-source-restoration/WdServer.cs","489"
"plugin-core","ClassDeclaration","WdServer._003C_003Ec__DisplayClass59_0","","private sealed","","plugin-source/v10-source-restoration/WdServer.cs","510"
"plugin-core","ClassDeclaration","WdServer._003C_003Ec__DisplayClass60_0","","private sealed","","plugin-source/v10-source-restoration/WdServer.cs","535"
"plugin-core","ClassDeclaration","WdServer._003C_003Ec__DisplayClass64_0","","private sealed","","plugin-source/v10-source-restoration/WdServer.cs","560"
"plugin-core","ClassDeclaration","WdServer._003C_003Ec__DisplayClass77_0","","private sealed","","plugin-source/v10-source-restoration/WdServer.cs","583"
"plugin-core","ClassDeclaration","WdServer._003C_003Ec__DisplayClass78_0","","private sealed","","plugin-source/v10-source-restoration/WdServer.cs","610"
"plugin-core","ClassDeclaration","WUi9QivDmyMdpkvOap.UuQEWHhexEnQTYynfh","WUi9QivDmyMdpkvOap","internal","Singleton<UuQEWHhexEnQTYynfh>","plugin-source/v10-source-restoration/WUi9QivDmyMdpkvOap/UuQEWHhexEnQTYynfh.cs","15"
"plugin-core","ClassDeclaration","WUi9QivDmyMdpkvOap.UuQEWHhexEnQTYynfh._003C_003Ec__DisplayClass5_0","WUi9QivDmyMdpkvOap","private sealed","","plugin-source/v10-source-restoration/WUi9QivDmyMdpkvOap/UuQEWHhexEnQTYynfh.cs","17"
"plugin-core","ClassDeclaration","WUi9QivDmyMdpkvOap.UuQEWHhexEnQTYynfh._003C_003Ec__DisplayClass5_1","WUi9QivDmyMdpkvOap","private sealed","","plugin-source/v10-source-restoration/WUi9QivDmyMdpkvOap/UuQEWHhexEnQTYynfh.cs","38"
"plugin-core","ClassDeclaration","WUi9QivDmyMdpkvOap.UuQEWHhexEnQTYynfh._003C_003Ec__DisplayClass5_2","WUi9QivDmyMdpkvOap","private sealed","","plugin-source/v10-source-restoration/WUi9QivDmyMdpkvOap/UuQEWHhexEnQTYynfh.cs","59"
"plugin-core","ClassDeclaration","WUi9QivDmyMdpkvOap.UuQEWHhexEnQTYynfh._003C_003Ec__DisplayClass5_3","WUi9QivDmyMdpkvOap","private sealed","","plugin-source/v10-source-restoration/WUi9QivDmyMdpkvOap/UuQEWHhexEnQTYynfh.cs","80"
"plugin-core","ClassDeclaration","WUi9QivDmyMdpkvOap.UuQEWHhexEnQTYynfh._003C_003Ec__DisplayClass5_4","WUi9QivDmyMdpkvOap","private sealed","","plugin-source/v10-source-restoration/WUi9QivDmyMdpkvOap/UuQEWHhexEnQTYynfh.cs","101"
"plugin-core","ClassDeclaration","xjMDbr53dgFg8eTWhG.HCrxJFnoveWsmxYAyd","xjMDbr53dgFg8eTWhG","internal","Singleton<HCrxJFnoveWsmxYAyd>","plugin-source/v10-source-restoration/xjMDbr53dgFg8eTWhG/HCrxJFnoveWsmxYAyd.cs","9"
"plugin-core","ClassDeclaration","XmlaCcmx3LqWxDTk90D.UFZtQfm1f8hPmRppiiW","XmlaCcmx3LqWxDTk90D","internal","Attribute","plugin-source/v10-source-restoration/XmlaCcmx3LqWxDTk90D/UFZtQfm1f8hPmRppiiW.cs","7"
"plugin-core","ClassDeclaration","xqlPMM2TJRNXpZnNDFn.Ab7Ypu2aCcHMcLPG8Um","xqlPMM2TJRNXpZnNDFn","internal","Singleton<Ab7Ypu2aCcHMcLPG8Um>","plugin-source/v10-source-restoration/xqlPMM2TJRNXpZnNDFn/Ab7Ypu2aCcHMcLPG8Um.cs","18"
"plugin-core","ClassDeclaration","xqlPMM2TJRNXpZnNDFn.Ab7Ypu2aCcHMcLPG8Um._003C_003Ec__DisplayClass22_0","xqlPMM2TJRNXpZnNDFn","private sealed","","plugin-source/v10-source-restoration/xqlPMM2TJRNXpZnNDFn/Ab7Ypu2aCcHMcLPG8Um.cs","20"
"plugin-core","ClassDeclaration","xqlPMM2TJRNXpZnNDFn.Ab7Ypu2aCcHMcLPG8Um._003C_003Ec__DisplayClass31_0","xqlPMM2TJRNXpZnNDFn","private sealed","","plugin-source/v10-source-restoration/xqlPMM2TJRNXpZnNDFn/Ab7Ypu2aCcHMcLPG8Um.cs","41"
"plugin-core","ClassDeclaration","xqlPMM2TJRNXpZnNDFn.Ab7Ypu2aCcHMcLPG8Um._003C_003Ec__DisplayClass32_0","xqlPMM2TJRNXpZnNDFn","private sealed","","plugin-source/v10-source-restoration/xqlPMM2TJRNXpZnNDFn/Ab7Ypu2aCcHMcLPG8Um.cs","144"
"plugin-core","ClassDeclaration","xqlPMM2TJRNXpZnNDFn.Ab7Ypu2aCcHMcLPG8Um._003C_003Ec__DisplayClass33_0","xqlPMM2TJRNXpZnNDFn","private sealed","","plugin-source/v10-source-restoration/xqlPMM2TJRNXpZnNDFn/Ab7Ypu2aCcHMcLPG8Um.cs","184"
"plugin-core","ClassDeclaration","xqlPMM2TJRNXpZnNDFn.Ab7Ypu2aCcHMcLPG8Um._003C_003Ec__DisplayClass34_0","xqlPMM2TJRNXpZnNDFn","private sealed","","plugin-source/v10-source-restoration/xqlPMM2TJRNXpZnNDFn/Ab7Ypu2aCcHMcLPG8Um.cs","259"
"plugin-core","ClassDeclaration","xqlPMM2TJRNXpZnNDFn.Ab7Ypu2aCcHMcLPG8Um._003C_003Ec__DisplayClass36_0","xqlPMM2TJRNXpZnNDFn","private sealed","","plugin-source/v10-source-restoration/xqlPMM2TJRNXpZnNDFn/Ab7Ypu2aCcHMcLPG8Um.cs","284"
"plugin-core","ClassDeclaration","xqlPMM2TJRNXpZnNDFn.Ab7Ypu2aCcHMcLPG8Um._003C_003Ec__DisplayClass39_0","xqlPMM2TJRNXpZnNDFn","private sealed","","plugin-source/v10-source-restoration/xqlPMM2TJRNXpZnNDFn/Ab7Ypu2aCcHMcLPG8Um.cs","450"
"plugin-core","ClassDeclaration","XWKUjNiqpjLqc4emuCT.xH3TPsiexTnpJAMMnJm","XWKUjNiqpjLqc4emuCT","internal","Singleton<xH3TPsiexTnpJAMMnJm>","plugin-source/v10-source-restoration/XWKUjNiqpjLqc4emuCT/xH3TPsiexTnpJAMMnJm.cs","17"
"plugin-core","ClassDeclaration","XWKUjNiqpjLqc4emuCT.xH3TPsiexTnpJAMMnJm._003C_003Ec__DisplayClass19_0","XWKUjNiqpjLqc4emuCT","private sealed","","plugin-source/v10-source-restoration/XWKUjNiqpjLqc4emuCT/xH3TPsiexTnpJAMMnJm.cs","19"
"plugin-core","ClassDeclaration","y24fbEG8KTuMIdiCbG1.OmF9SPGlN77YLFkkoqN","y24fbEG8KTuMIdiCbG1","internal","Singleton<OmF9SPGlN77YLFkkoqN>","plugin-source/v10-source-restoration/y24fbEG8KTuMIdiCbG1/OmF9SPGlN77YLFkkoqN.cs","26"
"plugin-core","ClassDeclaration","y24fbEG8KTuMIdiCbG1.OmF9SPGlN77YLFkkoqN._003C_003Ec__DisplayClass20_0","y24fbEG8KTuMIdiCbG1","private sealed","","plugin-source/v10-source-restoration/y24fbEG8KTuMIdiCbG1/OmF9SPGlN77YLFkkoqN.cs","28"
"plugin-core","ClassDeclaration","y24fbEG8KTuMIdiCbG1.OmF9SPGlN77YLFkkoqN._003C_003Ec__DisplayClass20_1","y24fbEG8KTuMIdiCbG1","private sealed","","plugin-source/v10-source-restoration/y24fbEG8KTuMIdiCbG1/OmF9SPGlN77YLFkkoqN.cs","52"
"plugin-core","ClassDeclaration","y24fbEG8KTuMIdiCbG1.OmF9SPGlN77YLFkkoqN._003C_003Ec__DisplayClass21_0","y24fbEG8KTuMIdiCbG1","private sealed","","plugin-source/v10-source-restoration/y24fbEG8KTuMIdiCbG1/OmF9SPGlN77YLFkkoqN.cs","75"
"plugin-core","ClassDeclaration","YHD6B3jthayZBFfLsaY.DB9OkbjZMmmdyW1KQMk","YHD6B3jthayZBFfLsaY","internal","Singleton<DB9OkbjZMmmdyW1KQMk>","plugin-source/v10-source-restoration/YHD6B3jthayZBFfLsaY/DB9OkbjZMmmdyW1KQMk.cs","14"
"plugin-core","ClassDeclaration","YHD6B3jthayZBFfLsaY.DB9OkbjZMmmdyW1KQMk._003C_003Ec__DisplayClass18_0","YHD6B3jthayZBFfLsaY","private sealed","","plugin-source/v10-source-restoration/YHD6B3jthayZBFfLsaY/DB9OkbjZMmmdyW1KQMk.cs","16"
"plugin-core","ClassDeclaration","YHD6B3jthayZBFfLsaY.DB9OkbjZMmmdyW1KQMk._003C_003Ec__DisplayClass18_1","YHD6B3jthayZBFfLsaY","private sealed","","plugin-source/v10-source-restoration/YHD6B3jthayZBFfLsaY/DB9OkbjZMmmdyW1KQMk.cs","47"
"plugin-core","ClassDeclaration","YHD6B3jthayZBFfLsaY.DB9OkbjZMmmdyW1KQMk._003C_003Ec__DisplayClass18_2","YHD6B3jthayZBFfLsaY","private sealed","","plugin-source/v10-source-restoration/YHD6B3jthayZBFfLsaY/DB9OkbjZMmmdyW1KQMk.cs","74"
"plugin-core","ClassDeclaration","YiLFP4xGOZy9p4dVlP.qWJBSr1mUIDAkQ6sSS","YiLFP4xGOZy9p4dVlP","internal","Singleton<qWJBSr1mUIDAkQ6sSS>","plugin-source/v10-source-restoration/YiLFP4xGOZy9p4dVlP/qWJBSr1mUIDAkQ6sSS.cs","14"
"plugin-core","ClassDeclaration","YOheREbBnDq6LvvWZEr.BpcEfFbiGBBV3s2B0ai","YOheREbBnDq6LvvWZEr","internal","Singleton<BpcEfFbiGBBV3s2B0ai>","plugin-source/v10-source-restoration/YOheREbBnDq6LvvWZEr/BpcEfFbiGBBV3s2B0ai.cs","14"
"plugin-core","ClassDeclaration","YOheREbBnDq6LvvWZEr.BpcEfFbiGBBV3s2B0ai._003C_003Ec__DisplayClass22_0","YOheREbBnDq6LvvWZEr","private sealed","","plugin-source/v10-source-restoration/YOheREbBnDq6LvvWZEr/BpcEfFbiGBBV3s2B0ai.cs","16"
"plugin-core","ClassDeclaration","yopQYJj0MvaHRRJcMLp.pGS3mljky49pI9pArc9","yopQYJj0MvaHRRJcMLp","internal","Singleton<pGS3mljky49pI9pArc9>","plugin-source/v10-source-restoration/yopQYJj0MvaHRRJcMLp/pGS3mljky49pI9pArc9.cs","10"
"plugin-core","ClassDeclaration","zA970iRwZCxW0g6uljn.U8hGTORuviqLJbXPJ0Y","zA970iRwZCxW0g6uljn","internal","Singleton<U8hGTORuviqLJbXPJ0Y>","plugin-source/v10-source-restoration/zA970iRwZCxW0g6uljn/U8hGTORuviqLJbXPJ0Y.cs","11"
"plugin-core","ClassDeclaration","zA970iRwZCxW0g6uljn.U8hGTORuviqLJbXPJ0Y._003C_003Ec__DisplayClass10_0","zA970iRwZCxW0g6uljn","private sealed","","plugin-source/v10-source-restoration/zA970iRwZCxW0g6uljn/U8hGTORuviqLJbXPJ0Y.cs","13"
"plugin-core","ClassDeclaration","zA970iRwZCxW0g6uljn.U8hGTORuviqLJbXPJ0Y._003C_003Ec__DisplayClass11_0","zA970iRwZCxW0g6uljn","private sealed","","plugin-source/v10-source-restoration/zA970iRwZCxW0g6uljn/U8hGTORuviqLJbXPJ0Y.cs","38"
"plugin-core","ClassDeclaration","zA970iRwZCxW0g6uljn.U8hGTORuviqLJbXPJ0Y._003C_003Ec__DisplayClass12_0","zA970iRwZCxW0g6uljn","private sealed","","plugin-source/v10-source-restoration/zA970iRwZCxW0g6uljn/U8hGTORuviqLJbXPJ0Y.cs","63"
"plugin-core","ClassDeclaration","zA970iRwZCxW0g6uljn.U8hGTORuviqLJbXPJ0Y._003C_003Ec__DisplayClass13_0","zA970iRwZCxW0g6uljn","private sealed","","plugin-source/v10-source-restoration/zA970iRwZCxW0g6uljn/U8hGTORuviqLJbXPJ0Y.cs","88"
"plugin-core","ClassDeclaration","zA970iRwZCxW0g6uljn.U8hGTORuviqLJbXPJ0Y._003C_003Ec__DisplayClass7_0","zA970iRwZCxW0g6uljn","private sealed","","plugin-source/v10-source-restoration/zA970iRwZCxW0g6uljn/U8hGTORuviqLJbXPJ0Y.cs","113"
"plugin-core","ClassDeclaration","zA970iRwZCxW0g6uljn.U8hGTORuviqLJbXPJ0Y._003C_003Ec__DisplayClass9_0","zA970iRwZCxW0g6uljn","private sealed","","plugin-source/v10-source-restoration/zA970iRwZCxW0g6uljn/U8hGTORuviqLJbXPJ0Y.cs","138"
"plugin-core","ClassDeclaration","中州论道存档类","","public","","plugin-source/v10-source-restoration/中州论道存档类.cs","4"
"plugin-core","ClassDeclaration","乾坤袋数据类","","public","","plugin-source/v10-source-restoration/乾坤袋数据类.cs","3"
"plugin-core","ClassDeclaration","人物基础数据类","","public","","plugin-source/v10-source-restoration/人物基础数据类.cs","3"
"plugin-core","ClassDeclaration","人物属性数据类","","public","","plugin-source/v10-source-restoration/人物属性数据类.cs","3"
"plugin-core","ClassDeclaration","人物技能数据类","","public","","plugin-source/v10-source-restoration/人物技能数据类.cs","4"
"plugin-core","ClassDeclaration","人物缓存数据类","","public","","plugin-source/v10-source-restoration/人物缓存数据类.cs","7"
"plugin-core","ClassDeclaration","人物背包数据类","","public","","plugin-source/v10-source-restoration/人物背包数据类.cs","4"
"plugin-core","ClassDeclaration","人物队伍数据类","","public","","plugin-source/v10-source-restoration/人物队伍数据类.cs","4"
"plugin-core","ClassDeclaration","元神存档类","","public","","plugin-source/v10-source-restoration/元神存档类.cs","4"
"plugin-core","ClassDeclaration","全局变量类","","public","Singleton<全局变量类>","plugin-source/v10-source-restoration/全局变量类.cs","71"
"plugin-core","ClassDeclaration","六道轮回存档数据类","","public","","plugin-source/v10-source-restoration/六道轮回存档数据类.cs","3"
"plugin-core","ClassDeclaration","召唤数据类","","public","","plugin-source/v10-source-restoration/召唤数据类.cs","4"
"plugin-core","ClassDeclaration","后台验证交互类","","public","Singleton<后台验证交互类>; INetworkHandle","plugin-source/v10-source-restoration/后台验证交互类.cs","6"
"plugin-core","ClassDeclaration","奇宝斋存档类","","public","","plugin-source/v10-source-restoration/奇宝斋存档类.cs","3"
"plugin-core","ClassDeclaration","妖族化形功能","","public","Singleton<妖族化形功能>","plugin-source/v10-source-restoration/妖族化形功能.cs","8"
"plugin-core","ClassDeclaration","妖族化形数据类","","public","","plugin-source/v10-source-restoration/妖族化形数据类.cs","3"
"plugin-core","ClassDeclaration","娃娃缓存数据类","","public","","plugin-source/v10-source-restoration/娃娃缓存数据类.cs","4"
"plugin-core","ClassDeclaration","宠物同源数据类","","public","","plugin-source/v10-source-restoration/宠物同源数据类.cs","3"
"plugin-core","ClassDeclaration","宠物存档数据类","","public","","plugin-source/v10-source-restoration/宠物存档数据类.cs","4"
"plugin-core","ClassDeclaration","宠物缓存数据类","","public","","plugin-source/v10-source-restoration/宠物缓存数据类.cs","5"
"plugin-core","ClassDeclaration","宠物转生数据类","","public","","plugin-source/v10-source-restoration/宠物转生数据类.cs","3"
"plugin-core","StructDeclaration","属性数据","","public","","plugin-source/v10-source-restoration/属性数据.cs","3"
"plugin-core","StructDeclaration","属性缓存数据类","","public","","plugin-source/v10-source-restoration/属性缓存数据类.cs","1"
"plugin-core","ClassDeclaration","异兽录存档数据类","","public","","plugin-source/v10-source-restoration/异兽录存档数据类.cs","5"
"plugin-core","ClassDeclaration","异兽录数据类","","public","","plugin-source/v10-source-restoration/异兽录数据类.cs","3"
"plugin-core","ClassDeclaration","打开摊位数据类","","public","","plugin-source/v10-source-restoration/打开摊位数据类.cs","3"
"plugin-core","ClassDeclaration","挑战BOSS数据类","","public","","plugin-source/v10-source-restoration/挑战BOSS数据类.cs","3"
"plugin-core","ClassDeclaration","接收数据响应处理类","","public","Singleton<接收数据响应处理类>","plugin-source/v10-source-restoration/接收数据响应处理类.cs","31"
"plugin-core","ClassDeclaration","接收数据响应处理类._003C_003Ec__DisplayClass0_0","","private sealed","","plugin-source/v10-source-restoration/接收数据响应处理类.cs","33"
"plugin-core","ClassDeclaration","接收数据响应处理类._003C_003Ec__DisplayClass15_0","","private sealed","","plugin-source/v10-source-restoration/接收数据响应处理类.cs","54"
"plugin-core","ClassDeclaration","接收数据响应处理类._003C_003Ec__DisplayClass18_0","","private sealed","","plugin-source/v10-source-restoration/接收数据响应处理类.cs","81"
"plugin-core","ClassDeclaration","接收数据响应处理类._003C_003Ec__DisplayClass5_0","","private sealed","","plugin-source/v10-source-restoration/接收数据响应处理类.cs","102"
"plugin-core","ClassDeclaration","接收数据响应处理类._003C_003Ec__DisplayClass6_0","","private sealed","","plugin-source/v10-source-restoration/接收数据响应处理类.cs","123"
"plugin-core","ClassDeclaration","接收数据响应处理类._003C_003Ec__DisplayClass8_0","","private sealed","","plugin-source/v10-source-restoration/接收数据响应处理类.cs","144"
"plugin-core","ClassDeclaration","推荐拉人数据类","","public","","plugin-source/v10-source-restoration/推荐拉人数据类.cs","3"
"plugin-core","ClassDeclaration","支付数据类","","public","","plugin-source/v10-source-restoration/支付数据类.cs","3"
"plugin-core","ClassDeclaration","数据队列类","","public","","plugin-source/v10-source-restoration/数据队列类.cs","6"
"plugin-core","ClassDeclaration","无双圣榜数据类","","public","","plugin-source/v10-source-restoration/无双圣榜数据类.cs","3"
"plugin-core","ClassDeclaration","无双缓存数据类","","public","","plugin-source/v10-source-restoration/无双缓存数据类.cs","3"
"plugin-core","ClassDeclaration","日常存档类","","public","","plugin-source/v10-source-restoration/日常存档类.cs","3"
"plugin-core","ClassDeclaration","染色数据类","","public","","plugin-source/v10-source-restoration/染色数据类.cs","3"
"plugin-core","ClassDeclaration","洗炼属性缓存列表类","","public","","plugin-source/v10-source-restoration/洗炼属性缓存列表类.cs","3"
"plugin-core","ClassDeclaration","洗炼属性缓存数据类","","public","","plugin-source/v10-source-restoration/洗炼属性缓存数据类.cs","4"
"plugin-core","ClassDeclaration","浮生属性加护类","","public","","plugin-source/v10-source-restoration/浮生属性加护类.cs","3"
"plugin-core","ClassDeclaration","浮生录功能","","public","Singleton<浮生录功能>","plugin-source/v10-source-restoration/浮生录功能.cs","15"
"plugin-core","ClassDeclaration","浮生录功能._003C_003Ec__DisplayClass23_0","","private sealed","","plugin-source/v10-source-restoration/浮生录功能.cs","17"
"plugin-core","ClassDeclaration","浮生录功能._003C_003Ec__DisplayClass24_0","","private sealed","","plugin-source/v10-source-restoration/浮生录功能.cs","38"
"plugin-core","ClassDeclaration","浮生录功能._003C_003Ec__DisplayClass24_1","","private sealed","","plugin-source/v10-source-restoration/浮生录功能.cs","65"
"plugin-core","ClassDeclaration","浮生录功能._003C_003Ec__DisplayClass25_0","","private sealed","","plugin-source/v10-source-restoration/浮生录功能.cs","183"
"plugin-core","ClassDeclaration","浮生录功能._003C_003Ec__DisplayClass27_0","","private sealed","","plugin-source/v10-source-restoration/浮生录功能.cs","235"
"plugin-core","ClassDeclaration","浮生录功能._003C_003Ec__DisplayClass27_1","","private sealed","","plugin-source/v10-source-restoration/浮生录功能.cs","280"
"plugin-core","ClassDeclaration","浮生录功能._003C_003Ec__DisplayClass28_0","","private sealed","","plugin-source/v10-source-restoration/浮生录功能.cs","409"
"plugin-core","ClassDeclaration","浮生录功能._003C_003Ec__DisplayClass28_1","","private sealed","","plugin-source/v10-source-restoration/浮生录功能.cs","456"
"plugin-core","ClassDeclaration","浮生录化身列表类","","public","","plugin-source/v10-source-restoration/浮生录化身列表类.cs","3"
"plugin-core","ClassDeclaration","浮生录存档类","","public","","plugin-source/v10-source-restoration/浮生录存档类.cs","4"
"plugin-core","ClassDeclaration","浮生录数据类","","public","","plugin-source/v10-source-restoration/浮生录数据类.cs","3"
"plugin-core","ClassDeclaration","点卡存档类","","public","","plugin-source/v10-source-restoration/点卡存档类.cs","3"
"plugin-core","ClassDeclaration","燃眉之急任务类","","public","","plugin-source/v10-source-restoration/燃眉之急任务类.cs","3"
"plugin-core","ClassDeclaration","版本相关处理","","public","Singleton<版本相关处理>","plugin-source/v10-source-restoration/版本相关处理.cs","10"
"plugin-core","ClassDeclaration","物品信息类","","public","","plugin-source/v10-source-restoration/物品信息类.cs","8"
"plugin-core","ClassDeclaration","砍尾怪物数据","","public","","plugin-source/v10-source-restoration/砍尾怪物数据.cs","3"
"plugin-core","ClassDeclaration","等级道行检测功能","","public","Singleton<等级道行检测功能>","plugin-source/v10-source-restoration/等级道行检测功能.cs","9"
"plugin-core","ClassDeclaration","签到存档类","","public","","plugin-source/v10-source-restoration/签到存档类.cs","3"
"plugin-core","ClassDeclaration","精炼存档类","","public","","plugin-source/v10-source-restoration/精炼存档类.cs","4"
"plugin-core","ClassDeclaration","融丹存档类","","public","","plugin-source/v10-source-restoration/融丹存档类.cs","3"
"plugin-core","ClassDeclaration","角色存档数据类","","public","","plugin-source/v10-source-restoration/角色存档数据类.cs","5"
"plugin-core","ClassDeclaration","角色数据类","","public","","plugin-source/v10-source-restoration/角色数据类.cs","3"
"plugin-core","ClassDeclaration","请求数据响应处理类","","public","Singleton<请求数据响应处理类>","plugin-source/v10-source-restoration/请求数据响应处理类.cs","33"
"plugin-core","ClassDeclaration","请求数据响应处理类._003C_003Ec__DisplayClass0_0","","private sealed","","plugin-source/v10-source-restoration/请求数据响应处理类.cs","35"
"plugin-core","ClassDeclaration","请求数据响应处理类._003C_003Ec__DisplayClass0_1","","private sealed","","plugin-source/v10-source-restoration/请求数据响应处理类.cs","56"
"plugin-core","ClassDeclaration","请求数据响应处理类._003C_003Ec__DisplayClass3_0","","private sealed","","plugin-source/v10-source-restoration/请求数据响应处理类.cs","77"
"plugin-core","ClassDeclaration","超级NPC功能","","public","Singleton<超级NPC功能>","plugin-source/v10-source-restoration/超级NPC功能.cs","11"
"plugin-core","ClassDeclaration","超级NPC功能._003C_003Ec__DisplayClass6_0","","private sealed","","plugin-source/v10-source-restoration/超级NPC功能.cs","13"
"plugin-core","ClassDeclaration","超级道具数据类","","public","","plugin-source/v10-source-restoration/超级道具数据类.cs","3"
"plugin-core","ClassDeclaration","轮回转世属性存档","","public","","plugin-source/v10-source-restoration/轮回转世属性存档.cs","3"
"plugin-core","ClassDeclaration","轮回转世数据类","","public","","plugin-source/v10-source-restoration/轮回转世数据类.cs","3"
"plugin-core","ClassDeclaration","队伍成员数据类","","public","","plugin-source/v10-source-restoration/队伍成员数据类.cs","3"
"plugin-core","ClassDeclaration","限时属性类","","public","","plugin-source/v10-source-restoration/限时属性类.cs","3"
"plugin-core","ClassDeclaration","限购商城数据类","","public","","plugin-source/v10-source-restoration/限购商城数据类.cs","3"
"plugin-model","ClassDeclaration","AllEnums","","public","Singleton<AllEnums>","plugin-source/v10-source-restoration-lk/AllEnums.cs","1"
"plugin-model","EnumDeclaration","AllEnums.后台通信类型","","public","","plugin-source/v10-source-restoration-lk/AllEnums.cs","3"
"plugin-model","EnumDeclaration","AllEnums.验证枚举","","public","","plugin-source/v10-source-restoration-lk/AllEnums.cs","82"
"plugin-model","EnumDeclaration","AllEnums.请求包头枚举","","public","","plugin-source/v10-source-restoration-lk/AllEnums.cs","93"
"plugin-model","EnumDeclaration","AllEnums.接收包头枚举","","public","","plugin-source/v10-source-restoration-lk/AllEnums.cs","210"
"plugin-model","EnumDeclaration","AllEnums.属性Type","","public","","plugin-source/v10-source-restoration-lk/AllEnums.cs","320"
"plugin-model","EnumDeclaration","AllEnums.数值Type","","public","","plugin-source/v10-source-restoration-lk/AllEnums.cs","378"
"plugin-model","EnumDeclaration","AllEnums.指令Type","","public","","plugin-source/v10-source-restoration-lk/AllEnums.cs","404"
"plugin-model","EnumDeclaration","AllEnums.上线牌面Type","","public","","plugin-source/v10-source-restoration-lk/AllEnums.cs","569"
"plugin-model","EnumDeclaration","AllEnums.CdkType","","public","","plugin-source/v10-source-restoration-lk/AllEnums.cs","578"
"plugin-model","EnumDeclaration","AllEnums.频道Type","","public","","plugin-source/v10-source-restoration-lk/AllEnums.cs","593"
"plugin-model","EnumDeclaration","AllEnums.宠物Type","","public","","plugin-source/v10-source-restoration-lk/AllEnums.cs","612"
"plugin-model","EnumDeclaration","AllEnums.任务Type","","public","","plugin-source/v10-source-restoration-lk/AllEnums.cs","622"
"plugin-model","EnumDeclaration","AllEnums.轮回Type","","public","","plugin-source/v10-source-restoration-lk/AllEnums.cs","640"
"plugin-model","EnumDeclaration","AllEnums.六道Type","","public","","plugin-source/v10-source-restoration-lk/AllEnums.cs","648"
"plugin-model","EnumDeclaration","AllEnums.化身分类","","public","","plugin-source/v10-source-restoration-lk/AllEnums.cs","658"
"plugin-model","EnumDeclaration","AllEnums.化身星级","","public","","plugin-source/v10-source-restoration-lk/AllEnums.cs","667"
"plugin-model","EnumDeclaration","AllEnums.圣无双Type","","public","","plugin-source/v10-source-restoration-lk/AllEnums.cs","676"
"plugin-model","EnumDeclaration","AllEnums.奖品Type","","public","","plugin-source/v10-source-restoration-lk/AllEnums.cs","683"
"plugin-model","EnumDeclaration","AllEnums.荣丹Type","","public","","plugin-source/v10-source-restoration-lk/AllEnums.cs","692"
"plugin-model","EnumDeclaration","AllEnums.五行Type","","public","","plugin-source/v10-source-restoration-lk/AllEnums.cs","702"
"plugin-model","EnumDeclaration","AllEnums.门派Type","","public","","plugin-source/v10-source-restoration-lk/AllEnums.cs","712"
"plugin-model","EnumDeclaration","AllEnums.性别Type","","public","","plugin-source/v10-source-restoration-lk/AllEnums.cs","722"
"plugin-model","EnumDeclaration","AllEnums.新旧Type","","public","","plugin-source/v10-source-restoration-lk/AllEnums.cs","729"
"plugin-model","EnumDeclaration","AllEnums.燃眉任务级别","","public","","plugin-source/v10-source-restoration-lk/AllEnums.cs","736"
"plugin-model","EnumDeclaration","AllEnums.功能NPCID","","public","","plugin-source/v10-source-restoration-lk/AllEnums.cs","744"
"plugin-model","EnumDeclaration","AllEnums.宠物成长Type","","public","","plugin-source/v10-source-restoration-lk/AllEnums.cs","761"
"plugin-model","EnumDeclaration","AllEnums.异兽Type","","public","","plugin-source/v10-source-restoration-lk/AllEnums.cs","771"
"plugin-model","EnumDeclaration","AllEnums.装备Type","","public","","plugin-source/v10-source-restoration-lk/AllEnums.cs","780"
"plugin-model","EnumDeclaration","AllEnums.Equip类型","","public","","plugin-source/v10-source-restoration-lk/AllEnums.cs","792"
"plugin-model","EnumDeclaration","AllEnums.穿戴格子Type","","public","","plugin-source/v10-source-restoration-lk/AllEnums.cs","814"
"plugin-model","EnumDeclaration","AllEnums.属性类别","","public","","plugin-source/v10-source-restoration-lk/AllEnums.cs","837"
"plugin-model","EnumDeclaration","AllEnums.颜色Type","","public","","plugin-source/v10-source-restoration-lk/AllEnums.cs","850"
"plugin-model","EnumDeclaration","AllEnums.属性颜色Type","","public","","plugin-source/v10-source-restoration-lk/AllEnums.cs","859"
"plugin-model","EnumDeclaration","AllEnums.洗炼属性Type","","public","","plugin-source/v10-source-restoration-lk/AllEnums.cs","869"
"plugin-model","EnumDeclaration","AllEnums.数据库属性Type","","public","","plugin-source/v10-source-restoration-lk/AllEnums.cs","988"
"plugin-model","EnumDeclaration","AllEnums.朝向Type","","public","","plugin-source/v10-source-restoration-lk/AllEnums.cs","1093"
"plugin-model","EnumDeclaration","AllEnums.妖族Type","","public","","plugin-source/v10-source-restoration-lk/AllEnums.cs","1105"
"plugin-model","EnumDeclaration","AllEnums.绑定Type","","public","","plugin-source/v10-source-restoration-lk/AllEnums.cs","1114"
"plugin-model","EnumDeclaration","AllEnums.召唤材料Type","","public","","plugin-source/v10-source-restoration-lk/AllEnums.cs","1121"
"plugin-model","EnumDeclaration","AllEnums.属性名字Type","","public","","plugin-source/v10-source-restoration-lk/AllEnums.cs","1137"
"plugin-model","EnumDeclaration","AllEnums.属性标识Type","","public","","plugin-source/v10-source-restoration-lk/AllEnums.cs","1282"
"plugin-model","EnumDeclaration","AllEnums.大写Type","","public","","plugin-source/v10-source-restoration-lk/AllEnums.cs","1422"
"plugin-model","EnumDeclaration","AllEnums.物品重组Tpye","","public","","plugin-source/v10-source-restoration-lk/AllEnums.cs","1437"
"plugin-model","EnumDeclaration","AllEnums.精炼属性Type","","public","","plugin-source/v10-source-restoration-lk/AllEnums.cs","1445"
"plugin-model","EnumDeclaration","AllEnums.发送数据Type","","public","","plugin-source/v10-source-restoration-lk/AllEnums.cs","1456"
"plugin-model","EnumDeclaration","AllEnums.特效类型Type","","public","","plugin-source/v10-source-restoration-lk/AllEnums.cs","1472"
"plugin-model","EnumDeclaration","AllEnums.日常类型Type","","public","","plugin-source/v10-source-restoration-lk/AllEnums.cs","1581"
"plugin-model","EnumDeclaration","AllEnums.任务星级Type","","public","","plugin-source/v10-source-restoration-lk/AllEnums.cs","1599"
"plugin-model","EnumDeclaration","AllEnums.技能品阶Type","","public","","plugin-source/v10-source-restoration-lk/AllEnums.cs","1607"
"plugin-model","EnumDeclaration","AllEnums.元神境界","","public","","plugin-source/v10-source-restoration-lk/AllEnums.cs","1632"
"plugin-model","EnumDeclaration","AllEnums.真灵境界","","public","","plugin-source/v10-source-restoration-lk/AllEnums.cs","1647"
"plugin-model","EnumDeclaration","AllEnums.项目类型","","public","","plugin-source/v10-source-restoration-lk/AllEnums.cs","1661"
"plugin-model","EnumDeclaration","AllEnums.支付类型","","public","","plugin-source/v10-source-restoration-lk/AllEnums.cs","1672"
"plugin-model","EnumDeclaration","AllEnums.支付类型名字","","public","","plugin-source/v10-source-restoration-lk/AllEnums.cs","1686"
"plugin-model","EnumDeclaration","AllEnums.菜单操作类型","","public","","plugin-source/v10-source-restoration-lk/AllEnums.cs","1700"
"plugin-model","ClassDeclaration","BOSS掉落类","","public","","plugin-source/v10-source-restoration-lk/BOSS掉落类.cs","1"
"plugin-model","ClassDeclaration","ByteAPI","","public","Singleton<ByteAPI>","plugin-source/v10-source-restoration-lk/ByteAPI.cs","8"
"plugin-model","ClassDeclaration","CDK信息类","","public","","plugin-source/v10-source-restoration-lk/CDK信息类.cs","1"
"plugin-model","ClassDeclaration","CDK数据类","","public","","plugin-source/v10-source-restoration-lk/CDK数据类.cs","1"
"plugin-model","ClassDeclaration","MainConfig","","public","","plugin-source/v10-source-restoration-lk/MainConfig.cs","1"
"plugin-model","ClassDeclaration","MyCmd","","public abstract","","plugin-source/v10-source-restoration-lk/MyCmd.cs","1"
"plugin-model","ClassDeclaration","MyWgClientInfo","","public","","plugin-source/v10-source-restoration-lk/MyWgClientInfo.cs","1"
"plugin-model","ClassDeclaration","MyWgInfo","","public","","plugin-source/v10-source-restoration-lk/MyWgInfo.cs","3"
"plugin-model","ClassDeclaration","MyWgList","","public","","plugin-source/v10-source-restoration-lk/MyWgList.cs","1"
"plugin-model","ClassDeclaration","NPC信息类","","public","","plugin-source/v10-source-restoration-lk/NPC信息类.cs","1"
"plugin-model","ClassDeclaration","NPC数据类","","public","","plugin-source/v10-source-restoration-lk/NPC数据类.cs","1"
"plugin-model","ClassDeclaration","PayConfig","","public","","plugin-source/v10-source-restoration-lk/PayConfig.cs","1"
"plugin-model","ClassDeclaration","Singleton","","public","","plugin-source/v10-source-restoration-lk/Singleton.cs","1"
"plugin-model","ClassDeclaration","Tools","","public static","","plugin-source/v10-source-restoration-lk/Tools.cs","4"
"plugin-model","ClassDeclaration","一键大飞配置类","","public","","plugin-source/v10-source-restoration-lk/一键大飞配置类.cs","1"
"plugin-model","ClassDeclaration","元神全服突破境界奖励类","","public","","plugin-source/v10-source-restoration-lk/元神全服突破境界奖励类.cs","1"
"plugin-model","ClassDeclaration","元神境界加成类","","public","","plugin-source/v10-source-restoration-lk/元神境界加成类.cs","1"
"plugin-model","ClassDeclaration","元神境界配置类","","public","","plugin-source/v10-source-restoration-lk/元神境界配置类.cs","3"
"plugin-model","ClassDeclaration","元神特效配置类","","public","","plugin-source/v10-source-restoration-lk/元神特效配置类.cs","1"
"plugin-model","ClassDeclaration","元神突破特殊需求类","","public","","plugin-source/v10-source-restoration-lk/元神突破特殊需求类.cs","1"
"plugin-model","ClassDeclaration","元神系统配置类","","public","","plugin-source/v10-source-restoration-lk/元神系统配置类.cs","3"
"plugin-model","ClassDeclaration","全局常量类","","public static","","plugin-source/v10-source-restoration-lk/全局常量类.cs","4"
"plugin-model","ClassDeclaration","全服共享存档数据类","","public","","plugin-source/v10-source-restoration-lk/全服共享存档数据类.cs","3"
"plugin-model","ClassDeclaration","六道轮回列表类","","public","","plugin-source/v10-source-restoration-lk/六道轮回列表类.cs","1"
"plugin-model","ClassDeclaration","六道轮回配置类","","public","","plugin-source/v10-source-restoration-lk/六道轮回配置类.cs","1"
"plugin-model","ClassDeclaration","内充抽奖类","","public","","plugin-source/v10-source-restoration-lk/内充抽奖类.cs","1"
"plugin-model","ClassDeclaration","内充支付配置类","","public","","plugin-source/v10-source-restoration-lk/内充支付配置类.cs","4"
"plugin-model","ClassDeclaration","分解详情配置类","","public","","plugin-source/v10-source-restoration-lk/分解详情配置类.cs","1"
"plugin-model","ClassDeclaration","功能授权类","","public","","plugin-source/v10-source-restoration-lk/功能授权类.cs","3"
"plugin-model","ClassDeclaration","升级奖励列表类","","public","","plugin-source/v10-source-restoration-lk/升级奖励列表类.cs","1"
"plugin-model","ClassDeclaration","升级奖励配置类","","public","","plugin-source/v10-source-restoration-lk/升级奖励配置类.cs","3"
"plugin-model","ClassDeclaration","升阶需求类","","public","","plugin-source/v10-source-restoration-lk/升阶需求类.cs","1"
"plugin-model","ClassDeclaration","南极抽奖物品类","","public","","plugin-source/v10-source-restoration-lk/南极抽奖物品类.cs","1"
"plugin-model","ClassDeclaration","南极配置类","","public","","plugin-source/v10-source-restoration-lk/南极配置类.cs","3"
"plugin-model","ClassDeclaration","发送物品数据类","","public","","plugin-source/v10-source-restoration-lk/发送物品数据类.cs","1"
"plugin-model","ClassDeclaration","召唤精怪列表类","","public","IComparable","plugin-source/v10-source-restoration-lk/召唤精怪列表类.cs","3"
"plugin-model","ClassDeclaration","召唤精怪配置类","","public","","plugin-source/v10-source-restoration-lk/召唤精怪配置类.cs","4"
"plugin-model","ClassDeclaration","可发货物品列表类","","public","IComparable","plugin-source/v10-source-restoration-lk/可发货物品列表类.cs","3"
"plugin-model","ClassDeclaration","合区记录列表","","public","","plugin-source/v10-source-restoration-lk/合区记录列表.cs","1"
"plugin-model","ClassDeclaration","合区记录配置表","","public","","plugin-source/v10-source-restoration-lk/合区记录配置表.cs","3"
"plugin-model","ClassDeclaration","同源类型配置类","","public","","plugin-source/v10-source-restoration-lk/同源类型配置类.cs","1"
"plugin-model","ClassDeclaration","商城数据类","","public","","plugin-source/v10-source-restoration-lk/商城数据类.cs","3"
"plugin-model","ClassDeclaration","商城限购配置类","","public","","plugin-source/v10-source-restoration-lk/商城限购配置类.cs","3"
"plugin-model","ClassDeclaration","喊话限制配置类","","public","","plugin-source/v10-source-restoration-lk/喊话限制配置类.cs","3"
"plugin-model","ClassDeclaration","圣无双排行榜数据类","","public","","plugin-source/v10-source-restoration-lk/圣无双排行榜数据类.cs","1"
"plugin-model","ClassDeclaration","圣无双配置类","","public","","plugin-source/v10-source-restoration-lk/圣无双配置类.cs","3"
"plugin-model","ClassDeclaration","在线奖池配置类","","public","IComparable","plugin-source/v10-source-restoration-lk/在线奖池配置类.cs","3"
"plugin-model","ClassDeclaration","在线抽奖配置类","","public","","plugin-source/v10-source-restoration-lk/在线抽奖配置类.cs","3"
"plugin-model","ClassDeclaration","在线泡点配置类","","public","","plugin-source/v10-source-restoration-lk/在线泡点配置类.cs","1"
"plugin-model","ClassDeclaration","地图限制列表类","","public","","plugin-source/v10-source-restoration-lk/地图限制列表类.cs","1"
"plugin-model","ClassDeclaration","地府商城物品类","","public","","plugin-source/v10-source-restoration-lk/地府商城物品类.cs","1"
"plugin-model","ClassDeclaration","地府商城配置类","","public","","plugin-source/v10-source-restoration-lk/地府商城配置类.cs","3"
"plugin-model","ClassDeclaration","地府购买存档类","","public","","plugin-source/v10-source-restoration-lk/地府购买存档类.cs","1"
"plugin-model","ClassDeclaration","坐标类","","public","","plugin-source/v10-source-restoration-lk/坐标类.cs","1"
"plugin-model","ClassDeclaration","天机神算配置类","","public","","plugin-source/v10-source-restoration-lk/天机神算配置类.cs","3"
"plugin-model","ClassDeclaration","奇宝斋数据类","","public","IComparable","plugin-source/v10-source-restoration-lk/奇宝斋数据类.cs","3"
"plugin-model","ClassDeclaration","奇宝斋配置类","","public","","plugin-source/v10-source-restoration-lk/奇宝斋配置类.cs","3"
"plugin-model","ClassDeclaration","妖族化形配置类","","public","","plugin-source/v10-source-restoration-lk/妖族化形配置类.cs","1"
"plugin-model","ClassDeclaration","娃娃技能列表类","","public","","plugin-source/v10-source-restoration-lk/娃娃技能列表类.cs","1"
"plugin-model","ClassDeclaration","娃娃配置类","","public","","plugin-source/v10-source-restoration-lk/娃娃配置类.cs","3"
"plugin-model","ClassDeclaration","守护配置类","","public","","plugin-source/v10-source-restoration-lk/守护配置类.cs","1"
"plugin-model","ClassDeclaration","宠物召唤配置类","","public","","plugin-source/v10-source-restoration-lk/宠物召唤配置类.cs","1"
"plugin-model","ClassDeclaration","宠物同源配置类","","public","","plugin-source/v10-source-restoration-lk/宠物同源配置类.cs","1"
"plugin-model","ClassDeclaration","宠物突破配置类","","public","","plugin-source/v10-source-restoration-lk/宠物突破配置类.cs","3"
"plugin-model","ClassDeclaration","宠物绑定配置类","","public","","plugin-source/v10-source-restoration-lk/宠物绑定配置类.cs","3"
"plugin-model","ClassDeclaration","宠物转生列表类","","public","","plugin-source/v10-source-restoration-lk/宠物转生列表类.cs","1"
"plugin-model","ClassDeclaration","宠物转生配置类","","public","","plugin-source/v10-source-restoration-lk/宠物转生配置类.cs","3"
"plugin-model","ClassDeclaration","富豪榜排行数据类","","public","IComparable","plugin-source/v10-source-restoration-lk/富豪榜排行数据类.cs","3"
"plugin-model","ClassDeclaration","封包_写","","public","MemoryStream","plugin-source/v10-source-restoration-lk/封包_写.cs","5"
"plugin-model","ClassDeclaration","封包_读","","public","MemoryStream","plugin-source/v10-source-restoration-lk/封包_读.cs","5"
"plugin-model","ClassDeclaration","属性洗炼配置类","","public","","plugin-source/v10-source-restoration-lk/属性洗炼配置类.cs","3"
"plugin-model","ClassDeclaration","异兽录图鉴列表类","","public","","plugin-source/v10-source-restoration-lk/异兽录图鉴列表类.cs","1"
"plugin-model","ClassDeclaration","异兽录配置类","","public","","plugin-source/v10-source-restoration-lk/异兽录配置类.cs","3"
"plugin-model","ClassDeclaration","引灵幡属性列表类","","public","","plugin-source/v10-source-restoration-lk/引灵幡属性列表类.cs","3"
"plugin-model","ClassDeclaration","心法升级配置类","","public","","plugin-source/v10-source-restoration-lk/心法升级配置类.cs","1"
"plugin-model","ClassDeclaration","怀旧专区配置类","","public","","plugin-source/v10-source-restoration-lk/怀旧专区配置类.cs","1"
"plugin-model","ClassDeclaration","技能详细数据类","","public","","plugin-source/v10-source-restoration-lk/技能详细数据类.cs","1"
"plugin-model","ClassDeclaration","抽奖奖品数据类","","public","","plugin-source/v10-source-restoration-lk/抽奖奖品数据类.cs","1"
"plugin-model","ClassDeclaration","指定会员配置类","","public","","plugin-source/v10-source-restoration-lk/指定会员配置类.cs","1"
"plugin-model","ClassDeclaration","挑战BOSS列表类","","public","","plugin-source/v10-source-restoration-lk/挑战BOSS列表类.cs","3"
"plugin-model","ClassDeclaration","挑战BOSS配置类","","public","","plugin-source/v10-source-restoration-lk/挑战BOSS配置类.cs","3"
"plugin-model","ClassDeclaration","推荐拉人配置类","","public","","plugin-source/v10-source-restoration-lk/推荐拉人配置类.cs","1"
"plugin-model","ClassDeclaration","摆摊配置类","","public","","plugin-source/v10-source-restoration-lk/摆摊配置类.cs","1"
"plugin-model","ClassDeclaration","数值存档类","","public","","plugin-source/v10-source-restoration-lk/数值存档类.cs","1"
"plugin-model","ClassDeclaration","无双圣榜存档类","","public","","plugin-source/v10-source-restoration-lk/无双圣榜存档类.cs","3"
"plugin-model","ClassDeclaration","日常奖励类","","public","","plugin-source/v10-source-restoration-lk/日常奖励类.cs","1"
"plugin-model","ClassDeclaration","日常配置类","","public","","plugin-source/v10-source-restoration-lk/日常配置类.cs","3"
"plugin-model","ClassDeclaration","日常配置详情类","","public","","plugin-source/v10-source-restoration-lk/日常配置详情类.cs","3"
"plugin-model","ClassDeclaration","时装坐姿数据列表类","","public","","plugin-source/v10-source-restoration-lk/时装坐姿数据列表类.cs","1"
"plugin-model","ClassDeclaration","时装坐姿染色配置类","","public","","plugin-source/v10-source-restoration-lk/时装坐姿染色配置类.cs","4"
"plugin-model","ClassDeclaration","智能怪物配置类","","public","","plugin-source/v10-source-restoration-lk/智能怪物配置类.cs","1"
"plugin-model","ClassDeclaration","本命法宝属性类","","public","","plugin-source/v10-source-restoration-lk/本命法宝属性类.cs","3"
"plugin-model","ClassDeclaration","染色坐姿数据列表类","","public","","plugin-source/v10-source-restoration-lk/染色坐姿数据列表类.cs","1"
"plugin-model","ClassDeclaration","法宝共生配置类","","public","","plugin-source/v10-source-restoration-lk/法宝共生配置类.cs","1"
"plugin-model","ClassDeclaration","注册信息","","public","","plugin-source/v10-source-restoration-lk/注册信息.cs","3"
"plugin-model","ClassDeclaration","洗炼属性数据类","","public","","plugin-source/v10-source-restoration-lk/洗炼属性数据类.cs","1"
"plugin-model","ClassDeclaration","洗炼装备配置类","","public","","plugin-source/v10-source-restoration-lk/洗炼装备配置类.cs","1"
"plugin-model","ClassDeclaration","活跃度奖励配置类","","public","IComparable","plugin-source/v10-source-restoration-lk/活跃度奖励配置类.cs","3"
"plugin-model","ClassDeclaration","活跃度配置类","","public","","plugin-source/v10-source-restoration-lk/活跃度配置类.cs","1"
"plugin-model","ClassDeclaration","浮生化身配置类","","public","","plugin-source/v10-source-restoration-lk/浮生化身配置类.cs","1"
"plugin-model","ClassDeclaration","浮生录配置类","","public","","plugin-source/v10-source-restoration-lk/浮生录配置类.cs","3"
"plugin-model","ClassDeclaration","灵幡附灵配置类","","public","","plugin-source/v10-source-restoration-lk/灵幡附灵配置类.cs","3"
"plugin-model","ClassDeclaration","点卡配置类","","public","","plugin-source/v10-source-restoration-lk/点卡配置类.cs","1"
"plugin-model","ClassDeclaration","燃眉配置类","","public","","plugin-source/v10-source-restoration-lk/燃眉配置类.cs","1"
"plugin-model","ClassDeclaration","特效列表类","","public","","plugin-source/v10-source-restoration-lk/特效列表类.cs","1"
"plugin-model","ClassDeclaration","特效配置类","","public","","plugin-source/v10-source-restoration-lk/特效配置类.cs","3"
"plugin-model","ClassDeclaration","狐狸和狗配置类","","public","","plugin-source/v10-source-restoration-lk/狐狸和狗配置类.cs","1"
"plugin-model","ClassDeclaration","百炼列表类","","public","IComparable","plugin-source/v10-source-restoration-lk/百炼列表类.cs","3"
"plugin-model","ClassDeclaration","百炼功能配置类","","public","","plugin-source/v10-source-restoration-lk/百炼功能配置类.cs","3"
"plugin-model","ClassDeclaration","百炼提交校验类","","public","","plugin-source/v10-source-restoration-lk/百炼提交校验类.cs","1"
"plugin-model","ClassDeclaration","盲盒奖励类","","public","IComparable","plugin-source/v10-source-restoration-lk/盲盒奖励类.cs","3"
"plugin-model","ClassDeclaration","盲盒配置类","","public","","plugin-source/v10-source-restoration-lk/盲盒配置类.cs","4"
"plugin-model","StructDeclaration","相性池","","public","","plugin-source/v10-source-restoration-lk/相性池.cs","1"
"plugin-model","ClassDeclaration","礼包开元宝配置类","","public","","plugin-source/v10-source-restoration-lk/礼包开元宝配置类.cs","3"
"plugin-model","ClassDeclaration","礼包飘屏配置类","","public","","plugin-source/v10-source-restoration-lk/礼包飘屏配置类.cs","3"
"plugin-model","ClassDeclaration","神算物品列表类","","public","","plugin-source/v10-source-restoration-lk/神算物品列表类.cs","1"
"plugin-model","ClassDeclaration","神级BOSS掉落类","","public","","plugin-source/v10-source-restoration-lk/神级BOSS掉落类.cs","1"
"plugin-model","ClassDeclaration","等级道行检测类","","public","","plugin-source/v10-source-restoration-lk/等级道行检测类.cs","1"
"plugin-model","ClassDeclaration","签到奖励类","","public","","plugin-source/v10-source-restoration-lk/签到奖励类.cs","1"
"plugin-model","ClassDeclaration","签到配置类","","public","","plugin-source/v10-source-restoration-lk/签到配置类.cs","1"
"plugin-model","ClassDeclaration","精炼属性数值类","","public","","plugin-source/v10-source-restoration-lk/精炼属性数值类.cs","4"
"plugin-model","ClassDeclaration","精炼属性条件类","","public","","plugin-source/v10-source-restoration-lk/精炼属性条件类.cs","1"
"plugin-model","ClassDeclaration","累充奖励列表类","","public","IComparable","plugin-source/v10-source-restoration-lk/累充奖励列表类.cs","4"
"plugin-model","ClassDeclaration","累充配置类","","public","","plugin-source/v10-source-restoration-lk/累充配置类.cs","3"
"plugin-model","ClassDeclaration","网关共享配置","","public","","plugin-source/v10-source-restoration-lk/网关共享配置.cs","1"
"plugin-model","ClassDeclaration","网关连接用户","","public","","plugin-source/v10-source-restoration-lk/网关连接用户.cs","1"
"plugin-model","ClassDeclaration","网关配置","","public","","plugin-source/v10-source-restoration-lk/网关配置.cs","1"
"plugin-model","ClassDeclaration","自助商店列表类","","public","","plugin-source/v10-source-restoration-lk/自助商店列表类.cs","3"
"plugin-model","ClassDeclaration","自助商店配置类","","public","","plugin-source/v10-source-restoration-lk/自助商店配置类.cs","3"
"plugin-model","ClassDeclaration","自定义宠物类","","public","","plugin-source/v10-source-restoration-lk/自定义宠物类.cs","3"
"plugin-model","ClassDeclaration","自选道具列表类","","public","","plugin-source/v10-source-restoration-lk/自选道具列表类.cs","1"
"plugin-model","ClassDeclaration","自选道具配置类","","public","","plugin-source/v10-source-restoration-lk/自选道具配置类.cs","3"
"plugin-model","ClassDeclaration","荣丹排行奖励类","","public","","plugin-source/v10-source-restoration-lk/荣丹排行奖励类.cs","1"
"plugin-model","ClassDeclaration","融丹奖池类","","public","IComparable","plugin-source/v10-source-restoration-lk/融丹奖池类.cs","3"
"plugin-model","ClassDeclaration","融丹排行榜","","public","IComparable","plugin-source/v10-source-restoration-lk/融丹排行榜.cs","3"
"plugin-model","ClassDeclaration","融丹配置类","","public","","plugin-source/v10-source-restoration-lk/融丹配置类.cs","3"
"plugin-model","ClassDeclaration","装备分解配置类","","public","","plugin-source/v10-source-restoration-lk/装备分解配置类.cs","3"
"plugin-model","ClassDeclaration","装备升阶配置类","","public","","plugin-source/v10-source-restoration-lk/装备升阶配置类.cs","3"
"plugin-model","ClassDeclaration","装备强化配置类","","public","","plugin-source/v10-source-restoration-lk/装备强化配置类.cs","3"
"plugin-model","ClassDeclaration","装备数据表","","public","","plugin-source/v10-source-restoration-lk/装备数据表.cs","3"
"plugin-model","ClassDeclaration","装备系统配置类","","public","","plugin-source/v10-source-restoration-lk/装备系统配置类.cs","3"
"plugin-model","ClassDeclaration","装备进化数值类","","public","","plugin-source/v10-source-restoration-lk/装备进化数值类.cs","1"
"plugin-model","ClassDeclaration","角色Info类","","public","","plugin-source/v10-source-restoration-lk/角色Info类.cs","1"
"plugin-model","ClassDeclaration","角色技能类","","public","","plugin-source/v10-source-restoration-lk/角色技能类.cs","1"
"plugin-model","ClassDeclaration","角色汇总类","","public","IComparable","plugin-source/v10-source-restoration-lk/角色汇总类.cs","3"
"plugin-model","ClassDeclaration","试道大会配置类","","public","","plugin-source/v10-source-restoration-lk/试道大会配置类.cs","1"
"plugin-model","ClassDeclaration","试道奖励类","","public","","plugin-source/v10-source-restoration-lk/试道奖励类.cs","1"
"plugin-model","ClassDeclaration","超级NPC传送类","","public","","plugin-source/v10-source-restoration-lk/超级NPC传送类.cs","1"
"plugin-model","ClassDeclaration","超级NPC列表类","","public","","plugin-source/v10-source-restoration-lk/超级NPC列表类.cs","3"
"plugin-model","ClassDeclaration","超级NPC配置类","","public","","plugin-source/v10-source-restoration-lk/超级NPC配置类.cs","3"
"plugin-model","ClassDeclaration","超级地图配置类","","public","","plugin-source/v10-source-restoration-lk/超级地图配置类.cs","3"
"plugin-model","ClassDeclaration","超级坐骑列表类","","public","","plugin-source/v10-source-restoration-lk/超级坐骑列表类.cs","1"
"plugin-model","ClassDeclaration","超级坐骑配置类","","public","","plugin-source/v10-source-restoration-lk/超级坐骑配置类.cs","3"
"plugin-model","ClassDeclaration","超级进化列表类","","public","","plugin-source/v10-source-restoration-lk/超级进化列表类.cs","1"
"plugin-model","ClassDeclaration","超级进化配置类","","public","","plugin-source/v10-source-restoration-lk/超级进化配置类.cs","3"
"plugin-model","ClassDeclaration","超级道具列表配置类","","public","","plugin-source/v10-source-restoration-lk/超级道具列表配置类.cs","3"
"plugin-model","ClassDeclaration","超级道具累计奖励类","","public","","plugin-source/v10-source-restoration-lk/超级道具累计奖励类.cs","1"
"plugin-model","ClassDeclaration","超级道具配置类","","public","","plugin-source/v10-source-restoration-lk/超级道具配置类.cs","3"
"plugin-model","ClassDeclaration","通天塔突破配置类","","public","","plugin-source/v10-source-restoration-lk/通天塔突破配置类.cs","3"
"plugin-model","ClassDeclaration","通用属性类","","public","","plugin-source/v10-source-restoration-lk/通用属性类.cs","1"
"plugin-model","ClassDeclaration","通用次数类","","public","","plugin-source/v10-source-restoration-lk/通用次数类.cs","1"
"plugin-model","ClassDeclaration","道具宠物回收配置类","","public","","plugin-source/v10-source-restoration-lk/道具宠物回收配置类.cs","3"
"plugin-model","ClassDeclaration","道具数据","","public","","plugin-source/v10-source-restoration-lk/道具数据.cs","1"
"plugin-model","ClassDeclaration","道具数据配置类","","public","","plugin-source/v10-source-restoration-lk/道具数据配置类.cs","3"
"plugin-model","ClassDeclaration","道宠回收数据类","","public","","plugin-source/v10-source-restoration-lk/道宠回收数据类.cs","1"
"plugin-model","ClassDeclaration","道行达标奖励配置类","","public","IComparable","plugin-source/v10-source-restoration-lk/道行达标奖励配置类.cs","3"
"plugin-model","ClassDeclaration","道行达标配置类","","public","","plugin-source/v10-source-restoration-lk/道行达标配置类.cs","3"
"plugin-model","ClassDeclaration","邮箱配置类","","public","","plugin-source/v10-source-restoration-lk/邮箱配置类.cs","1"
"plugin-model","ClassDeclaration","门派转换配置类","","public","","plugin-source/v10-source-restoration-lk/门派转换配置类.cs","1"
"plugin-model","ClassDeclaration","问道数据类","","public static","","plugin-source/v10-source-restoration-lk/问道数据类.cs","5"
"plugin-model","ClassDeclaration","首饰强化配置类","","public","","plugin-source/v10-source-restoration-lk/首饰强化配置类.cs","3"
"plugin-model","ClassDeclaration","首饰系统配置类","","public","","plugin-source/v10-source-restoration-lk/首饰系统配置类.cs","3"
"plugin-model","ClassDeclaration","鸿运当头配置类","","public","","plugin-source/v10-source-restoration-lk/鸿运当头配置类.cs","3"
"plugin-model","ClassDeclaration","鸿运物品列表类","","public","","plugin-source/v10-source-restoration-lk/鸿运物品列表类.cs","3"
"plugin-model","ClassDeclaration","黑名单记录类","","public","","plugin-source/v10-source-restoration-lk/黑名单记录类.cs","3"
"plugin-model","ClassDeclaration","龙血BOSS配置类","","public","","plugin-source/v10-source-restoration-lk/龙血BOSS配置类.cs","3"
"admin","ClassDeclaration","Config","","public","","admin-source/current/Config.cs","1"
"admin","ClassDeclaration","MyGdTcpClient","","public","TcpClient","admin-source/current/MyGdTcpClient.cs","6"
"admin","ClassDeclaration","NetClientFrom.BOSS挑战配置窗口","NetClientFrom","public","Form","admin-source/current/NetClientFrom/BOSS挑战配置窗口.cs","11"
"admin","ClassDeclaration","NetClientFrom.后台主页界面","NetClientFrom","public partial","","admin-source/current/NetClientFrom/CustomFeaturePages.cs","12"
"admin","ClassDeclaration","NetClientFrom.Program","NetClientFrom","internal static","","admin-source/current/NetClientFrom/Program.cs","10"
"admin","ClassDeclaration","NetClientFrom.Properties.Resources","NetClientFrom.Properties","internal","","admin-source/current/NetClientFrom/Properties/Resources.cs","10"
"admin","ClassDeclaration","NetClientFrom.Properties.Settings","NetClientFrom.Properties","internal sealed","ApplicationSettingsBase","admin-source/current/NetClientFrom/Properties/Settings.cs","7"
"admin","ClassDeclaration","NetClientFrom.元神_境界列表配置窗口","NetClientFrom","public","Form","admin-source/current/NetClientFrom/元神_境界列表配置窗口.cs","10"
"admin","ClassDeclaration","NetClientFrom.六道轮回配置窗口","NetClientFrom","public","Form","admin-source/current/NetClientFrom/六道轮回配置窗口.cs","9"
"admin","ClassDeclaration","NetClientFrom.南极抽奖配置窗口","NetClientFrom","public","Form","admin-source/current/NetClientFrom/南极抽奖配置窗口.cs","10"
"admin","ClassDeclaration","NetClientFrom.召唤精怪配置窗口","NetClientFrom","public","Form","admin-source/current/NetClientFrom/召唤精怪配置窗口.cs","10"
"admin","ClassDeclaration","NetClientFrom.后台主页界面","NetClientFrom","public partial","Form; INetworkHandle","admin-source/current/NetClientFrom/后台主页界面.cs","23"
"admin","ClassDeclaration","NetClientFrom.商城限购配置窗口","NetClientFrom","public","Form","admin-source/current/NetClientFrom/商城限购配置窗口.cs","10"
"admin","ClassDeclaration","NetClientFrom.喊话聊天配置窗口","NetClientFrom","public","Form","admin-source/current/NetClientFrom/喊话聊天配置窗口.cs","10"
"admin","ClassDeclaration","NetClientFrom.在线抽奖配置窗口","NetClientFrom","public","Form","admin-source/current/NetClientFrom/在线抽奖配置窗口.cs","10"
"admin","ClassDeclaration","NetClientFrom.大飞共生双属性窗口","NetClientFrom","public","Form","admin-source/current/NetClientFrom/大飞共生双属性窗口.cs","9"
"admin","ClassDeclaration","NetClientFrom.宠物召唤配置窗口","NetClientFrom","public","Form","admin-source/current/NetClientFrom/宠物召唤配置窗口.cs","9"
"admin","ClassDeclaration","NetClientFrom.宠物绑定配置窗口","NetClientFrom","public","Form","admin-source/current/NetClientFrom/宠物绑定配置窗口.cs","10"
"admin","ClassDeclaration","NetClientFrom.属性洗炼配置窗口","NetClientFrom","public","Form","admin-source/current/NetClientFrom/属性洗炼配置窗口.cs","10"
"admin","ClassDeclaration","NetClientFrom.异兽录配置窗口","NetClientFrom","public","Form","admin-source/current/NetClientFrom/异兽录配置窗口.cs","11"
"admin","ClassDeclaration","NetClientFrom.推荐拉人配置窗口","NetClientFrom","public","Form","admin-source/current/NetClientFrom/推荐拉人配置窗口.cs","9"
"admin","ClassDeclaration","NetClientFrom.无双争夺战配置窗口","NetClientFrom","public","Form","admin-source/current/NetClientFrom/无双争夺战配置窗口.cs","10"
"admin","ClassDeclaration","NetClientFrom.时装坐姿染色配置窗口","NetClientFrom","public","Form","admin-source/current/NetClientFrom/时装坐姿染色配置窗口.cs","10"
"admin","ClassDeclaration","NetClientFrom.更新内容窗口","NetClientFrom","public","Form","admin-source/current/NetClientFrom/更新内容窗口.cs","8"
"admin","ClassDeclaration","NetClientFrom.泡点设置","NetClientFrom","public","Form","admin-source/current/NetClientFrom/泡点设置.cs","9"
"admin","ClassDeclaration","NetClientFrom.活跃度奖励配置窗口","NetClientFrom","public","Form","admin-source/current/NetClientFrom/活跃度奖励配置窗口.cs","9"
"admin","ClassDeclaration","NetClientFrom.浮生录配置窗口","NetClientFrom","public","Form","admin-source/current/NetClientFrom/浮生录配置窗口.cs","10"
"admin","ClassDeclaration","NetClientFrom.燃煤同源转门派窗口","NetClientFrom","public","Form","admin-source/current/NetClientFrom/燃煤同源转门派窗口.cs","9"
"admin","ClassDeclaration","NetClientFrom.特权会员配置窗口","NetClientFrom","public","Form","admin-source/current/NetClientFrom/特权会员配置窗口.cs","9"
"admin","ClassDeclaration","NetClientFrom.百炼合成配置窗口","NetClientFrom","public","Form","admin-source/current/NetClientFrom/百炼合成配置窗口.cs","9"
"admin","ClassDeclaration","NetClientFrom.盲盒配置窗口","NetClientFrom","public","Form","admin-source/current/NetClientFrom/盲盒配置窗口.cs","10"
"admin","ClassDeclaration","NetClientFrom.礼包开元宝配置窗口","NetClientFrom","public","Form","admin-source/current/NetClientFrom/礼包开元宝配置窗口.cs","10"
"admin","ClassDeclaration","NetClientFrom.等级道行限制配置窗口","NetClientFrom","public","Form","admin-source/current/NetClientFrom/等级道行限制配置窗口.cs","9"
"admin","ClassDeclaration","NetClientFrom.签到配置窗口","NetClientFrom","public","Form","admin-source/current/NetClientFrom/签到配置窗口.cs","9"
"admin","ClassDeclaration","NetClientFrom.累充返利配置窗口","NetClientFrom","public","Form","admin-source/current/NetClientFrom/累充返利配置窗口.cs","9"
"admin","ClassDeclaration","NetClientFrom.自定义守护窗口","NetClientFrom","public","Form","admin-source/current/NetClientFrom/自定义守护窗口.cs","9"
"admin","ClassDeclaration","NetClientFrom.自定义邮箱配置窗口","NetClientFrom","public","Form","admin-source/current/NetClientFrom/自定义邮箱配置窗口.cs","10"
"admin","ClassDeclaration","NetClientFrom.自选礼包配置窗口","NetClientFrom","public","Form","admin-source/current/NetClientFrom/自选礼包配置窗口.cs","9"
"admin","ClassDeclaration","NetClientFrom.试道大会配置窗口","NetClientFrom","public","Form","admin-source/current/NetClientFrom/试道大会配置窗口.cs","10"
"admin","ClassDeclaration","NetClientFrom.调试数据窗口","NetClientFrom","public","Form","admin-source/current/NetClientFrom/调试数据窗口.cs","9"
"admin","ClassDeclaration","NetClientFrom.超级NPC配置窗口","NetClientFrom","public","Form","admin-source/current/NetClientFrom/超级NPC配置窗口.cs","11"
"admin","ClassDeclaration","NetClientFrom.超级地图配置窗口","NetClientFrom","public","Form","admin-source/current/NetClientFrom/超级地图配置窗口.cs","9"
"admin","ClassDeclaration","NetClientFrom.超级坐骑配置窗口","NetClientFrom","public","Form","admin-source/current/NetClientFrom/超级坐骑配置窗口.cs","9"
"admin","ClassDeclaration","NetClientFrom.超级道具配置窗口","NetClientFrom","public","Form","admin-source/current/NetClientFrom/超级道具配置窗口.cs","10"
"admin","ClassDeclaration","NetClientFrom.通天塔突破配置窗口","NetClientFrom","public","Form","admin-source/current/NetClientFrom/通天塔突破配置窗口.cs","10"
"admin","ClassDeclaration","NetClientFrom.道具宠物回收配置窗口","NetClientFrom","public","Form","admin-source/current/NetClientFrom/道具宠物回收配置窗口.cs","9"
"admin","ClassDeclaration","NetClientFrom.道行达标奖励配置窗口","NetClientFrom","public","Form","admin-source/current/NetClientFrom/道行达标奖励配置窗口.cs","10"
"admin","ClassDeclaration","NetClientFrom.限时副本地图配置窗口","NetClientFrom","public sealed","Form","admin-source/current/NetClientFrom/限时副本地图配置窗口.cs","10"
"admin","ClassDeclaration","NetClientFrom.限时副本配置","NetClientFrom","public sealed","","admin-source/current/NetClientFrom/限时副本地图配置窗口.cs","213"
"admin","ClassDeclaration","NetClientFrom.限时副本规则","NetClientFrom","public sealed","","admin-source/current/NetClientFrom/限时副本地图配置窗口.cs","219"
"admin","ClassDeclaration","StaticClassExtensions","","public static","","admin-source/current/StaticClassExtensions.cs","8"
"admin","ClassDeclaration","乾坤袋数据类","","public","","admin-source/current/乾坤袋数据类.cs","1"
"admin","ClassDeclaration","人物基础数据类","","public","","admin-source/current/人物基础数据类.cs","1"
"admin","ClassDeclaration","人物属性数据类","","public","","admin-source/current/人物属性数据类.cs","1"
"admin","ClassDeclaration","人物缓存数据类","","public","","admin-source/current/人物缓存数据类.cs","5"
"admin","ClassDeclaration","人物背包数据类","","public","","admin-source/current/人物背包数据类.cs","1"
"admin","ClassDeclaration","人物队伍数据类","","public","","admin-source/current/人物队伍数据类.cs","3"
"admin","ClassDeclaration","全局变量类","","public","Singleton<全局变量类>","admin-source/current/全局变量类.cs","10"
"admin","ClassDeclaration","六道轮回存档数据类","","public","","admin-source/current/六道轮回存档数据类.cs","1"
"admin","ClassDeclaration","召唤数据类","","public","","admin-source/current/召唤数据类.cs","1"
"admin","ClassDeclaration","奇宝斋存档类","","public","","admin-source/current/奇宝斋存档类.cs","1"
"admin","ClassDeclaration","妖族化形数据类","","public","","admin-source/current/妖族化形数据类.cs","1"
"admin","ClassDeclaration","定义菜单类","","public","Singleton<定义菜单类>","admin-source/current/定义菜单类.cs","4"
"admin","ClassDeclaration","宠物同源数据类","","public","","admin-source/current/宠物同源数据类.cs","1"
"admin","ClassDeclaration","宠物存档数据类","","public","","admin-source/current/宠物存档数据类.cs","3"
"admin","ClassDeclaration","宠物缓存数据类","","public","","admin-source/current/宠物缓存数据类.cs","3"
"admin","StructDeclaration","属性数据","","public","","admin-source/current/属性数据.cs","1"
"admin","ClassDeclaration","异兽录存档数据类","","public","","admin-source/current/异兽录存档数据类.cs","4"
"admin","ClassDeclaration","异兽录数据类","","public","","admin-source/current/异兽录数据类.cs","1"
"admin","ClassDeclaration","挑战BOSS数据类","","public","","admin-source/current/挑战BOSS数据类.cs","1"
"admin","ClassDeclaration","推荐拉人数据类","","public","","admin-source/current/推荐拉人数据类.cs","1"
"admin","ClassDeclaration","无双圣榜数据类","","public","","admin-source/current/无双圣榜数据类.cs","1"
"admin","ClassDeclaration","无双缓存数据类","","public","","admin-source/current/无双缓存数据类.cs","1"
"admin","ClassDeclaration","染色数据类","","public","","admin-source/current/染色数据类.cs","1"
"admin","ClassDeclaration","洗炼属性缓存列表类","","public","","admin-source/current/洗炼属性缓存列表类.cs","1"
"admin","ClassDeclaration","洗炼属性缓存数据类","","public","","admin-source/current/洗炼属性缓存数据类.cs","3"
"admin","ClassDeclaration","浮生属性加护类","","public","","admin-source/current/浮生属性加护类.cs","1"
"admin","ClassDeclaration","浮生录化身列表类","","public","","admin-source/current/浮生录化身列表类.cs","1"
"admin","ClassDeclaration","浮生录存档类","","public","","admin-source/current/浮生录存档类.cs","3"
"admin","ClassDeclaration","浮生录数据类","","public","","admin-source/current/浮生录数据类.cs","1"
"admin","ClassDeclaration","燃眉之急任务类","","public","","admin-source/current/燃眉之急任务类.cs","1"
"admin","ClassDeclaration","物品信息类","","public","","admin-source/current/物品信息类.cs","4"
"admin","ClassDeclaration","签到存档类","","public","","admin-source/current/签到存档类.cs","1"
"admin","ClassDeclaration","角色存档数据类","","public","","admin-source/current/角色存档数据类.cs","4"
"admin","ClassDeclaration","角色数据类","","public","","admin-source/current/角色数据类.cs","1"
"admin","ClassDeclaration","超级道具数据类","","public","","admin-source/current/超级道具数据类.cs","1"
"admin","ClassDeclaration","轮回转世属性存档","","public","","admin-source/current/轮回转世属性存档.cs","1"
"admin","ClassDeclaration","轮回转世数据类","","public","","admin-source/current/轮回转世数据类.cs","1"
"admin","ClassDeclaration","队伍成员数据类","","public","","admin-source/current/队伍成员数据类.cs","1"
"admin","ClassDeclaration","限时属性类","","public","","admin-source/current/限时属性类.cs","1"
"admin","ClassDeclaration","限购商城数据类","","public","","admin-source/current/限购商城数据类.cs","1"
"admin","ClassDeclaration","额外附加属性类","","public","","admin-source/current/额外附加属性类.cs","1"
